  {
  "model": {
       "type": "minecraft:condition",
         "on_false": {
    "type": "minecraft:model",
  "model": "item/bow/flint_pistol"
  },
   "on_true": {
          "type": "minecraft:range_dispatch",
    "entries": [
  {
   "model": {
 "type": "minecraft:model",
     "model": "item/bowpull/flint_pistol_pulling_1"
    },
           "threshold": 0.65
   },
     {
 "model": {
     "type": "minecraft:model",
         "model": "item/bowpull/flint_pistol_pulling_2"
    },
    "threshold": 0.9
  }
      ],
  "fallback": {
 "type": "minecraft:model",
       "model": "item/bowpull/flint_pistol_pulling_0"
},
 "property": "minecraft:use_duration",
 "scale": 0.05
 },
     "property": "minecraft:using_item"
    }
}
