{
	"credit": "Made with Blockbench",
	"texture_size": [32, 32],
	"textures": {
		"1": "./traveler_sword"
	},
	"elements": [
		{
			"from": [6.99, -1.01, 6.49],
			"to": [9.01, 2.01, 9.51],
			"rotation": {"angle": 45, "axis": "x", "origin": [8, 0.5, 8]},
			"faces": {
				"north": {"uv": [7, 0, 8, 1.5], "texture": "#1"},
				"east": {"uv": [9.5, 0, 8, 1.5], "texture": "#1"},
				"south": {"uv": [9.5, 0, 10.5, 1.5], "texture": "#1"},
				"west": {"uv": [8, 0, 9.5, 1.5], "texture": "#1"},
				"up": {"uv": [7, 0, 8, 1.5], "texture": "#1"},
				"down": {"uv": [9.5, 1.5, 10.5, 0], "texture": "#1"}
			}
		},
		{
			"from": [7, 1, 7],
			"to": [9, 16, 9],
			"rotation": {"angle": 0, "axis": "y", "origin": [8, 0.5, 8]},
			"faces": {
				"north": {"uv": [16, 0, 15, 7.5], "texture": "#1"},
				"east": {"uv": [15, 0, 16, 7.5], "texture": "#1"},
				"south": {"uv": [16, 0, 15, 7.5], "texture": "#1"},
				"west": {"uv": [15, 0, 16, 7.5], "texture": "#1"},
				"up": {"uv": [15, 7.5, 16, 8.5], "texture": "#1"},
				"down": {"uv": [15, 7.5, 16, 8.5], "texture": "#1"}
			}
		},
		{
			"from": [8, 7, 3.5],
			"to": [8, 32, 12.5],
			"rotation": {"angle": 0, "axis": "y", "origin": [8, 1.5, 8]},
			"faces": {
				"north": {"uv": [0, 0, 0, 12.5], "texture": "#1"},
				"east": {"uv": [4.5, 0, 0, 12.5], "texture": "#1"},
				"south": {"uv": [0, 0, 0, 12.5], "texture": "#1"},
				"west": {"uv": [0, 0, 4.5, 12.5], "texture": "#1"},
				"up": {"uv": [0, 0, 0, 4], "texture": "#1"},
				"down": {"uv": [0, 0, 0, 4], "texture": "#1"}
			}
		},
		{
			"from": [6.99, 8.99, 8.49],
			"to": [9.01, 12.01, 13.51],
			"rotation": {"angle": 45, "axis": "x", "origin": [8, 10.5, 8]},
			"faces": {
				"north": {"uv": [14, 0, 15, 1.5], "rotation": 180, "texture": "#1"},
				"east": {"uv": [14, 0, 11.5, 1.5], "rotation": 180, "texture": "#1"},
				"south": {"uv": [10.5, 0, 11.5, 1.5], "rotation": 180, "texture": "#1"},
				"west": {"uv": [11.5, 0, 14, 1.5], "rotation": 180, "texture": "#1"},
				"up": {"uv": [14, 1.5, 15, 4], "texture": "#1"},
				"down": {"uv": [13, 4, 14, 1.5], "texture": "#1"}
			}
		},
		{
			"from": [7.999, 8.999, 13.499],
			"to": [8.001, 11.001, 16.501],
			"rotation": {"angle": 45, "axis": "x", "origin": [8, 10.5, 8]},
			"faces": {
				"north": {"uv": [13, 1.5, 13, 2.5], "texture": "#1"},
				"east": {"uv": [11.5, 1.5, 13, 2.5], "texture": "#1"},
				"south": {"uv": [11.5, 1.5, 11.5, 2.5], "texture": "#1"},
				"west": {"uv": [13, 1.5, 11.5, 2.5], "texture": "#1"},
				"up": {"uv": [13, 3, 13, 1.5], "rotation": 180, "texture": "#1"},
				"down": {"uv": [13, 1.5, 13, 3], "rotation": 180, "texture": "#1"}
			}
		}
	],
	"display": {
		"thirdperson_righthand": {
			"rotation": [0, 180, 0],
			"translation": [0, 3, 1.75],
			"scale": [1.3, 1.3, 1.3]
		},
		"thirdperson_lefthand": {
			"rotation": [0, 180, 0],
			"translation": [0, 3.75, 1.75],
			"scale": [1.3, 1.3, 1.3]
		},
		"firstperson_righthand": {
			"rotation": [22.5, 180, 0],
			"translation": [3, 2, -1],
			"scale": [1.3, 1.3, 1.3]
		},
		"firstperson_lefthand": {
			"rotation": [22.5, 180, 0],
			"translation": [3, 2, -1],
			"scale": [1.3, 1.3, 1.3]
		},
		"ground": {
			"rotation": [0, 180, 11.25],
			"translation": [0, 6, 0],
			"scale": [1.3, 1.3, 1.3]
		},
		"gui": {
			"rotation": [56.25, 39.375, -67.5],
			"translation": [-3.25, -3, 0],
			"scale": [0.6, 0.6, 0.6]
		},
		"head": {
			"rotation": [-90, 180, 0],
			"translation": [0, 0.25, -4.25],
			"scale": [1.3, 1.3, 1.3]
		},
		"fixed": {
			"rotation": [90, -90, 90],
			"translation": [0, -16, -0.01],
			"scale": [2, 2, 2]
		}
	},
	"groups": [
		{
			"name": "group",
			"origin": [8, 8, 8],
			"color": 0,
			"children": [0, 1, 2, 3, 4]
		}
	]
}