{
	"credit": "Made by CuDsan",
	"ambientocclusion": false,
	"textures": {
		"particle": "block/acacia_door_bottom",
		"bottom": "block/acacia_door_bottom"
	},
	"elements": [
		{
			"from": [0, 0, 0],
			"to": [3, 16, 16],
			"faces": {
				"north": {"uv": [3, 0, 0, 16], "texture": "#bottom", "cullface": "north"},
				"east": {"uv": [0, 0, 16, 16], "texture": "#bottom"},
				"south": {"uv": [0, 0, 3, 16], "texture": "#bottom", "cullface": "south"},
				"west": {"uv": [16, 0, 0, 16], "texture": "#bottom", "cullface": "west"},
				"down": {"uv": [0, 13, 16, 16], "rotation": 90, "texture": "#bottom", "cullface": "down"}
			}
		},
		{
			"from": [0, 3, 3],
			"to": [3, 3, 5],
			"rotation": {"angle": 0, "axis": "y", "origin": [1.5, 9, 8]},
			"faces": {
				"north": {"uv": [0, 0, 3, 0], "texture": "#bottom"},
				"east": {"uv": [0, 0, 2, 0], "texture": "#bottom"},
				"south": {"uv": [0, 0, 3, 0], "texture": "#bottom"},
				"west": {"uv": [0, 0, 2, 0], "texture": "#bottom"},
				"up": {"uv": [5, 13, 3, 16], "rotation": 270, "texture": "#bottom"},
				"down": {"uv": [3, 13, 5, 16], "rotation": 90, "texture": "#bottom"}
			}
		},
		{
			"from": [0, 15, 3],
			"to": [3, 15, 5],
			"rotation": {"angle": 0, "axis": "y", "origin": [1.5, 9, 8]},
			"faces": {
				"north": {"uv": [0, 0, 3, 0], "texture": "#bottom"},
				"east": {"uv": [0, 0, 2, 0], "texture": "#bottom"},
				"south": {"uv": [0, 0, 3, 0], "texture": "#bottom"},
				"west": {"uv": [0, 0, 2, 0], "texture": "#bottom"},
				"up": {"uv": [5, 13, 3, 16], "rotation": 270, "texture": "#bottom"},
				"down": {"uv": [3, 13, 5, 16], "rotation": 90, "texture": "#bottom"}
			}
		},
		{
			"from": [0, 3, 3],
			"to": [3, 15, 3],
			"rotation": {"angle": 0, "axis": "y", "origin": [1.5, 9, 8]},
			"faces": {
				"north": {"uv": [13, 1, 16, 13], "texture": "#bottom"},
				"east": {"uv": [0, 0, 0, 12], "texture": "#bottom"},
				"south": {"uv": [16, 14, 13, 2], "texture": "#bottom"},
				"west": {"uv": [0, 0, 0, 12], "texture": "#bottom"},
				"up": {"uv": [0, 0, 3, 0], "texture": "#bottom"},
				"down": {"uv": [0, 0, 3, 0], "texture": "#bottom"}
			}
		},
		{
			"from": [0, 3, 5],
			"to": [3, 15, 5],
			"rotation": {"angle": 0, "axis": "y", "origin": [1.5, 9, 8]},
			"faces": {
				"north": {"uv": [13, 1, 16, 13], "texture": "#bottom"},
				"east": {"uv": [0, 0, 0, 12], "texture": "#bottom"},
				"south": {"uv": [16, 14, 13, 2], "texture": "#bottom"},
				"west": {"uv": [0, 0, 0, 12], "texture": "#bottom"},
				"up": {"uv": [0, 0, 3, 0], "texture": "#bottom"},
				"down": {"uv": [0, 0, 3, 0], "texture": "#bottom"}
			}
		},
		{
			"from": [0, 3, 7],
			"to": [3, 3, 9],
			"rotation": {"angle": 0, "axis": "y", "origin": [1.5, 9, 8]},
			"faces": {
				"north": {"uv": [0, 0, 3, 0], "texture": "#bottom"},
				"east": {"uv": [0, 0, 2, 0], "texture": "#bottom"},
				"south": {"uv": [0, 0, 3, 0], "texture": "#bottom"},
				"west": {"uv": [0, 0, 2, 0], "texture": "#bottom"},
				"up": {"uv": [5, 13, 3, 16], "rotation": 270, "texture": "#bottom"},
				"down": {"uv": [3, 13, 5, 16], "rotation": 90, "texture": "#bottom"}
			}
		},
		{
			"from": [0, 15, 7],
			"to": [3, 15, 9],
			"rotation": {"angle": 0, "axis": "y", "origin": [1.5, 9, 8]},
			"faces": {
				"north": {"uv": [0, 0, 3, 0], "texture": "#bottom"},
				"east": {"uv": [0, 0, 2, 0], "texture": "#bottom"},
				"south": {"uv": [0, 0, 3, 0], "texture": "#bottom"},
				"west": {"uv": [0, 0, 2, 0], "texture": "#bottom"},
				"up": {"uv": [5, 13, 3, 16], "rotation": 270, "texture": "#bottom"},
				"down": {"uv": [3, 13, 5, 16], "rotation": 90, "texture": "#bottom"}
			}
		},
		{
			"from": [0, 3, 7],
			"to": [3, 15, 7],
			"rotation": {"angle": 0, "axis": "y", "origin": [1.5, 9, 8]},
			"faces": {
				"north": {"uv": [13, 1, 16, 13], "texture": "#bottom"},
				"east": {"uv": [0, 0, 0, 12], "texture": "#bottom"},
				"south": {"uv": [16, 14, 13, 2], "texture": "#bottom"},
				"west": {"uv": [0, 0, 0, 12], "texture": "#bottom"},
				"up": {"uv": [0, 0, 3, 0], "texture": "#bottom"},
				"down": {"uv": [0, 0, 3, 0], "texture": "#bottom"}
			}
		},
		{
			"from": [0, 3, 9],
			"to": [3, 15, 9],
			"rotation": {"angle": 0, "axis": "y", "origin": [1.5, 9, 8]},
			"faces": {
				"north": {"uv": [13, 1, 16, 13], "texture": "#bottom"},
				"east": {"uv": [0, 0, 0, 12], "texture": "#bottom"},
				"south": {"uv": [16, 14, 13, 2], "texture": "#bottom"},
				"west": {"uv": [0, 0, 0, 12], "texture": "#bottom"},
				"up": {"uv": [0, 0, 3, 0], "texture": "#bottom"},
				"down": {"uv": [0, 0, 3, 0], "texture": "#bottom"}
			}
		},
		{
			"from": [0, 3, 11],
			"to": [3, 3, 13],
			"rotation": {"angle": 0, "axis": "y", "origin": [1.5, 9, 8]},
			"faces": {
				"north": {"uv": [0, 0, 3, 0], "texture": "#bottom"},
				"east": {"uv": [0, 0, 2, 0], "texture": "#bottom"},
				"south": {"uv": [0, 0, 3, 0], "texture": "#bottom"},
				"west": {"uv": [0, 0, 2, 0], "texture": "#bottom"},
				"up": {"uv": [5, 13, 3, 16], "rotation": 270, "texture": "#bottom"},
				"down": {"uv": [3, 13, 5, 16], "rotation": 90, "texture": "#bottom"}
			}
		},
		{
			"from": [0, 15, 11],
			"to": [3, 15, 13],
			"rotation": {"angle": 0, "axis": "y", "origin": [1.5, 9, 8]},
			"faces": {
				"north": {"uv": [0, 0, 3, 0], "texture": "#bottom"},
				"east": {"uv": [0, 0, 2, 0], "texture": "#bottom"},
				"south": {"uv": [0, 0, 3, 0], "texture": "#bottom"},
				"west": {"uv": [0, 0, 2, 0], "texture": "#bottom"},
				"up": {"uv": [5, 13, 3, 16], "rotation": 270, "texture": "#bottom"},
				"down": {"uv": [3, 13, 5, 16], "rotation": 90, "texture": "#bottom"}
			}
		},
		{
			"from": [0, 3, 11],
			"to": [3, 15, 11],
			"rotation": {"angle": 0, "axis": "y", "origin": [1.5, 9, 8]},
			"faces": {
				"north": {"uv": [13, 1, 16, 13], "texture": "#bottom"},
				"east": {"uv": [0, 0, 0, 12], "texture": "#bottom"},
				"south": {"uv": [16, 14, 13, 2], "texture": "#bottom"},
				"west": {"uv": [0, 0, 0, 12], "texture": "#bottom"},
				"up": {"uv": [0, 0, 3, 0], "texture": "#bottom"},
				"down": {"uv": [0, 0, 3, 0], "texture": "#bottom"}
			}
		},
		{
			"from": [0, 3, 13],
			"to": [3, 15, 13],
			"rotation": {"angle": 0, "axis": "y", "origin": [1.5, 9, 8]},
			"faces": {
				"north": {"uv": [13, 1, 16, 13], "texture": "#bottom"},
				"east": {"uv": [0, 0, 0, 12], "texture": "#bottom"},
				"south": {"uv": [16, 14, 13, 2], "texture": "#bottom"},
				"west": {"uv": [0, 0, 0, 12], "texture": "#bottom"},
				"up": {"uv": [0, 0, 3, 0], "texture": "#bottom"},
				"down": {"uv": [0, 0, 3, 0], "texture": "#bottom"}
			}
		}
	],
	"groups": [
		0,
		{
			"name": "group",
			"origin": [1.5, 9, 8],
			"color": 0,
			"nbt": "{}",
			"children": [1, 2, 3, 4, 5, 6, 7, 8, 9, 10, 11, 12]
		}
	]
}