{
	"credit": "Made by CuDsan",
	"ambientocclusion": false,
	"textures": {
		"particle": "block/bamboo_door_top",
		"top": "block/bamboo_door_top"
	},
	"elements": [
		{
			"from": [0, 0, 0],
			"to": [3, 16, 16],
			"faces": {
				"north": {"uv": [0, 0, 3, 16], "texture": "#top", "cullface": "north"},
				"east": {"uv": [0, 0, 16, 16], "texture": "#top"},
				"south": {"uv": [0, 0, 3, 16], "texture": "#top", "cullface": "south"},
				"west": {"uv": [16, 0, 0, 16], "texture": "#top", "cullface": "west"},
				"up": {"uv": [0, 3, 16, 0], "rotation": 270, "texture": "#top", "cullface": "up"}
			}
		},
		{
			"from": [3, 1, 4],
			"to": [0, 1, 5],
			"rotation": {"angle": 0, "axis": "y", "origin": [1.5, 6.5, 8]},
			"faces": {
				"north": {"uv": [0, 0, 3, 0], "texture": "#top"},
				"east": {"uv": [0, 0, 1, 0], "texture": "#top"},
				"south": {"uv": [0, 0, 3, 0], "texture": "#top"},
				"west": {"uv": [0, 0, 1, 0], "texture": "#top"},
				"up": {"uv": [1, 2, 4, 3], "rotation": 180, "texture": "#top"},
				"down": {"uv": [1, 2, 4, 3], "rotation": 180, "texture": "#top"}
			}
		},
		{
			"from": [3, 3, 6],
			"to": [0, 3, 10],
			"rotation": {"angle": 0, "axis": "y", "origin": [1.5, 6.5, 8]},
			"faces": {
				"north": {"uv": [0, 0, 3, 0], "texture": "#top"},
				"east": {"uv": [0, 0, 4, 0], "texture": "#top"},
				"south": {"uv": [0, 0, 3, 0], "texture": "#top"},
				"west": {"uv": [0, 0, 4, 0], "texture": "#top"},
				"up": {"uv": [6, 0, 10, 3], "rotation": 90, "texture": "#top"},
				"down": {"uv": [6, 0, 10, 3], "rotation": 270, "texture": "#top"}
			}
		},
		{
			"from": [3, 10, 6],
			"to": [0, 10, 10],
			"rotation": {"angle": 0, "axis": "y", "origin": [1.5, 6.5, 8]},
			"faces": {
				"north": {"uv": [0, 0, 3, 0], "texture": "#top"},
				"east": {"uv": [0, 0, 4, 0], "texture": "#top"},
				"south": {"uv": [0, 0, 3, 0], "texture": "#top"},
				"west": {"uv": [0, 0, 4, 0], "texture": "#top"},
				"up": {"uv": [6, 0, 10, 3], "rotation": 90, "texture": "#top"},
				"down": {"uv": [6, 0, 10, 3], "rotation": 270, "texture": "#top"}
			}
		},
		{
			"from": [3, 3, 10],
			"to": [0, 10, 10],
			"rotation": {"angle": 0, "axis": "y", "origin": [1.5, 6.5, 8]},
			"faces": {
				"north": {"uv": [1, 4, 4, 11], "texture": "#top"},
				"east": {"uv": [0, 0, 0, 7], "texture": "#top"},
				"south": {"uv": [1, 4, 4, 11], "texture": "#top"},
				"west": {"uv": [0, 0, 0, 7], "texture": "#top"},
				"up": {"uv": [0, 0, 3, 0], "rotation": 180, "texture": "#top"},
				"down": {"uv": [0, 0, 3, 0], "rotation": 180, "texture": "#top"}
			}
		},
		{
			"from": [3, 3, 6],
			"to": [0, 10, 6],
			"rotation": {"angle": 0, "axis": "y", "origin": [1.5, 6.5, 8]},
			"faces": {
				"north": {"uv": [1, 4, 4, 11], "texture": "#top"},
				"east": {"uv": [0, 0, 0, 7], "texture": "#top"},
				"south": {"uv": [1, 4, 4, 11], "texture": "#top"},
				"west": {"uv": [0, 0, 0, 7], "texture": "#top"},
				"up": {"uv": [0, 0, 3, 0], "rotation": 180, "texture": "#top"},
				"down": {"uv": [0, 0, 3, 0], "rotation": 180, "texture": "#top"}
			}
		},
		{
			"from": [3, 11, 6],
			"to": [0, 11, 10],
			"rotation": {"angle": 0, "axis": "y", "origin": [1.5, 6.5, 8]},
			"faces": {
				"north": {"uv": [0, 0, 3, 0], "texture": "#top"},
				"east": {"uv": [0, 0, 4, 0], "texture": "#top"},
				"south": {"uv": [0, 0, 3, 0], "texture": "#top"},
				"west": {"uv": [0, 0, 4, 0], "texture": "#top"},
				"up": {"uv": [6, 0, 10, 3], "rotation": 90, "texture": "#top"},
				"down": {"uv": [6, 0, 10, 3], "rotation": 270, "texture": "#top"}
			}
		},
		{
			"from": [3, 12, 6],
			"to": [0, 12, 10],
			"rotation": {"angle": 0, "axis": "y", "origin": [1.5, 6.5, 8]},
			"faces": {
				"north": {"uv": [0, 0, 3, 0], "texture": "#top"},
				"east": {"uv": [0, 0, 4, 0], "texture": "#top"},
				"south": {"uv": [0, 0, 3, 0], "texture": "#top"},
				"west": {"uv": [0, 0, 4, 0], "texture": "#top"},
				"up": {"uv": [6, 0, 10, 3], "rotation": 90, "texture": "#top"},
				"down": {"uv": [6, 0, 10, 3], "rotation": 270, "texture": "#top"}
			}
		},
		{
			"from": [3, 1, 6],
			"to": [0, 1, 10],
			"rotation": {"angle": 0, "axis": "y", "origin": [1.5, 6.5, 8]},
			"faces": {
				"north": {"uv": [0, 0, 3, 0], "texture": "#top"},
				"east": {"uv": [0, 0, 4, 0], "texture": "#top"},
				"south": {"uv": [0, 0, 3, 0], "texture": "#top"},
				"west": {"uv": [0, 0, 4, 0], "texture": "#top"},
				"up": {"uv": [6, 0, 10, 3], "rotation": 90, "texture": "#top"},
				"down": {"uv": [6, 0, 10, 3], "rotation": 270, "texture": "#top"}
			}
		},
		{
			"from": [3, 2, 6],
			"to": [0, 2, 10],
			"rotation": {"angle": 0, "axis": "y", "origin": [1.5, 6.5, 8]},
			"faces": {
				"north": {"uv": [0, 0, 3, 0], "texture": "#top"},
				"east": {"uv": [0, 0, 4, 0], "texture": "#top"},
				"south": {"uv": [0, 0, 3, 0], "texture": "#top"},
				"west": {"uv": [0, 0, 4, 0], "texture": "#top"},
				"up": {"uv": [6, 0, 10, 3], "rotation": 90, "texture": "#top"},
				"down": {"uv": [6, 0, 10, 3], "rotation": 270, "texture": "#top"}
			}
		},
		{
			"from": [3, 11, 10],
			"to": [0, 12, 10],
			"rotation": {"angle": 0, "axis": "y", "origin": [1.5, 6.5, 8]},
			"faces": {
				"north": {"uv": [1, 1, 4, 2], "texture": "#top"},
				"east": {"uv": [0, 0, 0, 1], "texture": "#top"},
				"south": {"uv": [1, 1, 4, 2], "texture": "#top"},
				"west": {"uv": [0, 0, 0, 1], "texture": "#top"},
				"up": {"uv": [1, 1, 4, 1], "rotation": 180, "texture": "#top"},
				"down": {"uv": [1, 1, 4, 1], "rotation": 180, "texture": "#top"}
			}
		},
		{
			"from": [3, 11, 6],
			"to": [0, 12, 6],
			"rotation": {"angle": 0, "axis": "y", "origin": [1.5, 6.5, 8]},
			"faces": {
				"north": {"uv": [1, 1, 4, 2], "texture": "#top"},
				"east": {"uv": [0, 0, 0, 1], "texture": "#top"},
				"south": {"uv": [1, 1, 4, 2], "texture": "#top"},
				"west": {"uv": [0, 0, 0, 1], "texture": "#top"},
				"up": {"uv": [1, 1, 4, 1], "rotation": 180, "texture": "#top"},
				"down": {"uv": [1, 1, 4, 1], "rotation": 180, "texture": "#top"}
			}
		},
		{
			"from": [3, 1, 10],
			"to": [0, 2, 10],
			"rotation": {"angle": 0, "axis": "y", "origin": [1.5, 6.5, 8]},
			"faces": {
				"north": {"uv": [1, 1, 4, 2], "texture": "#top"},
				"east": {"uv": [0, 0, 0, 1], "texture": "#top"},
				"south": {"uv": [1, 1, 4, 2], "texture": "#top"},
				"west": {"uv": [0, 0, 0, 1], "texture": "#top"},
				"up": {"uv": [1, 1, 4, 1], "rotation": 180, "texture": "#top"},
				"down": {"uv": [1, 1, 4, 1], "rotation": 180, "texture": "#top"}
			}
		},
		{
			"from": [3, 1, 6],
			"to": [0, 2, 6],
			"rotation": {"angle": 0, "axis": "y", "origin": [1.5, 6.5, 8]},
			"faces": {
				"north": {"uv": [1, 1, 4, 2], "texture": "#top"},
				"east": {"uv": [0, 0, 0, 1], "texture": "#top"},
				"south": {"uv": [1, 1, 4, 2], "texture": "#top"},
				"west": {"uv": [0, 0, 0, 1], "texture": "#top"},
				"up": {"uv": [1, 1, 4, 1], "rotation": 180, "texture": "#top"},
				"down": {"uv": [1, 1, 4, 1], "rotation": 180, "texture": "#top"}
			}
		},
		{
			"from": [3, 11, 12],
			"to": [0, 12, 12],
			"rotation": {"angle": 0, "axis": "y", "origin": [1.5, 6.5, 8]},
			"faces": {
				"north": {"uv": [1, 1, 4, 2], "texture": "#top"},
				"east": {"uv": [0, 0, 0, 1], "texture": "#top"},
				"south": {"uv": [1, 1, 4, 2], "texture": "#top"},
				"west": {"uv": [0, 0, 0, 1], "texture": "#top"},
				"up": {"uv": [1, 1, 4, 1], "rotation": 180, "texture": "#top"},
				"down": {"uv": [1, 1, 4, 1], "rotation": 180, "texture": "#top"}
			}
		},
		{
			"from": [3, 11, 11],
			"to": [0, 12, 11],
			"rotation": {"angle": 0, "axis": "y", "origin": [1.5, 6.5, 8]},
			"faces": {
				"north": {"uv": [1, 1, 4, 2], "texture": "#top"},
				"east": {"uv": [0, 0, 0, 1], "texture": "#top"},
				"south": {"uv": [1, 1, 4, 2], "texture": "#top"},
				"west": {"uv": [0, 0, 0, 1], "texture": "#top"},
				"up": {"uv": [1, 1, 4, 1], "rotation": 180, "texture": "#top"},
				"down": {"uv": [1, 1, 4, 1], "rotation": 180, "texture": "#top"}
			}
		},
		{
			"from": [3, 11, 11],
			"to": [0, 11, 12],
			"rotation": {"angle": 0, "axis": "y", "origin": [1.5, 6.5, 8]},
			"faces": {
				"north": {"uv": [0, 0, 3, 0], "texture": "#top"},
				"east": {"uv": [0, 0, 1, 0], "texture": "#top"},
				"south": {"uv": [0, 0, 3, 0], "texture": "#top"},
				"west": {"uv": [0, 0, 1, 0], "texture": "#top"},
				"up": {"uv": [1, 2, 4, 3], "rotation": 180, "texture": "#top"},
				"down": {"uv": [1, 2, 4, 3], "rotation": 180, "texture": "#top"}
			}
		},
		{
			"from": [3, 12, 11],
			"to": [0, 12, 12],
			"rotation": {"angle": 0, "axis": "y", "origin": [1.5, 6.5, 8]},
			"faces": {
				"north": {"uv": [0, 0, 3, 0], "texture": "#top"},
				"east": {"uv": [0, 0, 1, 0], "texture": "#top"},
				"south": {"uv": [0, 0, 3, 0], "texture": "#top"},
				"west": {"uv": [0, 0, 1, 0], "texture": "#top"},
				"up": {"uv": [1, 2, 4, 3], "rotation": 180, "texture": "#top"},
				"down": {"uv": [1, 2, 4, 3], "rotation": 180, "texture": "#top"}
			}
		},
		{
			"from": [3, 9, 12],
			"to": [0, 10, 12],
			"rotation": {"angle": 0, "axis": "y", "origin": [1.5, 6.5, 8]},
			"faces": {
				"north": {"uv": [1, 1, 4, 2], "texture": "#top"},
				"east": {"uv": [0, 0, 0, 1], "texture": "#top"},
				"south": {"uv": [1, 1, 4, 2], "texture": "#top"},
				"west": {"uv": [0, 0, 0, 1], "texture": "#top"},
				"up": {"uv": [1, 1, 4, 1], "rotation": 180, "texture": "#top"},
				"down": {"uv": [1, 1, 4, 1], "rotation": 180, "texture": "#top"}
			}
		},
		{
			"from": [3, 9, 11],
			"to": [0, 10, 11],
			"rotation": {"angle": 0, "axis": "y", "origin": [1.5, 6.5, 8]},
			"faces": {
				"north": {"uv": [1, 1, 4, 2], "texture": "#top"},
				"east": {"uv": [0, 0, 0, 1], "texture": "#top"},
				"south": {"uv": [1, 1, 4, 2], "texture": "#top"},
				"west": {"uv": [0, 0, 0, 1], "texture": "#top"},
				"up": {"uv": [1, 1, 4, 1], "rotation": 180, "texture": "#top"},
				"down": {"uv": [1, 1, 4, 1], "rotation": 180, "texture": "#top"}
			}
		},
		{
			"from": [3, 9, 11],
			"to": [0, 9, 12],
			"rotation": {"angle": 0, "axis": "y", "origin": [1.5, 6.5, 8]},
			"faces": {
				"north": {"uv": [0, 0, 3, 0], "texture": "#top"},
				"east": {"uv": [0, 0, 1, 0], "texture": "#top"},
				"south": {"uv": [0, 0, 3, 0], "texture": "#top"},
				"west": {"uv": [0, 0, 1, 0], "texture": "#top"},
				"up": {"uv": [1, 2, 4, 3], "rotation": 180, "texture": "#top"},
				"down": {"uv": [1, 2, 4, 3], "rotation": 180, "texture": "#top"}
			}
		},
		{
			"from": [3, 10, 11],
			"to": [0, 10, 12],
			"rotation": {"angle": 0, "axis": "y", "origin": [1.5, 6.5, 8]},
			"faces": {
				"north": {"uv": [0, 0, 3, 0], "texture": "#top"},
				"east": {"uv": [0, 0, 1, 0], "texture": "#top"},
				"south": {"uv": [0, 0, 3, 0], "texture": "#top"},
				"west": {"uv": [0, 0, 1, 0], "texture": "#top"},
				"up": {"uv": [1, 2, 4, 3], "rotation": 180, "texture": "#top"},
				"down": {"uv": [1, 2, 4, 3], "rotation": 180, "texture": "#top"}
			}
		},
		{
			"from": [3, 7, 12],
			"to": [0, 8, 12],
			"rotation": {"angle": 0, "axis": "y", "origin": [1.5, 6.5, 8]},
			"faces": {
				"north": {"uv": [1, 1, 4, 2], "texture": "#top"},
				"east": {"uv": [0, 0, 0, 1], "texture": "#top"},
				"south": {"uv": [1, 1, 4, 2], "texture": "#top"},
				"west": {"uv": [0, 0, 0, 1], "texture": "#top"},
				"up": {"uv": [1, 1, 4, 1], "rotation": 180, "texture": "#top"},
				"down": {"uv": [1, 1, 4, 1], "rotation": 180, "texture": "#top"}
			}
		},
		{
			"from": [3, 7, 11],
			"to": [0, 8, 11],
			"rotation": {"angle": 0, "axis": "y", "origin": [1.5, 6.5, 8]},
			"faces": {
				"north": {"uv": [1, 1, 4, 2], "texture": "#top"},
				"east": {"uv": [0, 0, 0, 1], "texture": "#top"},
				"south": {"uv": [1, 1, 4, 2], "texture": "#top"},
				"west": {"uv": [0, 0, 0, 1], "texture": "#top"},
				"up": {"uv": [1, 1, 4, 1], "rotation": 180, "texture": "#top"},
				"down": {"uv": [1, 1, 4, 1], "rotation": 180, "texture": "#top"}
			}
		},
		{
			"from": [3, 7, 11],
			"to": [0, 7, 12],
			"rotation": {"angle": 0, "axis": "y", "origin": [1.5, 6.5, 8]},
			"faces": {
				"north": {"uv": [0, 0, 3, 0], "texture": "#top"},
				"east": {"uv": [0, 0, 1, 0], "texture": "#top"},
				"south": {"uv": [0, 0, 3, 0], "texture": "#top"},
				"west": {"uv": [0, 0, 1, 0], "texture": "#top"},
				"up": {"uv": [1, 2, 4, 3], "rotation": 180, "texture": "#top"},
				"down": {"uv": [1, 2, 4, 3], "rotation": 180, "texture": "#top"}
			}
		},
		{
			"from": [3, 8, 11],
			"to": [0, 8, 12],
			"rotation": {"angle": 0, "axis": "y", "origin": [1.5, 6.5, 8]},
			"faces": {
				"north": {"uv": [0, 0, 3, 0], "texture": "#top"},
				"east": {"uv": [0, 0, 1, 0], "texture": "#top"},
				"south": {"uv": [0, 0, 3, 0], "texture": "#top"},
				"west": {"uv": [0, 0, 1, 0], "texture": "#top"},
				"up": {"uv": [1, 2, 4, 3], "rotation": 180, "texture": "#top"},
				"down": {"uv": [1, 2, 4, 3], "rotation": 180, "texture": "#top"}
			}
		},
		{
			"from": [3, 5, 12],
			"to": [0, 6, 12],
			"rotation": {"angle": 0, "axis": "y", "origin": [1.5, 6.5, 8]},
			"faces": {
				"north": {"uv": [1, 1, 4, 2], "texture": "#top"},
				"east": {"uv": [0, 0, 0, 1], "texture": "#top"},
				"south": {"uv": [1, 1, 4, 2], "texture": "#top"},
				"west": {"uv": [0, 0, 0, 1], "texture": "#top"},
				"up": {"uv": [1, 1, 4, 1], "rotation": 180, "texture": "#top"},
				"down": {"uv": [1, 1, 4, 1], "rotation": 180, "texture": "#top"}
			}
		},
		{
			"from": [3, 5, 11],
			"to": [0, 6, 11],
			"rotation": {"angle": 0, "axis": "y", "origin": [1.5, 6.5, 8]},
			"faces": {
				"north": {"uv": [1, 1, 4, 2], "texture": "#top"},
				"east": {"uv": [0, 0, 0, 1], "texture": "#top"},
				"south": {"uv": [1, 1, 4, 2], "texture": "#top"},
				"west": {"uv": [0, 0, 0, 1], "texture": "#top"},
				"up": {"uv": [1, 1, 4, 1], "rotation": 180, "texture": "#top"},
				"down": {"uv": [1, 1, 4, 1], "rotation": 180, "texture": "#top"}
			}
		},
		{
			"from": [3, 5, 11],
			"to": [0, 5, 12],
			"rotation": {"angle": 0, "axis": "y", "origin": [1.5, 6.5, 8]},
			"faces": {
				"north": {"uv": [0, 0, 3, 0], "texture": "#top"},
				"east": {"uv": [0, 0, 1, 0], "texture": "#top"},
				"south": {"uv": [0, 0, 3, 0], "texture": "#top"},
				"west": {"uv": [0, 0, 1, 0], "texture": "#top"},
				"up": {"uv": [1, 2, 4, 3], "rotation": 180, "texture": "#top"},
				"down": {"uv": [1, 2, 4, 3], "rotation": 180, "texture": "#top"}
			}
		},
		{
			"from": [3, 6, 11],
			"to": [0, 6, 12],
			"rotation": {"angle": 0, "axis": "y", "origin": [1.5, 6.5, 8]},
			"faces": {
				"north": {"uv": [0, 0, 3, 0], "texture": "#top"},
				"east": {"uv": [0, 0, 1, 0], "texture": "#top"},
				"south": {"uv": [0, 0, 3, 0], "texture": "#top"},
				"west": {"uv": [0, 0, 1, 0], "texture": "#top"},
				"up": {"uv": [1, 2, 4, 3], "rotation": 180, "texture": "#top"},
				"down": {"uv": [1, 2, 4, 3], "rotation": 180, "texture": "#top"}
			}
		},
		{
			"from": [3, 3, 12],
			"to": [0, 4, 12],
			"rotation": {"angle": 0, "axis": "y", "origin": [1.5, 6.5, 8]},
			"faces": {
				"north": {"uv": [1, 1, 4, 2], "texture": "#top"},
				"east": {"uv": [0, 0, 0, 1], "texture": "#top"},
				"south": {"uv": [1, 1, 4, 2], "texture": "#top"},
				"west": {"uv": [0, 0, 0, 1], "texture": "#top"},
				"up": {"uv": [1, 1, 4, 1], "rotation": 180, "texture": "#top"},
				"down": {"uv": [1, 1, 4, 1], "rotation": 180, "texture": "#top"}
			}
		},
		{
			"from": [3, 3, 11],
			"to": [0, 4, 11],
			"rotation": {"angle": 0, "axis": "y", "origin": [1.5, 6.5, 8]},
			"faces": {
				"north": {"uv": [1, 1, 4, 2], "texture": "#top"},
				"east": {"uv": [0, 0, 0, 1], "texture": "#top"},
				"south": {"uv": [1, 1, 4, 2], "texture": "#top"},
				"west": {"uv": [0, 0, 0, 1], "texture": "#top"},
				"up": {"uv": [1, 1, 4, 1], "rotation": 180, "texture": "#top"},
				"down": {"uv": [1, 1, 4, 1], "rotation": 180, "texture": "#top"}
			}
		},
		{
			"from": [3, 3, 11],
			"to": [0, 3, 12],
			"rotation": {"angle": 0, "axis": "y", "origin": [1.5, 6.5, 8]},
			"faces": {
				"north": {"uv": [0, 0, 3, 0], "texture": "#top"},
				"east": {"uv": [0, 0, 1, 0], "texture": "#top"},
				"south": {"uv": [0, 0, 3, 0], "texture": "#top"},
				"west": {"uv": [0, 0, 1, 0], "texture": "#top"},
				"up": {"uv": [1, 2, 4, 3], "rotation": 180, "texture": "#top"},
				"down": {"uv": [1, 2, 4, 3], "rotation": 180, "texture": "#top"}
			}
		},
		{
			"from": [3, 4, 11],
			"to": [0, 4, 12],
			"rotation": {"angle": 0, "axis": "y", "origin": [1.5, 6.5, 8]},
			"faces": {
				"north": {"uv": [0, 0, 3, 0], "texture": "#top"},
				"east": {"uv": [0, 0, 1, 0], "texture": "#top"},
				"south": {"uv": [0, 0, 3, 0], "texture": "#top"},
				"west": {"uv": [0, 0, 1, 0], "texture": "#top"},
				"up": {"uv": [1, 2, 4, 3], "rotation": 180, "texture": "#top"},
				"down": {"uv": [1, 2, 4, 3], "rotation": 180, "texture": "#top"}
			}
		},
		{
			"from": [3, 1, 12],
			"to": [0, 2, 12],
			"rotation": {"angle": 0, "axis": "y", "origin": [1.5, 6.5, 8]},
			"faces": {
				"north": {"uv": [1, 1, 4, 2], "texture": "#top"},
				"east": {"uv": [0, 0, 0, 1], "texture": "#top"},
				"south": {"uv": [1, 1, 4, 2], "texture": "#top"},
				"west": {"uv": [0, 0, 0, 1], "texture": "#top"},
				"up": {"uv": [1, 1, 4, 1], "rotation": 180, "texture": "#top"},
				"down": {"uv": [1, 1, 4, 1], "rotation": 180, "texture": "#top"}
			}
		},
		{
			"from": [3, 1, 11],
			"to": [0, 2, 11],
			"rotation": {"angle": 0, "axis": "y", "origin": [1.5, 6.5, 8]},
			"faces": {
				"north": {"uv": [1, 1, 4, 2], "texture": "#top"},
				"east": {"uv": [0, 0, 0, 1], "texture": "#top"},
				"south": {"uv": [1, 1, 4, 2], "texture": "#top"},
				"west": {"uv": [0, 0, 0, 1], "texture": "#top"},
				"up": {"uv": [1, 1, 4, 1], "rotation": 180, "texture": "#top"},
				"down": {"uv": [1, 1, 4, 1], "rotation": 180, "texture": "#top"}
			}
		},
		{
			"from": [3, 1, 11],
			"to": [0, 1, 12],
			"rotation": {"angle": 0, "axis": "y", "origin": [1.5, 6.5, 8]},
			"faces": {
				"north": {"uv": [0, 0, 3, 0], "texture": "#top"},
				"east": {"uv": [0, 0, 1, 0], "texture": "#top"},
				"south": {"uv": [0, 0, 3, 0], "texture": "#top"},
				"west": {"uv": [0, 0, 1, 0], "texture": "#top"},
				"up": {"uv": [1, 2, 4, 3], "rotation": 180, "texture": "#top"},
				"down": {"uv": [1, 2, 4, 3], "rotation": 180, "texture": "#top"}
			}
		},
		{
			"from": [3, 2, 11],
			"to": [0, 2, 12],
			"rotation": {"angle": 0, "axis": "y", "origin": [1.5, 6.5, 8]},
			"faces": {
				"north": {"uv": [0, 0, 3, 0], "texture": "#top"},
				"east": {"uv": [0, 0, 1, 0], "texture": "#top"},
				"south": {"uv": [0, 0, 3, 0], "texture": "#top"},
				"west": {"uv": [0, 0, 1, 0], "texture": "#top"},
				"up": {"uv": [1, 2, 4, 3], "rotation": 180, "texture": "#top"},
				"down": {"uv": [1, 2, 4, 3], "rotation": 180, "texture": "#top"}
			}
		},
		{
			"from": [3, 2, 4],
			"to": [0, 2, 5],
			"rotation": {"angle": 0, "axis": "y", "origin": [1.5, 6.5, 8]},
			"faces": {
				"north": {"uv": [0, 0, 3, 0], "texture": "#top"},
				"east": {"uv": [0, 0, 1, 0], "texture": "#top"},
				"south": {"uv": [0, 0, 3, 0], "texture": "#top"},
				"west": {"uv": [0, 0, 1, 0], "texture": "#top"},
				"up": {"uv": [1, 2, 4, 3], "rotation": 180, "texture": "#top"},
				"down": {"uv": [1, 2, 4, 3], "rotation": 180, "texture": "#top"}
			}
		},
		{
			"from": [3, 11, 5],
			"to": [0, 12, 5],
			"rotation": {"angle": 0, "axis": "y", "origin": [1.5, 6.5, 8]},
			"faces": {
				"north": {"uv": [1, 1, 4, 2], "texture": "#top"},
				"east": {"uv": [0, 0, 0, 1], "texture": "#top"},
				"south": {"uv": [1, 1, 4, 2], "texture": "#top"},
				"west": {"uv": [0, 0, 0, 1], "texture": "#top"},
				"up": {"uv": [1, 1, 4, 1], "rotation": 180, "texture": "#top"},
				"down": {"uv": [1, 1, 4, 1], "rotation": 180, "texture": "#top"}
			}
		},
		{
			"from": [3, 11, 4],
			"to": [0, 12, 4],
			"rotation": {"angle": 0, "axis": "y", "origin": [1.5, 6.5, 8]},
			"faces": {
				"north": {"uv": [1, 1, 4, 2], "texture": "#top"},
				"east": {"uv": [0, 0, 0, 1], "texture": "#top"},
				"south": {"uv": [1, 1, 4, 2], "texture": "#top"},
				"west": {"uv": [0, 0, 0, 1], "texture": "#top"},
				"up": {"uv": [1, 1, 4, 1], "rotation": 180, "texture": "#top"},
				"down": {"uv": [1, 1, 4, 1], "rotation": 180, "texture": "#top"}
			}
		},
		{
			"from": [3, 11, 4],
			"to": [0, 11, 5],
			"rotation": {"angle": 0, "axis": "y", "origin": [1.5, 6.5, 8]},
			"faces": {
				"north": {"uv": [0, 0, 3, 0], "texture": "#top"},
				"east": {"uv": [0, 0, 1, 0], "texture": "#top"},
				"south": {"uv": [0, 0, 3, 0], "texture": "#top"},
				"west": {"uv": [0, 0, 1, 0], "texture": "#top"},
				"up": {"uv": [1, 2, 4, 3], "rotation": 180, "texture": "#top"},
				"down": {"uv": [1, 2, 4, 3], "rotation": 180, "texture": "#top"}
			}
		},
		{
			"from": [3, 12, 4],
			"to": [0, 12, 5],
			"rotation": {"angle": 0, "axis": "y", "origin": [1.5, 6.5, 8]},
			"faces": {
				"north": {"uv": [0, 0, 3, 0], "texture": "#top"},
				"east": {"uv": [0, 0, 1, 0], "texture": "#top"},
				"south": {"uv": [0, 0, 3, 0], "texture": "#top"},
				"west": {"uv": [0, 0, 1, 0], "texture": "#top"},
				"up": {"uv": [1, 2, 4, 3], "rotation": 180, "texture": "#top"},
				"down": {"uv": [1, 2, 4, 3], "rotation": 180, "texture": "#top"}
			}
		},
		{
			"from": [3, 9, 5],
			"to": [0, 10, 5],
			"rotation": {"angle": 0, "axis": "y", "origin": [1.5, 6.5, 8]},
			"faces": {
				"north": {"uv": [1, 1, 4, 2], "texture": "#top"},
				"east": {"uv": [0, 0, 0, 1], "texture": "#top"},
				"south": {"uv": [1, 1, 4, 2], "texture": "#top"},
				"west": {"uv": [0, 0, 0, 1], "texture": "#top"},
				"up": {"uv": [1, 1, 4, 1], "rotation": 180, "texture": "#top"},
				"down": {"uv": [1, 1, 4, 1], "rotation": 180, "texture": "#top"}
			}
		},
		{
			"from": [3, 9, 4],
			"to": [0, 10, 4],
			"rotation": {"angle": 0, "axis": "y", "origin": [1.5, 6.5, 8]},
			"faces": {
				"north": {"uv": [1, 1, 4, 2], "texture": "#top"},
				"east": {"uv": [0, 0, 0, 1], "texture": "#top"},
				"south": {"uv": [1, 1, 4, 2], "texture": "#top"},
				"west": {"uv": [0, 0, 0, 1], "texture": "#top"},
				"up": {"uv": [1, 1, 4, 1], "rotation": 180, "texture": "#top"},
				"down": {"uv": [1, 1, 4, 1], "rotation": 180, "texture": "#top"}
			}
		},
		{
			"from": [3, 9, 4],
			"to": [0, 9, 5],
			"rotation": {"angle": 0, "axis": "y", "origin": [1.5, 6.5, 8]},
			"faces": {
				"north": {"uv": [0, 0, 3, 0], "texture": "#top"},
				"east": {"uv": [0, 0, 1, 0], "texture": "#top"},
				"south": {"uv": [0, 0, 3, 0], "texture": "#top"},
				"west": {"uv": [0, 0, 1, 0], "texture": "#top"},
				"up": {"uv": [1, 2, 4, 3], "rotation": 180, "texture": "#top"},
				"down": {"uv": [1, 2, 4, 3], "rotation": 180, "texture": "#top"}
			}
		},
		{
			"from": [3, 10, 4],
			"to": [0, 10, 5],
			"rotation": {"angle": 0, "axis": "y", "origin": [1.5, 6.5, 8]},
			"faces": {
				"north": {"uv": [0, 0, 3, 0], "texture": "#top"},
				"east": {"uv": [0, 0, 1, 0], "texture": "#top"},
				"south": {"uv": [0, 0, 3, 0], "texture": "#top"},
				"west": {"uv": [0, 0, 1, 0], "texture": "#top"},
				"up": {"uv": [1, 2, 4, 3], "rotation": 180, "texture": "#top"},
				"down": {"uv": [1, 2, 4, 3], "rotation": 180, "texture": "#top"}
			}
		},
		{
			"from": [3, 7, 5],
			"to": [0, 8, 5],
			"rotation": {"angle": 0, "axis": "y", "origin": [1.5, 6.5, 8]},
			"faces": {
				"north": {"uv": [1, 1, 4, 2], "texture": "#top"},
				"east": {"uv": [0, 0, 0, 1], "texture": "#top"},
				"south": {"uv": [1, 1, 4, 2], "texture": "#top"},
				"west": {"uv": [0, 0, 0, 1], "texture": "#top"},
				"up": {"uv": [1, 1, 4, 1], "rotation": 180, "texture": "#top"},
				"down": {"uv": [1, 1, 4, 1], "rotation": 180, "texture": "#top"}
			}
		},
		{
			"from": [3, 7, 4],
			"to": [0, 8, 4],
			"rotation": {"angle": 0, "axis": "y", "origin": [1.5, 6.5, 8]},
			"faces": {
				"north": {"uv": [1, 1, 4, 2], "texture": "#top"},
				"east": {"uv": [0, 0, 0, 1], "texture": "#top"},
				"south": {"uv": [1, 1, 4, 2], "texture": "#top"},
				"west": {"uv": [0, 0, 0, 1], "texture": "#top"},
				"up": {"uv": [1, 1, 4, 1], "rotation": 180, "texture": "#top"},
				"down": {"uv": [1, 1, 4, 1], "rotation": 180, "texture": "#top"}
			}
		},
		{
			"from": [3, 7, 4],
			"to": [0, 7, 5],
			"rotation": {"angle": 0, "axis": "y", "origin": [1.5, 6.5, 8]},
			"faces": {
				"north": {"uv": [0, 0, 3, 0], "texture": "#top"},
				"east": {"uv": [0, 0, 1, 0], "texture": "#top"},
				"south": {"uv": [0, 0, 3, 0], "texture": "#top"},
				"west": {"uv": [0, 0, 1, 0], "texture": "#top"},
				"up": {"uv": [1, 2, 4, 3], "rotation": 180, "texture": "#top"},
				"down": {"uv": [1, 2, 4, 3], "rotation": 180, "texture": "#top"}
			}
		},
		{
			"from": [3, 8, 4],
			"to": [0, 8, 5],
			"rotation": {"angle": 0, "axis": "y", "origin": [1.5, 6.5, 8]},
			"faces": {
				"north": {"uv": [0, 0, 3, 0], "texture": "#top"},
				"east": {"uv": [0, 0, 1, 0], "texture": "#top"},
				"south": {"uv": [0, 0, 3, 0], "texture": "#top"},
				"west": {"uv": [0, 0, 1, 0], "texture": "#top"},
				"up": {"uv": [1, 2, 4, 3], "rotation": 180, "texture": "#top"},
				"down": {"uv": [1, 2, 4, 3], "rotation": 180, "texture": "#top"}
			}
		},
		{
			"from": [3, 5, 5],
			"to": [0, 6, 5],
			"rotation": {"angle": 0, "axis": "y", "origin": [1.5, 6.5, 8]},
			"faces": {
				"north": {"uv": [1, 1, 4, 2], "texture": "#top"},
				"east": {"uv": [0, 0, 0, 1], "texture": "#top"},
				"south": {"uv": [1, 1, 4, 2], "texture": "#top"},
				"west": {"uv": [0, 0, 0, 1], "texture": "#top"},
				"up": {"uv": [1, 1, 4, 1], "rotation": 180, "texture": "#top"},
				"down": {"uv": [1, 1, 4, 1], "rotation": 180, "texture": "#top"}
			}
		},
		{
			"from": [3, 5, 4],
			"to": [0, 6, 4],
			"rotation": {"angle": 0, "axis": "y", "origin": [1.5, 6.5, 8]},
			"faces": {
				"north": {"uv": [1, 1, 4, 2], "texture": "#top"},
				"east": {"uv": [0, 0, 0, 1], "texture": "#top"},
				"south": {"uv": [1, 1, 4, 2], "texture": "#top"},
				"west": {"uv": [0, 0, 0, 1], "texture": "#top"},
				"up": {"uv": [1, 1, 4, 1], "rotation": 180, "texture": "#top"},
				"down": {"uv": [1, 1, 4, 1], "rotation": 180, "texture": "#top"}
			}
		},
		{
			"from": [3, 5, 4],
			"to": [0, 5, 5],
			"rotation": {"angle": 0, "axis": "y", "origin": [1.5, 6.5, 8]},
			"faces": {
				"north": {"uv": [0, 0, 3, 0], "texture": "#top"},
				"east": {"uv": [0, 0, 1, 0], "texture": "#top"},
				"south": {"uv": [0, 0, 3, 0], "texture": "#top"},
				"west": {"uv": [0, 0, 1, 0], "texture": "#top"},
				"up": {"uv": [1, 2, 4, 3], "rotation": 180, "texture": "#top"},
				"down": {"uv": [1, 2, 4, 3], "rotation": 180, "texture": "#top"}
			}
		},
		{
			"from": [3, 6, 4],
			"to": [0, 6, 5],
			"rotation": {"angle": 0, "axis": "y", "origin": [1.5, 6.5, 8]},
			"faces": {
				"north": {"uv": [0, 0, 3, 0], "texture": "#top"},
				"east": {"uv": [0, 0, 1, 0], "texture": "#top"},
				"south": {"uv": [0, 0, 3, 0], "texture": "#top"},
				"west": {"uv": [0, 0, 1, 0], "texture": "#top"},
				"up": {"uv": [1, 2, 4, 3], "rotation": 180, "texture": "#top"},
				"down": {"uv": [1, 2, 4, 3], "rotation": 180, "texture": "#top"}
			}
		},
		{
			"from": [3, 3, 5],
			"to": [0, 4, 5],
			"rotation": {"angle": 0, "axis": "y", "origin": [1.5, 6.5, 8]},
			"faces": {
				"north": {"uv": [1, 1, 4, 2], "texture": "#top"},
				"east": {"uv": [0, 0, 0, 1], "texture": "#top"},
				"south": {"uv": [1, 1, 4, 2], "texture": "#top"},
				"west": {"uv": [0, 0, 0, 1], "texture": "#top"},
				"up": {"uv": [1, 1, 4, 1], "rotation": 180, "texture": "#top"},
				"down": {"uv": [1, 1, 4, 1], "rotation": 180, "texture": "#top"}
			}
		},
		{
			"from": [3, 3, 4],
			"to": [0, 4, 4],
			"rotation": {"angle": 0, "axis": "y", "origin": [1.5, 6.5, 8]},
			"faces": {
				"north": {"uv": [1, 1, 4, 2], "texture": "#top"},
				"east": {"uv": [0, 0, 0, 1], "texture": "#top"},
				"south": {"uv": [1, 1, 4, 2], "texture": "#top"},
				"west": {"uv": [0, 0, 0, 1], "texture": "#top"},
				"up": {"uv": [1, 1, 4, 1], "rotation": 180, "texture": "#top"},
				"down": {"uv": [1, 1, 4, 1], "rotation": 180, "texture": "#top"}
			}
		},
		{
			"from": [3, 3, 4],
			"to": [0, 3, 5],
			"rotation": {"angle": 0, "axis": "y", "origin": [1.5, 6.5, 8]},
			"faces": {
				"north": {"uv": [0, 0, 3, 0], "texture": "#top"},
				"east": {"uv": [0, 0, 1, 0], "texture": "#top"},
				"south": {"uv": [0, 0, 3, 0], "texture": "#top"},
				"west": {"uv": [0, 0, 1, 0], "texture": "#top"},
				"up": {"uv": [1, 2, 4, 3], "rotation": 180, "texture": "#top"},
				"down": {"uv": [1, 2, 4, 3], "rotation": 180, "texture": "#top"}
			}
		},
		{
			"from": [3, 4, 4],
			"to": [0, 4, 5],
			"rotation": {"angle": 0, "axis": "y", "origin": [1.5, 6.5, 8]},
			"faces": {
				"north": {"uv": [0, 0, 3, 0], "texture": "#top"},
				"east": {"uv": [0, 0, 1, 0], "texture": "#top"},
				"south": {"uv": [0, 0, 3, 0], "texture": "#top"},
				"west": {"uv": [0, 0, 1, 0], "texture": "#top"},
				"up": {"uv": [1, 2, 4, 3], "rotation": 180, "texture": "#top"},
				"down": {"uv": [1, 2, 4, 3], "rotation": 180, "texture": "#top"}
			}
		},
		{
			"from": [3, 1, 5],
			"to": [0, 2, 5],
			"rotation": {"angle": 0, "axis": "y", "origin": [1.5, 6.5, 8]},
			"faces": {
				"north": {"uv": [1, 1, 4, 2], "texture": "#top"},
				"east": {"uv": [0, 0, 0, 1], "texture": "#top"},
				"south": {"uv": [1, 1, 4, 2], "texture": "#top"},
				"west": {"uv": [0, 0, 0, 1], "texture": "#top"},
				"up": {"uv": [1, 1, 4, 1], "rotation": 180, "texture": "#top"},
				"down": {"uv": [1, 1, 4, 1], "rotation": 180, "texture": "#top"}
			}
		},
		{
			"from": [3, 1, 4],
			"to": [0, 2, 4],
			"rotation": {"angle": 0, "axis": "y", "origin": [1.5, 6.5, 8]},
			"faces": {
				"north": {"uv": [1, 1, 4, 2], "texture": "#top"},
				"east": {"uv": [0, 0, 0, 1], "texture": "#top"},
				"south": {"uv": [1, 1, 4, 2], "texture": "#top"},
				"west": {"uv": [0, 0, 0, 1], "texture": "#top"},
				"up": {"uv": [1, 1, 4, 1], "rotation": 180, "texture": "#top"},
				"down": {"uv": [1, 1, 4, 1], "rotation": 180, "texture": "#top"}
			}
		}
	],
	"groups": [
		0,
		{
			"name": "group",
			"origin": [0, 0, 0],
			"color": 0,
			"nbt": "{}",
			"children": [
				1,
				2,
				3,
				4,
				5,
				6,
				7,
				8,
				9,
				10,
				11,
				12,
				13,
				14,
				15,
				16,
				17,
				18,
				19,
				20,
				21,
				22,
				23,
				24,
				25,
				26,
				27,
				28,
				29,
				30,
				31,
				32,
				33,
				34,
				35,
				36,
				37,
				38,
				39,
				40,
				41,
				42,
				43,
				44,
				45,
				46,
				47,
				48,
				49,
				50,
				51,
				52,
				53,
				54,
				55,
				56,
				57,
				58,
				59,
				60
			]
		}
	]
}