{
	"credit": "Made by CuDsan",
	"textures": {
		"particle": "block/bamboo_trapdoor",
		"texture": "block/bamboo_trapdoor"
	},
	"elements": [
		{
			"from": [0, 0, 13],
			"to": [16, 16, 16],
			"faces": {
				"north": {"uv": [0, 16, 16, 0], "texture": "#texture"},
				"east": {"uv": [0, 3, 16, 0], "rotation": 90, "texture": "#texture", "cullface": "east"},
				"south": {"uv": [0, 16, 16, 0], "texture": "#texture", "cullface": "south"},
				"west": {"uv": [0, 0, 16, 3], "rotation": 90, "texture": "#texture", "cullface": "west"},
				"up": {"uv": [0, 3, 16, 0], "texture": "#texture", "cullface": "up"},
				"down": {"uv": [0, 0, 16, 3], "texture": "#texture", "cullface": "down"}
			}
		},
		{
			"from": [3, 7, 13],
			"to": [4, 7, 16],
			"rotation": {"angle": 0, "axis": "x", "origin": [8, 1.5, 8]},
			"faces": {
				"north": {"uv": [0, 0, 0, 1], "rotation": 270, "texture": "#texture"},
				"east": {"uv": [4, 0, 4, 3], "rotation": 270, "texture": "#texture"},
				"south": {"uv": [0, 0, 0, 1], "rotation": 270, "texture": "#texture"},
				"west": {"uv": [4, 0, 4, 3], "rotation": 90, "texture": "#texture"},
				"up": {"uv": [4, 0, 5, 3], "rotation": 180, "texture": "#texture"},
				"down": {"uv": [4, 0, 5, 3], "texture": "#texture"}
			}
		},
		{
			"from": [7, 5, 13],
			"to": [9, 5, 16],
			"rotation": {"angle": 0, "axis": "x", "origin": [8, 1.5, 8]},
			"faces": {
				"north": {"uv": [0, 0, 2, 0], "rotation": 180, "texture": "#texture"},
				"east": {"uv": [3, 0, 3, 3], "rotation": 270, "texture": "#texture"},
				"south": {"uv": [0, 0, 2, 0], "texture": "#texture"},
				"west": {"uv": [3, 0, 3, 3], "rotation": 90, "texture": "#texture"},
				"up": {"uv": [3, 0, 5, 3], "rotation": 180, "texture": "#texture"},
				"down": {"uv": [3, 0, 5, 3], "texture": "#texture"}
			}
		},
		{
			"from": [7, 5, 13],
			"to": [7, 7, 16],
			"rotation": {"angle": 0, "axis": "x", "origin": [8, 1.5, 8]},
			"faces": {
				"north": {"uv": [0, 0, 0, 2], "rotation": 180, "texture": "#texture"},
				"east": {"uv": [3, 0, 5, 3], "rotation": 270, "texture": "#texture"},
				"south": {"uv": [0, 0, 0, 2], "texture": "#texture"},
				"west": {"uv": [3, 0, 5, 3], "rotation": 90, "texture": "#texture"},
				"up": {"uv": [3, 0, 3, 3], "rotation": 180, "texture": "#texture"},
				"down": {"uv": [3, 0, 3, 3], "texture": "#texture"}
			}
		},
		{
			"from": [5, 7, 13],
			"to": [7, 7, 16],
			"rotation": {"angle": 0, "axis": "x", "origin": [8, 1.5, 8]},
			"faces": {
				"north": {"uv": [0, 0, 2, 0], "rotation": 180, "texture": "#texture"},
				"east": {"uv": [3, 0, 3, 3], "rotation": 270, "texture": "#texture"},
				"south": {"uv": [0, 0, 2, 0], "texture": "#texture"},
				"west": {"uv": [3, 0, 3, 3], "rotation": 90, "texture": "#texture"},
				"up": {"uv": [3, 0, 5, 3], "rotation": 180, "texture": "#texture"},
				"down": {"uv": [3, 0, 5, 3], "texture": "#texture"}
			}
		},
		{
			"from": [5, 7, 13],
			"to": [5, 9, 16],
			"rotation": {"angle": 0, "axis": "x", "origin": [8, 1.5, 8]},
			"faces": {
				"north": {"uv": [0, 0, 0, 2], "rotation": 180, "texture": "#texture"},
				"east": {"uv": [3, 0, 5, 3], "rotation": 270, "texture": "#texture"},
				"south": {"uv": [0, 0, 0, 2], "texture": "#texture"},
				"west": {"uv": [3, 0, 5, 3], "rotation": 90, "texture": "#texture"},
				"up": {"uv": [3, 0, 3, 3], "rotation": 180, "texture": "#texture"},
				"down": {"uv": [3, 0, 3, 3], "texture": "#texture"}
			}
		},
		{
			"from": [5, 9, 13],
			"to": [7, 9, 16],
			"rotation": {"angle": 0, "axis": "x", "origin": [8, 1.5, 8]},
			"faces": {
				"north": {"uv": [0, 0, 2, 0], "rotation": 180, "texture": "#texture"},
				"east": {"uv": [3, 0, 3, 3], "rotation": 270, "texture": "#texture"},
				"south": {"uv": [0, 0, 2, 0], "texture": "#texture"},
				"west": {"uv": [3, 0, 3, 3], "rotation": 90, "texture": "#texture"},
				"up": {"uv": [3, 0, 5, 3], "rotation": 180, "texture": "#texture"},
				"down": {"uv": [3, 0, 5, 3], "texture": "#texture"}
			}
		},
		{
			"from": [7, 9, 13],
			"to": [7, 11, 16],
			"rotation": {"angle": 0, "axis": "x", "origin": [8, 1.5, 8]},
			"faces": {
				"north": {"uv": [0, 0, 0, 2], "rotation": 180, "texture": "#texture"},
				"east": {"uv": [3, 0, 5, 3], "rotation": 270, "texture": "#texture"},
				"south": {"uv": [0, 0, 0, 2], "texture": "#texture"},
				"west": {"uv": [3, 0, 5, 3], "rotation": 90, "texture": "#texture"},
				"up": {"uv": [3, 0, 3, 3], "rotation": 180, "texture": "#texture"},
				"down": {"uv": [3, 0, 3, 3], "texture": "#texture"}
			}
		},
		{
			"from": [7, 11, 13],
			"to": [9, 11, 16],
			"rotation": {"angle": 0, "axis": "x", "origin": [8, 1.5, 8]},
			"faces": {
				"north": {"uv": [0, 0, 2, 0], "rotation": 180, "texture": "#texture"},
				"east": {"uv": [3, 0, 3, 3], "rotation": 270, "texture": "#texture"},
				"south": {"uv": [0, 0, 2, 0], "texture": "#texture"},
				"west": {"uv": [3, 0, 3, 3], "rotation": 90, "texture": "#texture"},
				"up": {"uv": [3, 0, 5, 3], "rotation": 180, "texture": "#texture"},
				"down": {"uv": [3, 0, 5, 3], "texture": "#texture"}
			}
		},
		{
			"from": [9, 9, 13],
			"to": [9, 11, 16],
			"rotation": {"angle": 0, "axis": "x", "origin": [8, 1.5, 8]},
			"faces": {
				"north": {"uv": [0, 0, 0, 2], "rotation": 180, "texture": "#texture"},
				"east": {"uv": [3, 0, 5, 3], "rotation": 270, "texture": "#texture"},
				"south": {"uv": [0, 0, 0, 2], "texture": "#texture"},
				"west": {"uv": [3, 0, 5, 3], "rotation": 90, "texture": "#texture"},
				"up": {"uv": [3, 0, 3, 3], "rotation": 180, "texture": "#texture"},
				"down": {"uv": [3, 0, 3, 3], "texture": "#texture"}
			}
		},
		{
			"from": [9, 9, 13],
			"to": [11, 9, 16],
			"rotation": {"angle": 0, "axis": "x", "origin": [8, 1.5, 8]},
			"faces": {
				"north": {"uv": [0, 0, 2, 0], "rotation": 180, "texture": "#texture"},
				"east": {"uv": [3, 0, 3, 3], "rotation": 270, "texture": "#texture"},
				"south": {"uv": [0, 0, 2, 0], "texture": "#texture"},
				"west": {"uv": [3, 0, 3, 3], "rotation": 90, "texture": "#texture"},
				"up": {"uv": [3, 0, 5, 3], "rotation": 180, "texture": "#texture"},
				"down": {"uv": [3, 0, 5, 3], "texture": "#texture"}
			}
		},
		{
			"from": [11, 7, 13],
			"to": [11, 9, 16],
			"rotation": {"angle": 0, "axis": "x", "origin": [8, 1.5, 8]},
			"faces": {
				"north": {"uv": [0, 0, 0, 2], "rotation": 180, "texture": "#texture"},
				"east": {"uv": [3, 0, 5, 3], "rotation": 270, "texture": "#texture"},
				"south": {"uv": [0, 0, 0, 2], "texture": "#texture"},
				"west": {"uv": [3, 0, 5, 3], "rotation": 90, "texture": "#texture"},
				"up": {"uv": [3, 0, 3, 3], "rotation": 180, "texture": "#texture"},
				"down": {"uv": [3, 0, 3, 3], "texture": "#texture"}
			}
		},
		{
			"from": [9, 7, 13],
			"to": [11, 7, 16],
			"rotation": {"angle": 0, "axis": "x", "origin": [8, 1.5, 8]},
			"faces": {
				"north": {"uv": [0, 0, 2, 0], "rotation": 180, "texture": "#texture"},
				"east": {"uv": [3, 0, 3, 3], "rotation": 270, "texture": "#texture"},
				"south": {"uv": [0, 0, 2, 0], "texture": "#texture"},
				"west": {"uv": [3, 0, 3, 3], "rotation": 90, "texture": "#texture"},
				"up": {"uv": [3, 0, 5, 3], "rotation": 180, "texture": "#texture"},
				"down": {"uv": [3, 0, 5, 3], "texture": "#texture"}
			}
		},
		{
			"from": [9, 5, 13],
			"to": [9, 7, 16],
			"rotation": {"angle": 0, "axis": "x", "origin": [8, 1.5, 8]},
			"faces": {
				"north": {"uv": [0, 0, 0, 2], "rotation": 180, "texture": "#texture"},
				"east": {"uv": [3, 0, 5, 3], "rotation": 270, "texture": "#texture"},
				"south": {"uv": [0, 0, 0, 2], "texture": "#texture"},
				"west": {"uv": [3, 0, 5, 3], "rotation": 90, "texture": "#texture"},
				"up": {"uv": [3, 0, 3, 3], "rotation": 180, "texture": "#texture"},
				"down": {"uv": [3, 0, 3, 3], "texture": "#texture"}
			}
		},
		{
			"from": [7, 3, 13],
			"to": [9, 3, 16],
			"rotation": {"angle": 0, "axis": "x", "origin": [8, 1.5, 8]},
			"faces": {
				"north": {"uv": [0, 0, 2, 0], "rotation": 180, "texture": "#texture"},
				"east": {"uv": [3, 0, 3, 3], "rotation": 270, "texture": "#texture"},
				"south": {"uv": [0, 0, 2, 0], "texture": "#texture"},
				"west": {"uv": [3, 0, 3, 3], "rotation": 90, "texture": "#texture"},
				"up": {"uv": [3, 0, 5, 3], "rotation": 180, "texture": "#texture"},
				"down": {"uv": [3, 0, 5, 3], "texture": "#texture"}
			}
		},
		{
			"from": [7, 4, 13],
			"to": [9, 4, 16],
			"rotation": {"angle": 0, "axis": "x", "origin": [8, 1.5, 8]},
			"faces": {
				"north": {"uv": [0, 0, 2, 0], "rotation": 180, "texture": "#texture"},
				"east": {"uv": [3, 0, 3, 3], "rotation": 270, "texture": "#texture"},
				"south": {"uv": [0, 0, 2, 0], "texture": "#texture"},
				"west": {"uv": [3, 0, 3, 3], "rotation": 90, "texture": "#texture"},
				"up": {"uv": [3, 0, 5, 3], "rotation": 180, "texture": "#texture"},
				"down": {"uv": [3, 0, 5, 3], "texture": "#texture"}
			}
		},
		{
			"from": [9, 3, 13],
			"to": [9, 4, 16],
			"rotation": {"angle": 0, "axis": "x", "origin": [8, 1.5, 8]},
			"faces": {
				"north": {"uv": [0, 0, 0, 1], "rotation": 180, "texture": "#texture"},
				"east": {"uv": [4, 0, 5, 3], "rotation": 270, "texture": "#texture"},
				"south": {"uv": [0, 0, 0, 1], "texture": "#texture"},
				"west": {"uv": [4, 0, 5, 3], "rotation": 90, "texture": "#texture"},
				"up": {"uv": [4, 0, 4, 3], "rotation": 180, "texture": "#texture"},
				"down": {"uv": [4, 0, 4, 3], "texture": "#texture"}
			}
		},
		{
			"from": [7, 3, 13],
			"to": [7, 4, 16],
			"rotation": {"angle": 0, "axis": "x", "origin": [8, 1.5, 8]},
			"faces": {
				"north": {"uv": [0, 0, 0, 1], "rotation": 180, "texture": "#texture"},
				"east": {"uv": [4, 0, 5, 3], "rotation": 270, "texture": "#texture"},
				"south": {"uv": [0, 0, 0, 1], "texture": "#texture"},
				"west": {"uv": [4, 0, 5, 3], "rotation": 90, "texture": "#texture"},
				"up": {"uv": [4, 0, 4, 3], "rotation": 180, "texture": "#texture"},
				"down": {"uv": [4, 0, 4, 3], "texture": "#texture"}
			}
		},
		{
			"from": [7, 12, 13],
			"to": [9, 12, 16],
			"rotation": {"angle": 0, "axis": "x", "origin": [8, 1.5, 8]},
			"faces": {
				"north": {"uv": [0, 0, 2, 0], "rotation": 180, "texture": "#texture"},
				"east": {"uv": [3, 0, 3, 3], "rotation": 270, "texture": "#texture"},
				"south": {"uv": [0, 0, 2, 0], "texture": "#texture"},
				"west": {"uv": [3, 0, 3, 3], "rotation": 90, "texture": "#texture"},
				"up": {"uv": [3, 0, 5, 3], "rotation": 180, "texture": "#texture"},
				"down": {"uv": [3, 0, 5, 3], "texture": "#texture"}
			}
		},
		{
			"from": [7, 13, 13],
			"to": [9, 13, 16],
			"rotation": {"angle": 0, "axis": "x", "origin": [8, 1.5, 8]},
			"faces": {
				"north": {"uv": [0, 0, 2, 0], "rotation": 180, "texture": "#texture"},
				"east": {"uv": [3, 0, 3, 3], "rotation": 270, "texture": "#texture"},
				"south": {"uv": [0, 0, 2, 0], "texture": "#texture"},
				"west": {"uv": [3, 0, 3, 3], "rotation": 90, "texture": "#texture"},
				"up": {"uv": [3, 0, 5, 3], "rotation": 180, "texture": "#texture"},
				"down": {"uv": [3, 0, 5, 3], "texture": "#texture"}
			}
		},
		{
			"from": [9, 12, 13],
			"to": [9, 13, 16],
			"rotation": {"angle": 0, "axis": "x", "origin": [8, 1.5, 8]},
			"faces": {
				"north": {"uv": [0, 0, 0, 1], "rotation": 180, "texture": "#texture"},
				"east": {"uv": [4, 0, 5, 3], "rotation": 270, "texture": "#texture"},
				"south": {"uv": [0, 0, 0, 1], "texture": "#texture"},
				"west": {"uv": [4, 0, 5, 3], "rotation": 90, "texture": "#texture"},
				"up": {"uv": [4, 0, 4, 3], "rotation": 180, "texture": "#texture"},
				"down": {"uv": [4, 0, 4, 3], "texture": "#texture"}
			}
		},
		{
			"from": [7, 12, 13],
			"to": [7, 13, 16],
			"rotation": {"angle": 0, "axis": "x", "origin": [8, 1.5, 8]},
			"faces": {
				"north": {"uv": [0, 0, 0, 1], "rotation": 180, "texture": "#texture"},
				"east": {"uv": [4, 0, 5, 3], "rotation": 270, "texture": "#texture"},
				"south": {"uv": [0, 0, 0, 1], "texture": "#texture"},
				"west": {"uv": [4, 0, 5, 3], "rotation": 90, "texture": "#texture"},
				"up": {"uv": [4, 0, 4, 3], "rotation": 180, "texture": "#texture"},
				"down": {"uv": [4, 0, 4, 3], "texture": "#texture"}
			}
		},
		{
			"from": [13, 3, 13],
			"to": [13, 4, 16],
			"rotation": {"angle": 0, "axis": "x", "origin": [8, 1.5, 8]},
			"faces": {
				"north": {"uv": [0, 0, 0, 1], "rotation": 180, "texture": "#texture"},
				"east": {"uv": [4, 0, 5, 3], "rotation": 270, "texture": "#texture"},
				"south": {"uv": [0, 0, 0, 1], "texture": "#texture"},
				"west": {"uv": [4, 0, 5, 3], "rotation": 90, "texture": "#texture"},
				"up": {"uv": [4, 0, 4, 3], "rotation": 180, "texture": "#texture"},
				"down": {"uv": [4, 0, 4, 3], "texture": "#texture"}
			}
		},
		{
			"from": [12, 3, 13],
			"to": [12, 4, 16],
			"rotation": {"angle": 0, "axis": "x", "origin": [8, 1.5, 8]},
			"faces": {
				"north": {"uv": [0, 0, 0, 1], "rotation": 180, "texture": "#texture"},
				"east": {"uv": [4, 0, 5, 3], "rotation": 270, "texture": "#texture"},
				"south": {"uv": [0, 0, 0, 1], "texture": "#texture"},
				"west": {"uv": [4, 0, 5, 3], "rotation": 90, "texture": "#texture"},
				"up": {"uv": [4, 0, 4, 3], "rotation": 180, "texture": "#texture"},
				"down": {"uv": [4, 0, 4, 3], "texture": "#texture"}
			}
		},
		{
			"from": [12, 3, 13],
			"to": [13, 3, 16],
			"rotation": {"angle": 0, "axis": "x", "origin": [8, 1.5, 8]},
			"faces": {
				"north": {"uv": [0, 0, 1, 0], "rotation": 180, "texture": "#texture"},
				"east": {"uv": [5, 0, 5, 3], "rotation": 270, "texture": "#texture"},
				"south": {"uv": [0, 0, 1, 0], "texture": "#texture"},
				"west": {"uv": [5, 0, 5, 3], "rotation": 90, "texture": "#texture"},
				"up": {"uv": [5, 0, 6, 3], "rotation": 180, "texture": "#texture"},
				"down": {"uv": [5, 0, 6, 3], "texture": "#texture"}
			}
		},
		{
			"from": [12, 4, 13],
			"to": [13, 4, 16],
			"rotation": {"angle": 0, "axis": "x", "origin": [8, 1.5, 8]},
			"faces": {
				"north": {"uv": [0, 0, 1, 0], "rotation": 180, "texture": "#texture"},
				"east": {"uv": [5, 0, 5, 3], "rotation": 270, "texture": "#texture"},
				"south": {"uv": [0, 0, 1, 0], "texture": "#texture"},
				"west": {"uv": [5, 0, 5, 3], "rotation": 90, "texture": "#texture"},
				"up": {"uv": [5, 0, 6, 3], "rotation": 180, "texture": "#texture"},
				"down": {"uv": [5, 0, 6, 3], "texture": "#texture"}
			}
		},
		{
			"from": [11, 3, 13],
			"to": [11, 4, 16],
			"rotation": {"angle": 0, "axis": "x", "origin": [8, 1.5, 8]},
			"faces": {
				"north": {"uv": [0, 0, 0, 1], "rotation": 180, "texture": "#texture"},
				"east": {"uv": [4, 0, 5, 3], "rotation": 270, "texture": "#texture"},
				"south": {"uv": [0, 0, 0, 1], "texture": "#texture"},
				"west": {"uv": [4, 0, 5, 3], "rotation": 90, "texture": "#texture"},
				"up": {"uv": [4, 0, 4, 3], "rotation": 180, "texture": "#texture"},
				"down": {"uv": [4, 0, 4, 3], "texture": "#texture"}
			}
		},
		{
			"from": [10, 3, 13],
			"to": [10, 4, 16],
			"rotation": {"angle": 0, "axis": "x", "origin": [8, 1.5, 8]},
			"faces": {
				"north": {"uv": [0, 0, 0, 1], "rotation": 180, "texture": "#texture"},
				"east": {"uv": [4, 0, 5, 3], "rotation": 270, "texture": "#texture"},
				"south": {"uv": [0, 0, 0, 1], "texture": "#texture"},
				"west": {"uv": [4, 0, 5, 3], "rotation": 90, "texture": "#texture"},
				"up": {"uv": [4, 0, 4, 3], "rotation": 180, "texture": "#texture"},
				"down": {"uv": [4, 0, 4, 3], "texture": "#texture"}
			}
		},
		{
			"from": [10, 3, 13],
			"to": [11, 3, 16],
			"rotation": {"angle": 0, "axis": "x", "origin": [8, 1.5, 8]},
			"faces": {
				"north": {"uv": [0, 0, 1, 0], "rotation": 180, "texture": "#texture"},
				"east": {"uv": [5, 0, 5, 3], "rotation": 270, "texture": "#texture"},
				"south": {"uv": [0, 0, 1, 0], "texture": "#texture"},
				"west": {"uv": [5, 0, 5, 3], "rotation": 90, "texture": "#texture"},
				"up": {"uv": [5, 0, 6, 3], "rotation": 180, "texture": "#texture"},
				"down": {"uv": [5, 0, 6, 3], "texture": "#texture"}
			}
		},
		{
			"from": [10, 4, 13],
			"to": [11, 4, 16],
			"rotation": {"angle": 0, "axis": "x", "origin": [8, 1.5, 8]},
			"faces": {
				"north": {"uv": [0, 0, 1, 0], "rotation": 180, "texture": "#texture"},
				"east": {"uv": [5, 0, 5, 3], "rotation": 270, "texture": "#texture"},
				"south": {"uv": [0, 0, 1, 0], "texture": "#texture"},
				"west": {"uv": [5, 0, 5, 3], "rotation": 90, "texture": "#texture"},
				"up": {"uv": [5, 0, 6, 3], "rotation": 180, "texture": "#texture"},
				"down": {"uv": [5, 0, 6, 3], "texture": "#texture"}
			}
		},
		{
			"from": [13, 5, 13],
			"to": [13, 6, 16],
			"rotation": {"angle": 0, "axis": "x", "origin": [8, 1.5, 8]},
			"faces": {
				"north": {"uv": [0, 0, 0, 1], "rotation": 180, "texture": "#texture"},
				"east": {"uv": [4, 0, 5, 3], "rotation": 270, "texture": "#texture"},
				"south": {"uv": [0, 0, 0, 1], "texture": "#texture"},
				"west": {"uv": [4, 0, 5, 3], "rotation": 90, "texture": "#texture"},
				"up": {"uv": [4, 0, 4, 3], "rotation": 180, "texture": "#texture"},
				"down": {"uv": [4, 0, 4, 3], "texture": "#texture"}
			}
		},
		{
			"from": [12, 5, 13],
			"to": [12, 6, 16],
			"rotation": {"angle": 0, "axis": "x", "origin": [8, 1.5, 8]},
			"faces": {
				"north": {"uv": [0, 0, 0, 1], "rotation": 180, "texture": "#texture"},
				"east": {"uv": [4, 0, 5, 3], "rotation": 270, "texture": "#texture"},
				"south": {"uv": [0, 0, 0, 1], "texture": "#texture"},
				"west": {"uv": [4, 0, 5, 3], "rotation": 90, "texture": "#texture"},
				"up": {"uv": [4, 0, 4, 3], "rotation": 180, "texture": "#texture"},
				"down": {"uv": [4, 0, 4, 3], "texture": "#texture"}
			}
		},
		{
			"from": [12, 5, 13],
			"to": [13, 5, 16],
			"rotation": {"angle": 0, "axis": "x", "origin": [8, 1.5, 8]},
			"faces": {
				"north": {"uv": [0, 0, 1, 0], "rotation": 180, "texture": "#texture"},
				"east": {"uv": [5, 0, 5, 3], "rotation": 270, "texture": "#texture"},
				"south": {"uv": [0, 0, 1, 0], "texture": "#texture"},
				"west": {"uv": [5, 0, 5, 3], "rotation": 90, "texture": "#texture"},
				"up": {"uv": [5, 0, 6, 3], "rotation": 180, "texture": "#texture"},
				"down": {"uv": [5, 0, 6, 3], "texture": "#texture"}
			}
		},
		{
			"from": [12, 6, 13],
			"to": [13, 6, 16],
			"rotation": {"angle": 0, "axis": "x", "origin": [8, 1.5, 8]},
			"faces": {
				"north": {"uv": [0, 0, 1, 0], "rotation": 180, "texture": "#texture"},
				"east": {"uv": [5, 0, 5, 3], "rotation": 270, "texture": "#texture"},
				"south": {"uv": [0, 0, 1, 0], "texture": "#texture"},
				"west": {"uv": [5, 0, 5, 3], "rotation": 90, "texture": "#texture"},
				"up": {"uv": [5, 0, 6, 3], "rotation": 180, "texture": "#texture"},
				"down": {"uv": [5, 0, 6, 3], "texture": "#texture"}
			}
		},
		{
			"from": [11, 5, 13],
			"to": [11, 6, 16],
			"rotation": {"angle": 0, "axis": "x", "origin": [8, 1.5, 8]},
			"faces": {
				"north": {"uv": [0, 0, 0, 1], "rotation": 180, "texture": "#texture"},
				"east": {"uv": [4, 0, 5, 3], "rotation": 270, "texture": "#texture"},
				"south": {"uv": [0, 0, 0, 1], "texture": "#texture"},
				"west": {"uv": [4, 0, 5, 3], "rotation": 90, "texture": "#texture"},
				"up": {"uv": [4, 0, 4, 3], "rotation": 180, "texture": "#texture"},
				"down": {"uv": [4, 0, 4, 3], "texture": "#texture"}
			}
		},
		{
			"from": [10, 5, 13],
			"to": [10, 6, 16],
			"rotation": {"angle": 0, "axis": "x", "origin": [8, 1.5, 8]},
			"faces": {
				"north": {"uv": [0, 0, 0, 1], "rotation": 180, "texture": "#texture"},
				"east": {"uv": [4, 0, 5, 3], "rotation": 270, "texture": "#texture"},
				"south": {"uv": [0, 0, 0, 1], "texture": "#texture"},
				"west": {"uv": [4, 0, 5, 3], "rotation": 90, "texture": "#texture"},
				"up": {"uv": [4, 0, 4, 3], "rotation": 180, "texture": "#texture"},
				"down": {"uv": [4, 0, 4, 3], "texture": "#texture"}
			}
		},
		{
			"from": [10, 5, 13],
			"to": [11, 5, 16],
			"rotation": {"angle": 0, "axis": "x", "origin": [8, 1.5, 8]},
			"faces": {
				"north": {"uv": [0, 0, 1, 0], "rotation": 180, "texture": "#texture"},
				"east": {"uv": [5, 0, 5, 3], "rotation": 270, "texture": "#texture"},
				"south": {"uv": [0, 0, 1, 0], "texture": "#texture"},
				"west": {"uv": [5, 0, 5, 3], "rotation": 90, "texture": "#texture"},
				"up": {"uv": [5, 0, 6, 3], "rotation": 180, "texture": "#texture"},
				"down": {"uv": [5, 0, 6, 3], "texture": "#texture"}
			}
		},
		{
			"from": [10, 6, 13],
			"to": [11, 6, 16],
			"rotation": {"angle": 0, "axis": "x", "origin": [8, 1.5, 8]},
			"faces": {
				"north": {"uv": [0, 0, 1, 0], "rotation": 180, "texture": "#texture"},
				"east": {"uv": [5, 0, 5, 3], "rotation": 270, "texture": "#texture"},
				"south": {"uv": [0, 0, 1, 0], "texture": "#texture"},
				"west": {"uv": [5, 0, 5, 3], "rotation": 90, "texture": "#texture"},
				"up": {"uv": [5, 0, 6, 3], "rotation": 180, "texture": "#texture"},
				"down": {"uv": [5, 0, 6, 3], "texture": "#texture"}
			}
		},
		{
			"from": [13, 10, 13],
			"to": [13, 11, 16],
			"rotation": {"angle": 0, "axis": "x", "origin": [8, 1.5, 8]},
			"faces": {
				"north": {"uv": [0, 0, 0, 1], "rotation": 180, "texture": "#texture"},
				"east": {"uv": [4, 0, 5, 3], "rotation": 270, "texture": "#texture"},
				"south": {"uv": [0, 0, 0, 1], "texture": "#texture"},
				"west": {"uv": [4, 0, 5, 3], "rotation": 90, "texture": "#texture"},
				"up": {"uv": [4, 0, 4, 3], "rotation": 180, "texture": "#texture"},
				"down": {"uv": [4, 0, 4, 3], "texture": "#texture"}
			}
		},
		{
			"from": [12, 10, 13],
			"to": [12, 11, 16],
			"rotation": {"angle": 0, "axis": "x", "origin": [8, 1.5, 8]},
			"faces": {
				"north": {"uv": [0, 0, 0, 1], "rotation": 180, "texture": "#texture"},
				"east": {"uv": [4, 0, 5, 3], "rotation": 270, "texture": "#texture"},
				"south": {"uv": [0, 0, 0, 1], "texture": "#texture"},
				"west": {"uv": [4, 0, 5, 3], "rotation": 90, "texture": "#texture"},
				"up": {"uv": [4, 0, 4, 3], "rotation": 180, "texture": "#texture"},
				"down": {"uv": [4, 0, 4, 3], "texture": "#texture"}
			}
		},
		{
			"from": [12, 10, 13],
			"to": [13, 10, 16],
			"rotation": {"angle": 0, "axis": "x", "origin": [8, 1.5, 8]},
			"faces": {
				"north": {"uv": [0, 0, 1, 0], "rotation": 180, "texture": "#texture"},
				"east": {"uv": [5, 0, 5, 3], "rotation": 270, "texture": "#texture"},
				"south": {"uv": [0, 0, 1, 0], "texture": "#texture"},
				"west": {"uv": [5, 0, 5, 3], "rotation": 90, "texture": "#texture"},
				"up": {"uv": [5, 0, 6, 3], "rotation": 180, "texture": "#texture"},
				"down": {"uv": [5, 0, 6, 3], "texture": "#texture"}
			}
		},
		{
			"from": [12, 11, 13],
			"to": [13, 11, 16],
			"rotation": {"angle": 0, "axis": "x", "origin": [8, 1.5, 8]},
			"faces": {
				"north": {"uv": [0, 0, 1, 0], "rotation": 180, "texture": "#texture"},
				"east": {"uv": [5, 0, 5, 3], "rotation": 270, "texture": "#texture"},
				"south": {"uv": [0, 0, 1, 0], "texture": "#texture"},
				"west": {"uv": [5, 0, 5, 3], "rotation": 90, "texture": "#texture"},
				"up": {"uv": [5, 0, 6, 3], "rotation": 180, "texture": "#texture"},
				"down": {"uv": [5, 0, 6, 3], "texture": "#texture"}
			}
		},
		{
			"from": [11, 10, 13],
			"to": [11, 11, 16],
			"rotation": {"angle": 0, "axis": "x", "origin": [8, 1.5, 8]},
			"faces": {
				"north": {"uv": [0, 0, 0, 1], "rotation": 180, "texture": "#texture"},
				"east": {"uv": [4, 0, 5, 3], "rotation": 270, "texture": "#texture"},
				"south": {"uv": [0, 0, 0, 1], "texture": "#texture"},
				"west": {"uv": [4, 0, 5, 3], "rotation": 90, "texture": "#texture"},
				"up": {"uv": [4, 0, 4, 3], "rotation": 180, "texture": "#texture"},
				"down": {"uv": [4, 0, 4, 3], "texture": "#texture"}
			}
		},
		{
			"from": [10, 10, 13],
			"to": [10, 11, 16],
			"rotation": {"angle": 0, "axis": "x", "origin": [8, 1.5, 8]},
			"faces": {
				"north": {"uv": [0, 0, 0, 1], "rotation": 180, "texture": "#texture"},
				"east": {"uv": [4, 0, 5, 3], "rotation": 270, "texture": "#texture"},
				"south": {"uv": [0, 0, 0, 1], "texture": "#texture"},
				"west": {"uv": [4, 0, 5, 3], "rotation": 90, "texture": "#texture"},
				"up": {"uv": [4, 0, 4, 3], "rotation": 180, "texture": "#texture"},
				"down": {"uv": [4, 0, 4, 3], "texture": "#texture"}
			}
		},
		{
			"from": [10, 10, 13],
			"to": [11, 10, 16],
			"rotation": {"angle": 0, "axis": "x", "origin": [8, 1.5, 8]},
			"faces": {
				"north": {"uv": [0, 0, 1, 0], "rotation": 180, "texture": "#texture"},
				"east": {"uv": [5, 0, 5, 3], "rotation": 270, "texture": "#texture"},
				"south": {"uv": [0, 0, 1, 0], "texture": "#texture"},
				"west": {"uv": [5, 0, 5, 3], "rotation": 90, "texture": "#texture"},
				"up": {"uv": [5, 0, 6, 3], "rotation": 180, "texture": "#texture"},
				"down": {"uv": [5, 0, 6, 3], "texture": "#texture"}
			}
		},
		{
			"from": [10, 11, 13],
			"to": [11, 11, 16],
			"rotation": {"angle": 0, "axis": "x", "origin": [8, 1.5, 8]},
			"faces": {
				"north": {"uv": [0, 0, 1, 0], "rotation": 180, "texture": "#texture"},
				"east": {"uv": [5, 0, 5, 3], "rotation": 270, "texture": "#texture"},
				"south": {"uv": [0, 0, 1, 0], "texture": "#texture"},
				"west": {"uv": [5, 0, 5, 3], "rotation": 90, "texture": "#texture"},
				"up": {"uv": [5, 0, 6, 3], "rotation": 180, "texture": "#texture"},
				"down": {"uv": [5, 0, 6, 3], "texture": "#texture"}
			}
		},
		{
			"from": [13, 12, 13],
			"to": [13, 13, 16],
			"rotation": {"angle": 0, "axis": "x", "origin": [8, 1.5, 8]},
			"faces": {
				"north": {"uv": [0, 0, 0, 1], "rotation": 180, "texture": "#texture"},
				"east": {"uv": [4, 0, 5, 3], "rotation": 270, "texture": "#texture"},
				"south": {"uv": [0, 0, 0, 1], "texture": "#texture"},
				"west": {"uv": [4, 0, 5, 3], "rotation": 90, "texture": "#texture"},
				"up": {"uv": [4, 0, 4, 3], "rotation": 180, "texture": "#texture"},
				"down": {"uv": [4, 0, 4, 3], "texture": "#texture"}
			}
		},
		{
			"from": [12, 12, 13],
			"to": [12, 13, 16],
			"rotation": {"angle": 0, "axis": "x", "origin": [8, 1.5, 8]},
			"faces": {
				"north": {"uv": [0, 0, 0, 1], "rotation": 180, "texture": "#texture"},
				"east": {"uv": [4, 0, 5, 3], "rotation": 270, "texture": "#texture"},
				"south": {"uv": [0, 0, 0, 1], "texture": "#texture"},
				"west": {"uv": [4, 0, 5, 3], "rotation": 90, "texture": "#texture"},
				"up": {"uv": [4, 0, 4, 3], "rotation": 180, "texture": "#texture"},
				"down": {"uv": [4, 0, 4, 3], "texture": "#texture"}
			}
		},
		{
			"from": [12, 12, 13],
			"to": [13, 12, 16],
			"rotation": {"angle": 0, "axis": "x", "origin": [8, 1.5, 8]},
			"faces": {
				"north": {"uv": [0, 0, 1, 0], "rotation": 180, "texture": "#texture"},
				"east": {"uv": [5, 0, 5, 3], "rotation": 270, "texture": "#texture"},
				"south": {"uv": [0, 0, 1, 0], "texture": "#texture"},
				"west": {"uv": [5, 0, 5, 3], "rotation": 90, "texture": "#texture"},
				"up": {"uv": [5, 0, 6, 3], "rotation": 180, "texture": "#texture"},
				"down": {"uv": [5, 0, 6, 3], "texture": "#texture"}
			}
		},
		{
			"from": [12, 13, 13],
			"to": [13, 13, 16],
			"rotation": {"angle": 0, "axis": "x", "origin": [8, 1.5, 8]},
			"faces": {
				"north": {"uv": [0, 0, 1, 0], "rotation": 180, "texture": "#texture"},
				"east": {"uv": [5, 0, 5, 3], "rotation": 270, "texture": "#texture"},
				"south": {"uv": [0, 0, 1, 0], "texture": "#texture"},
				"west": {"uv": [5, 0, 5, 3], "rotation": 90, "texture": "#texture"},
				"up": {"uv": [5, 0, 6, 3], "rotation": 180, "texture": "#texture"},
				"down": {"uv": [5, 0, 6, 3], "texture": "#texture"}
			}
		},
		{
			"from": [11, 12, 13],
			"to": [11, 13, 16],
			"rotation": {"angle": 0, "axis": "x", "origin": [8, 1.5, 8]},
			"faces": {
				"north": {"uv": [0, 0, 0, 1], "rotation": 180, "texture": "#texture"},
				"east": {"uv": [4, 0, 5, 3], "rotation": 270, "texture": "#texture"},
				"south": {"uv": [0, 0, 0, 1], "texture": "#texture"},
				"west": {"uv": [4, 0, 5, 3], "rotation": 90, "texture": "#texture"},
				"up": {"uv": [4, 0, 4, 3], "rotation": 180, "texture": "#texture"},
				"down": {"uv": [4, 0, 4, 3], "texture": "#texture"}
			}
		},
		{
			"from": [10, 12, 13],
			"to": [10, 13, 16],
			"rotation": {"angle": 0, "axis": "x", "origin": [8, 1.5, 8]},
			"faces": {
				"north": {"uv": [0, 0, 0, 1], "rotation": 180, "texture": "#texture"},
				"east": {"uv": [4, 0, 5, 3], "rotation": 270, "texture": "#texture"},
				"south": {"uv": [0, 0, 0, 1], "texture": "#texture"},
				"west": {"uv": [4, 0, 5, 3], "rotation": 90, "texture": "#texture"},
				"up": {"uv": [4, 0, 4, 3], "rotation": 180, "texture": "#texture"},
				"down": {"uv": [4, 0, 4, 3], "texture": "#texture"}
			}
		},
		{
			"from": [10, 12, 13],
			"to": [11, 12, 16],
			"rotation": {"angle": 0, "axis": "x", "origin": [8, 1.5, 8]},
			"faces": {
				"north": {"uv": [0, 0, 1, 0], "rotation": 180, "texture": "#texture"},
				"east": {"uv": [5, 0, 5, 3], "rotation": 270, "texture": "#texture"},
				"south": {"uv": [0, 0, 1, 0], "texture": "#texture"},
				"west": {"uv": [5, 0, 5, 3], "rotation": 90, "texture": "#texture"},
				"up": {"uv": [5, 0, 6, 3], "rotation": 180, "texture": "#texture"},
				"down": {"uv": [5, 0, 6, 3], "texture": "#texture"}
			}
		},
		{
			"from": [10, 13, 13],
			"to": [11, 13, 16],
			"rotation": {"angle": 0, "axis": "x", "origin": [8, 1.5, 8]},
			"faces": {
				"north": {"uv": [0, 0, 1, 0], "rotation": 180, "texture": "#texture"},
				"east": {"uv": [5, 0, 5, 3], "rotation": 270, "texture": "#texture"},
				"south": {"uv": [0, 0, 1, 0], "texture": "#texture"},
				"west": {"uv": [5, 0, 5, 3], "rotation": 90, "texture": "#texture"},
				"up": {"uv": [5, 0, 6, 3], "rotation": 180, "texture": "#texture"},
				"down": {"uv": [5, 0, 6, 3], "texture": "#texture"}
			}
		},
		{
			"from": [6, 3, 13],
			"to": [6, 4, 16],
			"rotation": {"angle": 0, "axis": "x", "origin": [8, 1.5, 8]},
			"faces": {
				"north": {"uv": [0, 0, 0, 1], "rotation": 180, "texture": "#texture"},
				"east": {"uv": [4, 0, 5, 3], "rotation": 270, "texture": "#texture"},
				"south": {"uv": [0, 0, 0, 1], "texture": "#texture"},
				"west": {"uv": [4, 0, 5, 3], "rotation": 90, "texture": "#texture"},
				"up": {"uv": [4, 0, 4, 3], "rotation": 180, "texture": "#texture"},
				"down": {"uv": [4, 0, 4, 3], "texture": "#texture"}
			}
		},
		{
			"from": [5, 3, 13],
			"to": [5, 4, 16],
			"rotation": {"angle": 0, "axis": "x", "origin": [8, 1.5, 8]},
			"faces": {
				"north": {"uv": [0, 0, 0, 1], "rotation": 180, "texture": "#texture"},
				"east": {"uv": [4, 0, 5, 3], "rotation": 270, "texture": "#texture"},
				"south": {"uv": [0, 0, 0, 1], "texture": "#texture"},
				"west": {"uv": [4, 0, 5, 3], "rotation": 90, "texture": "#texture"},
				"up": {"uv": [4, 0, 4, 3], "rotation": 180, "texture": "#texture"},
				"down": {"uv": [4, 0, 4, 3], "texture": "#texture"}
			}
		},
		{
			"from": [5, 3, 13],
			"to": [6, 3, 16],
			"rotation": {"angle": 0, "axis": "x", "origin": [8, 1.5, 8]},
			"faces": {
				"north": {"uv": [0, 0, 1, 0], "rotation": 180, "texture": "#texture"},
				"east": {"uv": [5, 0, 5, 3], "rotation": 270, "texture": "#texture"},
				"south": {"uv": [0, 0, 1, 0], "texture": "#texture"},
				"west": {"uv": [5, 0, 5, 3], "rotation": 90, "texture": "#texture"},
				"up": {"uv": [5, 0, 6, 3], "rotation": 180, "texture": "#texture"},
				"down": {"uv": [5, 0, 6, 3], "texture": "#texture"}
			}
		},
		{
			"from": [5, 4, 13],
			"to": [6, 4, 16],
			"rotation": {"angle": 0, "axis": "x", "origin": [8, 1.5, 8]},
			"faces": {
				"north": {"uv": [0, 0, 1, 0], "rotation": 180, "texture": "#texture"},
				"east": {"uv": [5, 0, 5, 3], "rotation": 270, "texture": "#texture"},
				"south": {"uv": [0, 0, 1, 0], "texture": "#texture"},
				"west": {"uv": [5, 0, 5, 3], "rotation": 90, "texture": "#texture"},
				"up": {"uv": [5, 0, 6, 3], "rotation": 180, "texture": "#texture"},
				"down": {"uv": [5, 0, 6, 3], "texture": "#texture"}
			}
		},
		{
			"from": [4, 3, 13],
			"to": [4, 4, 16],
			"rotation": {"angle": 0, "axis": "x", "origin": [8, 1.5, 8]},
			"faces": {
				"north": {"uv": [0, 0, 0, 1], "rotation": 180, "texture": "#texture"},
				"east": {"uv": [4, 0, 5, 3], "rotation": 270, "texture": "#texture"},
				"south": {"uv": [0, 0, 0, 1], "texture": "#texture"},
				"west": {"uv": [4, 0, 5, 3], "rotation": 90, "texture": "#texture"},
				"up": {"uv": [4, 0, 4, 3], "rotation": 180, "texture": "#texture"},
				"down": {"uv": [4, 0, 4, 3], "texture": "#texture"}
			}
		},
		{
			"from": [3, 3, 13],
			"to": [3, 4, 16],
			"rotation": {"angle": 0, "axis": "x", "origin": [8, 1.5, 8]},
			"faces": {
				"north": {"uv": [0, 0, 0, 1], "rotation": 180, "texture": "#texture"},
				"east": {"uv": [4, 0, 5, 3], "rotation": 270, "texture": "#texture"},
				"south": {"uv": [0, 0, 0, 1], "texture": "#texture"},
				"west": {"uv": [4, 0, 5, 3], "rotation": 90, "texture": "#texture"},
				"up": {"uv": [4, 0, 4, 3], "rotation": 180, "texture": "#texture"},
				"down": {"uv": [4, 0, 4, 3], "texture": "#texture"}
			}
		},
		{
			"from": [3, 3, 13],
			"to": [4, 3, 16],
			"rotation": {"angle": 0, "axis": "x", "origin": [8, 1.5, 8]},
			"faces": {
				"north": {"uv": [0, 0, 1, 0], "rotation": 180, "texture": "#texture"},
				"east": {"uv": [5, 0, 5, 3], "rotation": 270, "texture": "#texture"},
				"south": {"uv": [0, 0, 1, 0], "texture": "#texture"},
				"west": {"uv": [5, 0, 5, 3], "rotation": 90, "texture": "#texture"},
				"up": {"uv": [5, 0, 6, 3], "rotation": 180, "texture": "#texture"},
				"down": {"uv": [5, 0, 6, 3], "texture": "#texture"}
			}
		},
		{
			"from": [3, 4, 13],
			"to": [4, 4, 16],
			"rotation": {"angle": 0, "axis": "x", "origin": [8, 1.5, 8]},
			"faces": {
				"north": {"uv": [0, 0, 1, 0], "rotation": 180, "texture": "#texture"},
				"east": {"uv": [5, 0, 5, 3], "rotation": 270, "texture": "#texture"},
				"south": {"uv": [0, 0, 1, 0], "texture": "#texture"},
				"west": {"uv": [5, 0, 5, 3], "rotation": 90, "texture": "#texture"},
				"up": {"uv": [5, 0, 6, 3], "rotation": 180, "texture": "#texture"},
				"down": {"uv": [5, 0, 6, 3], "texture": "#texture"}
			}
		},
		{
			"from": [6, 5, 13],
			"to": [6, 6, 16],
			"rotation": {"angle": 0, "axis": "x", "origin": [8, 1.5, 8]},
			"faces": {
				"north": {"uv": [0, 0, 0, 1], "rotation": 180, "texture": "#texture"},
				"east": {"uv": [4, 0, 5, 3], "rotation": 270, "texture": "#texture"},
				"south": {"uv": [0, 0, 0, 1], "texture": "#texture"},
				"west": {"uv": [4, 0, 5, 3], "rotation": 90, "texture": "#texture"},
				"up": {"uv": [4, 0, 4, 3], "rotation": 180, "texture": "#texture"},
				"down": {"uv": [4, 0, 4, 3], "texture": "#texture"}
			}
		},
		{
			"from": [5, 5, 13],
			"to": [5, 6, 16],
			"rotation": {"angle": 0, "axis": "x", "origin": [8, 1.5, 8]},
			"faces": {
				"north": {"uv": [0, 0, 0, 1], "rotation": 180, "texture": "#texture"},
				"east": {"uv": [4, 0, 5, 3], "rotation": 270, "texture": "#texture"},
				"south": {"uv": [0, 0, 0, 1], "texture": "#texture"},
				"west": {"uv": [4, 0, 5, 3], "rotation": 90, "texture": "#texture"},
				"up": {"uv": [4, 0, 4, 3], "rotation": 180, "texture": "#texture"},
				"down": {"uv": [4, 0, 4, 3], "texture": "#texture"}
			}
		},
		{
			"from": [5, 5, 13],
			"to": [6, 5, 16],
			"rotation": {"angle": 0, "axis": "x", "origin": [8, 1.5, 8]},
			"faces": {
				"north": {"uv": [0, 0, 1, 0], "rotation": 180, "texture": "#texture"},
				"east": {"uv": [5, 0, 5, 3], "rotation": 270, "texture": "#texture"},
				"south": {"uv": [0, 0, 1, 0], "texture": "#texture"},
				"west": {"uv": [5, 0, 5, 3], "rotation": 90, "texture": "#texture"},
				"up": {"uv": [5, 0, 6, 3], "rotation": 180, "texture": "#texture"},
				"down": {"uv": [5, 0, 6, 3], "texture": "#texture"}
			}
		},
		{
			"from": [5, 6, 13],
			"to": [6, 6, 16],
			"rotation": {"angle": 0, "axis": "x", "origin": [8, 1.5, 8]},
			"faces": {
				"north": {"uv": [0, 0, 1, 0], "rotation": 180, "texture": "#texture"},
				"east": {"uv": [5, 0, 5, 3], "rotation": 270, "texture": "#texture"},
				"south": {"uv": [0, 0, 1, 0], "texture": "#texture"},
				"west": {"uv": [5, 0, 5, 3], "rotation": 90, "texture": "#texture"},
				"up": {"uv": [5, 0, 6, 3], "rotation": 180, "texture": "#texture"},
				"down": {"uv": [5, 0, 6, 3], "texture": "#texture"}
			}
		},
		{
			"from": [4, 5, 13],
			"to": [4, 6, 16],
			"rotation": {"angle": 0, "axis": "x", "origin": [8, 1.5, 8]},
			"faces": {
				"north": {"uv": [0, 0, 0, 1], "rotation": 180, "texture": "#texture"},
				"east": {"uv": [4, 0, 5, 3], "rotation": 270, "texture": "#texture"},
				"south": {"uv": [0, 0, 0, 1], "texture": "#texture"},
				"west": {"uv": [4, 0, 5, 3], "rotation": 90, "texture": "#texture"},
				"up": {"uv": [4, 0, 4, 3], "rotation": 180, "texture": "#texture"},
				"down": {"uv": [4, 0, 4, 3], "texture": "#texture"}
			}
		},
		{
			"from": [3, 5, 13],
			"to": [3, 6, 16],
			"rotation": {"angle": 0, "axis": "x", "origin": [8, 1.5, 8]},
			"faces": {
				"north": {"uv": [0, 0, 0, 1], "rotation": 180, "texture": "#texture"},
				"east": {"uv": [4, 0, 5, 3], "rotation": 270, "texture": "#texture"},
				"south": {"uv": [0, 0, 0, 1], "texture": "#texture"},
				"west": {"uv": [4, 0, 5, 3], "rotation": 90, "texture": "#texture"},
				"up": {"uv": [4, 0, 4, 3], "rotation": 180, "texture": "#texture"},
				"down": {"uv": [4, 0, 4, 3], "texture": "#texture"}
			}
		},
		{
			"from": [3, 5, 13],
			"to": [4, 5, 16],
			"rotation": {"angle": 0, "axis": "x", "origin": [8, 1.5, 8]},
			"faces": {
				"north": {"uv": [0, 0, 1, 0], "rotation": 180, "texture": "#texture"},
				"east": {"uv": [5, 0, 5, 3], "rotation": 270, "texture": "#texture"},
				"south": {"uv": [0, 0, 1, 0], "texture": "#texture"},
				"west": {"uv": [5, 0, 5, 3], "rotation": 90, "texture": "#texture"},
				"up": {"uv": [5, 0, 6, 3], "rotation": 180, "texture": "#texture"},
				"down": {"uv": [5, 0, 6, 3], "texture": "#texture"}
			}
		},
		{
			"from": [3, 6, 13],
			"to": [4, 6, 16],
			"rotation": {"angle": 0, "axis": "x", "origin": [8, 1.5, 8]},
			"faces": {
				"north": {"uv": [0, 0, 1, 0], "rotation": 180, "texture": "#texture"},
				"east": {"uv": [5, 0, 5, 3], "rotation": 270, "texture": "#texture"},
				"south": {"uv": [0, 0, 1, 0], "texture": "#texture"},
				"west": {"uv": [5, 0, 5, 3], "rotation": 90, "texture": "#texture"},
				"up": {"uv": [5, 0, 6, 3], "rotation": 180, "texture": "#texture"},
				"down": {"uv": [5, 0, 6, 3], "texture": "#texture"}
			}
		},
		{
			"from": [6, 10, 13],
			"to": [6, 11, 16],
			"rotation": {"angle": 0, "axis": "x", "origin": [8, 1.5, 8]},
			"faces": {
				"north": {"uv": [0, 0, 0, 1], "rotation": 180, "texture": "#texture"},
				"east": {"uv": [4, 0, 5, 3], "rotation": 270, "texture": "#texture"},
				"south": {"uv": [0, 0, 0, 1], "texture": "#texture"},
				"west": {"uv": [4, 0, 5, 3], "rotation": 90, "texture": "#texture"},
				"up": {"uv": [4, 0, 4, 3], "rotation": 180, "texture": "#texture"},
				"down": {"uv": [4, 0, 4, 3], "texture": "#texture"}
			}
		},
		{
			"from": [5, 10, 13],
			"to": [5, 11, 16],
			"rotation": {"angle": 0, "axis": "x", "origin": [8, 1.5, 8]},
			"faces": {
				"north": {"uv": [0, 0, 0, 1], "rotation": 180, "texture": "#texture"},
				"east": {"uv": [4, 0, 5, 3], "rotation": 270, "texture": "#texture"},
				"south": {"uv": [0, 0, 0, 1], "texture": "#texture"},
				"west": {"uv": [4, 0, 5, 3], "rotation": 90, "texture": "#texture"},
				"up": {"uv": [4, 0, 4, 3], "rotation": 180, "texture": "#texture"},
				"down": {"uv": [4, 0, 4, 3], "texture": "#texture"}
			}
		},
		{
			"from": [5, 10, 13],
			"to": [6, 10, 16],
			"rotation": {"angle": 0, "axis": "x", "origin": [8, 1.5, 8]},
			"faces": {
				"north": {"uv": [0, 0, 1, 0], "rotation": 180, "texture": "#texture"},
				"east": {"uv": [5, 0, 5, 3], "rotation": 270, "texture": "#texture"},
				"south": {"uv": [0, 0, 1, 0], "texture": "#texture"},
				"west": {"uv": [5, 0, 5, 3], "rotation": 90, "texture": "#texture"},
				"up": {"uv": [5, 0, 6, 3], "rotation": 180, "texture": "#texture"},
				"down": {"uv": [5, 0, 6, 3], "texture": "#texture"}
			}
		},
		{
			"from": [5, 11, 13],
			"to": [6, 11, 16],
			"rotation": {"angle": 0, "axis": "x", "origin": [8, 1.5, 8]},
			"faces": {
				"north": {"uv": [0, 0, 1, 0], "rotation": 180, "texture": "#texture"},
				"east": {"uv": [5, 0, 5, 3], "rotation": 270, "texture": "#texture"},
				"south": {"uv": [0, 0, 1, 0], "texture": "#texture"},
				"west": {"uv": [5, 0, 5, 3], "rotation": 90, "texture": "#texture"},
				"up": {"uv": [5, 0, 6, 3], "rotation": 180, "texture": "#texture"},
				"down": {"uv": [5, 0, 6, 3], "texture": "#texture"}
			}
		},
		{
			"from": [4, 10, 13],
			"to": [4, 11, 16],
			"rotation": {"angle": 0, "axis": "x", "origin": [8, 1.5, 8]},
			"faces": {
				"north": {"uv": [0, 0, 0, 1], "rotation": 180, "texture": "#texture"},
				"east": {"uv": [4, 0, 5, 3], "rotation": 270, "texture": "#texture"},
				"south": {"uv": [0, 0, 0, 1], "texture": "#texture"},
				"west": {"uv": [4, 0, 5, 3], "rotation": 90, "texture": "#texture"},
				"up": {"uv": [4, 0, 4, 3], "rotation": 180, "texture": "#texture"},
				"down": {"uv": [4, 0, 4, 3], "texture": "#texture"}
			}
		},
		{
			"from": [3, 10, 13],
			"to": [3, 11, 16],
			"rotation": {"angle": 0, "axis": "x", "origin": [8, 1.5, 8]},
			"faces": {
				"north": {"uv": [0, 0, 0, 1], "rotation": 180, "texture": "#texture"},
				"east": {"uv": [4, 0, 5, 3], "rotation": 270, "texture": "#texture"},
				"south": {"uv": [0, 0, 0, 1], "texture": "#texture"},
				"west": {"uv": [4, 0, 5, 3], "rotation": 90, "texture": "#texture"},
				"up": {"uv": [4, 0, 4, 3], "rotation": 180, "texture": "#texture"},
				"down": {"uv": [4, 0, 4, 3], "texture": "#texture"}
			}
		},
		{
			"from": [3, 10, 13],
			"to": [4, 10, 16],
			"rotation": {"angle": 0, "axis": "x", "origin": [8, 1.5, 8]},
			"faces": {
				"north": {"uv": [0, 0, 1, 0], "rotation": 180, "texture": "#texture"},
				"east": {"uv": [5, 0, 5, 3], "rotation": 270, "texture": "#texture"},
				"south": {"uv": [0, 0, 1, 0], "texture": "#texture"},
				"west": {"uv": [5, 0, 5, 3], "rotation": 90, "texture": "#texture"},
				"up": {"uv": [5, 0, 6, 3], "rotation": 180, "texture": "#texture"},
				"down": {"uv": [5, 0, 6, 3], "texture": "#texture"}
			}
		},
		{
			"from": [3, 11, 13],
			"to": [4, 11, 16],
			"rotation": {"angle": 0, "axis": "x", "origin": [8, 1.5, 8]},
			"faces": {
				"north": {"uv": [0, 0, 1, 0], "rotation": 180, "texture": "#texture"},
				"east": {"uv": [5, 0, 5, 3], "rotation": 270, "texture": "#texture"},
				"south": {"uv": [0, 0, 1, 0], "texture": "#texture"},
				"west": {"uv": [5, 0, 5, 3], "rotation": 90, "texture": "#texture"},
				"up": {"uv": [5, 0, 6, 3], "rotation": 180, "texture": "#texture"},
				"down": {"uv": [5, 0, 6, 3], "texture": "#texture"}
			}
		},
		{
			"from": [6, 12, 13],
			"to": [6, 13, 16],
			"rotation": {"angle": 0, "axis": "x", "origin": [8, 1.5, 8]},
			"faces": {
				"north": {"uv": [0, 0, 0, 1], "rotation": 180, "texture": "#texture"},
				"east": {"uv": [4, 0, 5, 3], "rotation": 270, "texture": "#texture"},
				"south": {"uv": [0, 0, 0, 1], "texture": "#texture"},
				"west": {"uv": [4, 0, 5, 3], "rotation": 90, "texture": "#texture"},
				"up": {"uv": [4, 0, 4, 3], "rotation": 180, "texture": "#texture"},
				"down": {"uv": [4, 0, 4, 3], "texture": "#texture"}
			}
		},
		{
			"from": [5, 12, 13],
			"to": [5, 13, 16],
			"rotation": {"angle": 0, "axis": "x", "origin": [8, 1.5, 8]},
			"faces": {
				"north": {"uv": [0, 0, 0, 1], "rotation": 180, "texture": "#texture"},
				"east": {"uv": [4, 0, 5, 3], "rotation": 270, "texture": "#texture"},
				"south": {"uv": [0, 0, 0, 1], "texture": "#texture"},
				"west": {"uv": [4, 0, 5, 3], "rotation": 90, "texture": "#texture"},
				"up": {"uv": [4, 0, 4, 3], "rotation": 180, "texture": "#texture"},
				"down": {"uv": [4, 0, 4, 3], "texture": "#texture"}
			}
		},
		{
			"from": [5, 12, 13],
			"to": [6, 12, 16],
			"rotation": {"angle": 0, "axis": "x", "origin": [8, 1.5, 8]},
			"faces": {
				"north": {"uv": [0, 0, 1, 0], "rotation": 180, "texture": "#texture"},
				"east": {"uv": [5, 0, 5, 3], "rotation": 270, "texture": "#texture"},
				"south": {"uv": [0, 0, 1, 0], "texture": "#texture"},
				"west": {"uv": [5, 0, 5, 3], "rotation": 90, "texture": "#texture"},
				"up": {"uv": [5, 0, 6, 3], "rotation": 180, "texture": "#texture"},
				"down": {"uv": [5, 0, 6, 3], "texture": "#texture"}
			}
		},
		{
			"from": [5, 13, 13],
			"to": [6, 13, 16],
			"rotation": {"angle": 0, "axis": "x", "origin": [8, 1.5, 8]},
			"faces": {
				"north": {"uv": [0, 0, 1, 0], "rotation": 180, "texture": "#texture"},
				"east": {"uv": [5, 0, 5, 3], "rotation": 270, "texture": "#texture"},
				"south": {"uv": [0, 0, 1, 0], "texture": "#texture"},
				"west": {"uv": [5, 0, 5, 3], "rotation": 90, "texture": "#texture"},
				"up": {"uv": [5, 0, 6, 3], "rotation": 180, "texture": "#texture"},
				"down": {"uv": [5, 0, 6, 3], "texture": "#texture"}
			}
		},
		{
			"from": [4, 12, 13],
			"to": [4, 13, 16],
			"rotation": {"angle": 0, "axis": "x", "origin": [8, 1.5, 8]},
			"faces": {
				"north": {"uv": [0, 0, 0, 1], "rotation": 180, "texture": "#texture"},
				"east": {"uv": [4, 0, 5, 3], "rotation": 270, "texture": "#texture"},
				"south": {"uv": [0, 0, 0, 1], "texture": "#texture"},
				"west": {"uv": [4, 0, 5, 3], "rotation": 90, "texture": "#texture"},
				"up": {"uv": [4, 0, 4, 3], "rotation": 180, "texture": "#texture"},
				"down": {"uv": [4, 0, 4, 3], "texture": "#texture"}
			}
		},
		{
			"from": [3, 12, 13],
			"to": [3, 13, 16],
			"rotation": {"angle": 0, "axis": "x", "origin": [8, 1.5, 8]},
			"faces": {
				"north": {"uv": [0, 0, 0, 1], "rotation": 180, "texture": "#texture"},
				"east": {"uv": [4, 0, 5, 3], "rotation": 270, "texture": "#texture"},
				"south": {"uv": [0, 0, 0, 1], "texture": "#texture"},
				"west": {"uv": [4, 0, 5, 3], "rotation": 90, "texture": "#texture"},
				"up": {"uv": [4, 0, 4, 3], "rotation": 180, "texture": "#texture"},
				"down": {"uv": [4, 0, 4, 3], "texture": "#texture"}
			}
		},
		{
			"from": [3, 12, 13],
			"to": [4, 12, 16],
			"rotation": {"angle": 0, "axis": "x", "origin": [8, 1.5, 8]},
			"faces": {
				"north": {"uv": [0, 0, 1, 0], "rotation": 180, "texture": "#texture"},
				"east": {"uv": [5, 0, 5, 3], "rotation": 270, "texture": "#texture"},
				"south": {"uv": [0, 0, 1, 0], "texture": "#texture"},
				"west": {"uv": [5, 0, 5, 3], "rotation": 90, "texture": "#texture"},
				"up": {"uv": [5, 0, 6, 3], "rotation": 180, "texture": "#texture"},
				"down": {"uv": [5, 0, 6, 3], "texture": "#texture"}
			}
		},
		{
			"from": [3, 13, 13],
			"to": [4, 13, 16],
			"rotation": {"angle": 0, "axis": "x", "origin": [8, 1.5, 8]},
			"faces": {
				"north": {"uv": [0, 0, 1, 0], "rotation": 180, "texture": "#texture"},
				"east": {"uv": [5, 0, 5, 3], "rotation": 270, "texture": "#texture"},
				"south": {"uv": [0, 0, 1, 0], "texture": "#texture"},
				"west": {"uv": [5, 0, 5, 3], "rotation": 90, "texture": "#texture"},
				"up": {"uv": [5, 0, 6, 3], "rotation": 180, "texture": "#texture"},
				"down": {"uv": [5, 0, 6, 3], "texture": "#texture"}
			}
		},
		{
			"from": [13, 7, 13],
			"to": [13, 9, 16],
			"rotation": {"angle": 0, "axis": "x", "origin": [8, 1.5, 8]},
			"faces": {
				"north": {"uv": [0, 0, 2, 0], "rotation": 270, "texture": "#texture"},
				"east": {"uv": [3, 0, 5, 3], "rotation": 270, "texture": "#texture"},
				"south": {"uv": [0, 0, 2, 0], "rotation": 270, "texture": "#texture"},
				"west": {"uv": [3, 0, 5, 3], "rotation": 90, "texture": "#texture"},
				"up": {"uv": [3, 0, 3, 3], "rotation": 180, "texture": "#texture"},
				"down": {"uv": [3, 0, 3, 3], "texture": "#texture"}
			}
		},
		{
			"from": [12, 7, 13],
			"to": [12, 9, 16],
			"rotation": {"angle": 0, "axis": "x", "origin": [8, 1.5, 8]},
			"faces": {
				"north": {"uv": [0, 0, 2, 0], "rotation": 270, "texture": "#texture"},
				"east": {"uv": [3, 0, 5, 3], "rotation": 270, "texture": "#texture"},
				"south": {"uv": [0, 0, 2, 0], "rotation": 270, "texture": "#texture"},
				"west": {"uv": [3, 0, 5, 3], "rotation": 90, "texture": "#texture"},
				"up": {"uv": [3, 0, 3, 3], "rotation": 180, "texture": "#texture"},
				"down": {"uv": [3, 0, 3, 3], "texture": "#texture"}
			}
		},
		{
			"from": [12, 9, 13],
			"to": [13, 9, 16],
			"rotation": {"angle": 0, "axis": "x", "origin": [8, 1.5, 8]},
			"faces": {
				"north": {"uv": [0, 0, 0, 1], "rotation": 270, "texture": "#texture"},
				"east": {"uv": [4, 0, 4, 3], "rotation": 270, "texture": "#texture"},
				"south": {"uv": [0, 0, 0, 1], "rotation": 270, "texture": "#texture"},
				"west": {"uv": [4, 0, 4, 3], "rotation": 90, "texture": "#texture"},
				"up": {"uv": [4, 0, 5, 3], "rotation": 180, "texture": "#texture"},
				"down": {"uv": [4, 0, 5, 3], "texture": "#texture"}
			}
		},
		{
			"from": [12, 7, 13],
			"to": [13, 7, 16],
			"rotation": {"angle": 0, "axis": "x", "origin": [8, 1.5, 8]},
			"faces": {
				"north": {"uv": [0, 0, 0, 1], "rotation": 270, "texture": "#texture"},
				"east": {"uv": [4, 0, 4, 3], "rotation": 270, "texture": "#texture"},
				"south": {"uv": [0, 0, 0, 1], "rotation": 270, "texture": "#texture"},
				"west": {"uv": [4, 0, 4, 3], "rotation": 90, "texture": "#texture"},
				"up": {"uv": [4, 0, 5, 3], "rotation": 180, "texture": "#texture"},
				"down": {"uv": [4, 0, 5, 3], "texture": "#texture"}
			}
		},
		{
			"from": [4, 7, 13],
			"to": [4, 9, 16],
			"rotation": {"angle": 0, "axis": "x", "origin": [8, 1.5, 8]},
			"faces": {
				"north": {"uv": [0, 0, 2, 0], "rotation": 270, "texture": "#texture"},
				"east": {"uv": [3, 0, 5, 3], "rotation": 270, "texture": "#texture"},
				"south": {"uv": [0, 0, 2, 0], "rotation": 270, "texture": "#texture"},
				"west": {"uv": [3, 0, 5, 3], "rotation": 90, "texture": "#texture"},
				"up": {"uv": [3, 0, 3, 3], "rotation": 180, "texture": "#texture"},
				"down": {"uv": [3, 0, 3, 3], "texture": "#texture"}
			}
		},
		{
			"from": [3, 7, 13],
			"to": [3, 9, 16],
			"rotation": {"angle": 0, "axis": "x", "origin": [8, 1.5, 8]},
			"faces": {
				"north": {"uv": [0, 0, 2, 0], "rotation": 270, "texture": "#texture"},
				"east": {"uv": [3, 0, 5, 3], "rotation": 270, "texture": "#texture"},
				"south": {"uv": [0, 0, 2, 0], "rotation": 270, "texture": "#texture"},
				"west": {"uv": [3, 0, 5, 3], "rotation": 90, "texture": "#texture"},
				"up": {"uv": [3, 0, 3, 3], "rotation": 180, "texture": "#texture"},
				"down": {"uv": [3, 0, 3, 3], "texture": "#texture"}
			}
		},
		{
			"from": [3, 9, 13],
			"to": [4, 9, 16],
			"rotation": {"angle": 0, "axis": "x", "origin": [8, 1.5, 8]},
			"faces": {
				"north": {"uv": [0, 0, 0, 1], "rotation": 270, "texture": "#texture"},
				"east": {"uv": [4, 0, 4, 3], "rotation": 270, "texture": "#texture"},
				"south": {"uv": [0, 0, 0, 1], "rotation": 270, "texture": "#texture"},
				"west": {"uv": [4, 0, 4, 3], "rotation": 90, "texture": "#texture"},
				"up": {"uv": [4, 0, 5, 3], "rotation": 180, "texture": "#texture"},
				"down": {"uv": [4, 0, 5, 3], "texture": "#texture"}
			}
		}
	],
	"groups": [
		0,
		{
			"name": "group",
			"origin": [0, 0, 0],
			"color": 0,
			"nbt": "{}",
			"children": [
				1,
				2,
				3,
				4,
				5,
				6,
				7,
				8,
				9,
				10,
				11,
				12,
				13,
				14,
				15,
				16,
				17,
				18,
				19,
				20,
				21,
				22,
				23,
				24,
				25,
				26,
				27,
				28,
				29,
				30,
				31,
				32,
				33,
				34,
				35,
				36,
				37,
				38,
				39,
				40,
				41,
				42,
				43,
				44,
				45,
				46,
				47,
				48,
				49,
				50,
				51,
				52,
				53,
				54,
				55,
				56,
				57,
				58,
				59,
				60,
				61,
				62,
				63,
				64,
				65,
				66,
				67,
				68,
				69,
				70,
				71,
				72,
				73,
				74,
				75,
				76,
				77,
				78,
				79,
				80,
				81,
				82,
				83,
				84,
				85,
				86,
				87,
				88,
				89,
				90,
				91,
				92
			]
		}
	]
}