{
	"credit": "Made by CuDsan",
	"ambientocclusion": false,
	"textures": {
		"particle": "block/cherry_door_top",
		"top": "block/cherry_door_top"
	},
	"elements": [
		{
			"from": [0, 0, 0],
			"to": [3, 16, 16],
			"faces": {
				"north": {"uv": [3, 0, 0, 16], "texture": "#top", "cullface": "north"},
				"east": {"uv": [0, 0, 16, 16], "texture": "#top"},
				"south": {"uv": [0, 0, 3, 16], "texture": "#top", "cullface": "south"},
				"west": {"uv": [16, 0, 0, 16], "texture": "#top", "cullface": "west"},
				"up": {"uv": [0, 0, 16, 3], "rotation": 270, "texture": "#top", "cullface": "up"}
			}
		},
		{
			"from": [0, 9, 10],
			"to": [3, 9, 11],
			"rotation": {"angle": 0, "axis": "y", "origin": [1.5, 6, 8]},
			"faces": {
				"north": {"uv": [1, 0, 4, 0], "texture": "#top"},
				"east": {"uv": [1, 0, 2, 0], "texture": "#top"},
				"south": {"uv": [1, 0, 4, 0], "texture": "#top"},
				"west": {"uv": [1, 0, 2, 0], "texture": "#top"},
				"up": {"uv": [1, 0, 2, 3], "rotation": 90, "texture": "#top"},
				"down": {"uv": [1, 0, 2, 3], "rotation": 270, "texture": "#top"}
			}
		},
		{
			"from": [0, 9, 11],
			"to": [3, 10, 11],
			"rotation": {"angle": 0, "axis": "y", "origin": [1.5, 6, 8]},
			"faces": {
				"north": {"uv": [1, 0, 4, 1], "texture": "#top"},
				"east": {"uv": [1, 0, 1, 1], "texture": "#top"},
				"south": {"uv": [1, 0, 4, 1], "texture": "#top"},
				"west": {"uv": [1, 0, 1, 1], "texture": "#top"},
				"up": {"uv": [1, 0, 1, 3], "rotation": 90, "texture": "#top"},
				"down": {"uv": [1, 0, 1, 3], "rotation": 270, "texture": "#top"}
			}
		},
		{
			"from": [0, 10, 11],
			"to": [3, 10, 12],
			"rotation": {"angle": 0, "axis": "y", "origin": [1.5, 6, 8]},
			"faces": {
				"north": {"uv": [1, 0, 4, 0], "texture": "#top"},
				"east": {"uv": [1, 0, 2, 0], "texture": "#top"},
				"south": {"uv": [1, 0, 4, 0], "texture": "#top"},
				"west": {"uv": [1, 0, 2, 0], "texture": "#top"},
				"up": {"uv": [1, 0, 2, 3], "rotation": 90, "texture": "#top"},
				"down": {"uv": [1, 0, 2, 3], "rotation": 270, "texture": "#top"}
			}
		},
		{
			"from": [0, 10, 12],
			"to": [3, 11, 12],
			"rotation": {"angle": 0, "axis": "y", "origin": [1.5, 6, 8]},
			"faces": {
				"north": {"uv": [1, 3, 4, 4], "texture": "#top"},
				"east": {"uv": [1, 0, 1, 1], "texture": "#top"},
				"south": {"uv": [1, 0, 4, 1], "texture": "#top"},
				"west": {"uv": [1, 0, 1, 1], "texture": "#top"},
				"up": {"uv": [1, 0, 1, 3], "rotation": 90, "texture": "#top"},
				"down": {"uv": [1, 0, 1, 3], "rotation": 270, "texture": "#top"}
			}
		},
		{
			"from": [0, 11, 11],
			"to": [3, 11, 12],
			"rotation": {"angle": 0, "axis": "y", "origin": [1.5, 6, 8]},
			"faces": {
				"north": {"uv": [1, 0, 4, 0], "texture": "#top"},
				"east": {"uv": [1, 0, 2, 0], "texture": "#top"},
				"south": {"uv": [1, 0, 4, 0], "texture": "#top"},
				"west": {"uv": [1, 0, 2, 0], "texture": "#top"},
				"up": {"uv": [1, 0, 2, 3], "rotation": 90, "texture": "#top"},
				"down": {"uv": [3, 4, 4, 7], "rotation": 270, "texture": "#top"}
			}
		},
		{
			"from": [0, 11, 11],
			"to": [3, 12, 11],
			"rotation": {"angle": 0, "axis": "y", "origin": [1.5, 6, 8]},
			"faces": {
				"north": {"uv": [3, 3, 6, 4], "texture": "#top"},
				"east": {"uv": [1, 0, 1, 1], "texture": "#top"},
				"south": {"uv": [1, 0, 4, 1], "texture": "#top"},
				"west": {"uv": [1, 0, 1, 1], "texture": "#top"},
				"up": {"uv": [1, 0, 1, 3], "rotation": 90, "texture": "#top"},
				"down": {"uv": [1, 0, 1, 3], "rotation": 270, "texture": "#top"}
			}
		},
		{
			"from": [0, 12, 10],
			"to": [3, 12, 11],
			"rotation": {"angle": 0, "axis": "y", "origin": [1.5, 6, 8]},
			"faces": {
				"north": {"uv": [1, 0, 4, 0], "texture": "#top"},
				"east": {"uv": [1, 0, 2, 0], "texture": "#top"},
				"south": {"uv": [1, 0, 4, 0], "texture": "#top"},
				"west": {"uv": [1, 0, 2, 0], "texture": "#top"},
				"up": {"uv": [1, 0, 2, 3], "rotation": 90, "texture": "#top"},
				"down": {"uv": [3, 8, 4, 11], "rotation": 270, "texture": "#top"}
			}
		},
		{
			"from": [0, 11, 10],
			"to": [3, 12, 10],
			"rotation": {"angle": 0, "axis": "y", "origin": [1.5, 6, 8]},
			"faces": {
				"north": {"uv": [1, 0, 4, 1], "texture": "#top"},
				"east": {"uv": [1, 0, 1, 1], "texture": "#top"},
				"south": {"uv": [1, 0, 4, 1], "texture": "#top"},
				"west": {"uv": [1, 0, 1, 1], "texture": "#top"},
				"up": {"uv": [1, 0, 1, 3], "rotation": 90, "texture": "#top"},
				"down": {"uv": [1, 0, 1, 3], "rotation": 270, "texture": "#top"}
			}
		},
		{
			"from": [0, 11, 9],
			"to": [3, 11, 10],
			"rotation": {"angle": 0, "axis": "y", "origin": [1.5, 6, 8]},
			"faces": {
				"north": {"uv": [1, 0, 4, 0], "texture": "#top"},
				"east": {"uv": [1, 0, 2, 0], "texture": "#top"},
				"south": {"uv": [1, 0, 4, 0], "texture": "#top"},
				"west": {"uv": [1, 0, 2, 0], "texture": "#top"},
				"up": {"uv": [1, 0, 2, 3], "rotation": 90, "texture": "#top"},
				"down": {"uv": [1, 0, 2, 3], "rotation": 270, "texture": "#top"}
			}
		},
		{
			"from": [0, 10, 9],
			"to": [3, 11, 9],
			"rotation": {"angle": 0, "axis": "y", "origin": [1.5, 6, 8]},
			"faces": {
				"north": {"uv": [1, 0, 4, 1], "texture": "#top"},
				"east": {"uv": [1, 0, 1, 1], "texture": "#top"},
				"south": {"uv": [1, 0, 4, 1], "texture": "#top"},
				"west": {"uv": [1, 0, 1, 1], "texture": "#top"},
				"up": {"uv": [1, 0, 1, 3], "rotation": 90, "texture": "#top"},
				"down": {"uv": [1, 0, 1, 3], "rotation": 270, "texture": "#top"}
			}
		},
		{
			"from": [0, 10, 9],
			"to": [3, 10, 10],
			"rotation": {"angle": 0, "axis": "y", "origin": [1.5, 6, 8]},
			"faces": {
				"north": {"uv": [1, 0, 4, 0], "texture": "#top"},
				"east": {"uv": [1, 0, 2, 0], "texture": "#top"},
				"south": {"uv": [1, 0, 4, 0], "texture": "#top"},
				"west": {"uv": [1, 0, 2, 0], "texture": "#top"},
				"up": {"uv": [12, 8, 13, 11], "rotation": 90, "texture": "#top"},
				"down": {"uv": [1, 0, 2, 3], "rotation": 270, "texture": "#top"}
			}
		},
		{
			"from": [0, 9, 10],
			"to": [3, 10, 10],
			"rotation": {"angle": 0, "axis": "y", "origin": [1.5, 6, 8]},
			"faces": {
				"north": {"uv": [1, 0, 4, 1], "texture": "#top"},
				"east": {"uv": [1, 0, 1, 1], "texture": "#top"},
				"south": {"uv": [8, 3, 11, 4], "texture": "#top"},
				"west": {"uv": [1, 0, 1, 1], "texture": "#top"},
				"up": {"uv": [1, 0, 1, 3], "rotation": 90, "texture": "#top"},
				"down": {"uv": [1, 0, 1, 3], "rotation": 270, "texture": "#top"}
			}
		},
		{
			"from": [0, 9, 7],
			"to": [3, 9, 9],
			"rotation": {"angle": 0, "axis": "y", "origin": [1.5, 6, 8]},
			"faces": {
				"north": {"uv": [0, 0, 3, 0], "texture": "#top"},
				"east": {"uv": [0, 0, 2, 0], "texture": "#top"},
				"south": {"uv": [0, 0, 3, 0], "texture": "#top"},
				"west": {"uv": [0, 0, 2, 0], "texture": "#top"},
				"up": {"uv": [0, 0, 2, 3], "rotation": 90, "texture": "#top"},
				"down": {"uv": [0, 1, 2, 4], "rotation": 270, "texture": "#top"}
			}
		},
		{
			"from": [0, 7, 7],
			"to": [3, 7, 9],
			"rotation": {"angle": 0, "axis": "y", "origin": [1.5, 6, 8]},
			"faces": {
				"north": {"uv": [0, 0, 3, 0], "texture": "#top"},
				"east": {"uv": [0, 0, 2, 0], "texture": "#top"},
				"south": {"uv": [0, 0, 3, 0], "texture": "#top"},
				"west": {"uv": [0, 0, 2, 0], "texture": "#top"},
				"up": {"uv": [2, 4, 0, 1], "rotation": 90, "texture": "#top"},
				"down": {"uv": [0, 0, 2, 3], "rotation": 270, "texture": "#top"}
			}
		},
		{
			"from": [0, 7, 9],
			"to": [3, 9, 9],
			"rotation": {"angle": 0, "axis": "y", "origin": [1.5, 6, 8]},
			"faces": {
				"north": {"uv": [12, 3, 15, 5], "texture": "#top"},
				"east": {"uv": [0, 0, 0, 2], "texture": "#top"},
				"south": {"uv": [0, 0, 3, 2], "texture": "#top"},
				"west": {"uv": [0, 0, 0, 2], "texture": "#top"},
				"up": {"uv": [0, 0, 0, 3], "rotation": 90, "texture": "#top"},
				"down": {"uv": [0, 0, 0, 3], "rotation": 270, "texture": "#top"}
			}
		},
		{
			"from": [0, 7, 7],
			"to": [3, 9, 7],
			"rotation": {"angle": 0, "axis": "y", "origin": [1.5, 6, 8]},
			"faces": {
				"north": {"uv": [0, 0, 3, 2], "texture": "#top"},
				"east": {"uv": [0, 0, 0, 2], "texture": "#top"},
				"south": {"uv": [0, 2, 3, 4], "texture": "#top"},
				"west": {"uv": [0, 0, 0, 2], "texture": "#top"},
				"up": {"uv": [0, 0, 0, 3], "rotation": 90, "texture": "#top"},
				"down": {"uv": [0, 0, 0, 3], "rotation": 270, "texture": "#top"}
			}
		},
		{
			"from": [0, 4, 7],
			"to": [3, 4, 9],
			"rotation": {"angle": 0, "axis": "y", "origin": [1.5, 6, 8]},
			"faces": {
				"north": {"uv": [0, 0, 3, 0], "texture": "#top"},
				"east": {"uv": [0, 0, 2, 0], "texture": "#top"},
				"south": {"uv": [0, 0, 3, 0], "texture": "#top"},
				"west": {"uv": [0, 0, 2, 0], "texture": "#top"},
				"up": {"uv": [0, 0, 2, 3], "rotation": 90, "texture": "#top"},
				"down": {"uv": [0, 1, 2, 4], "rotation": 270, "texture": "#top"}
			}
		},
		{
			"from": [0, 2, 7],
			"to": [3, 2, 9],
			"rotation": {"angle": 0, "axis": "y", "origin": [1.5, 6, 8]},
			"faces": {
				"north": {"uv": [0, 0, 3, 0], "texture": "#top"},
				"east": {"uv": [0, 0, 2, 0], "texture": "#top"},
				"south": {"uv": [0, 0, 3, 0], "texture": "#top"},
				"west": {"uv": [0, 0, 2, 0], "texture": "#top"},
				"up": {"uv": [2, 4, 0, 1], "rotation": 90, "texture": "#top"},
				"down": {"uv": [0, 0, 2, 3], "rotation": 270, "texture": "#top"}
			}
		},
		{
			"from": [0, 2, 9],
			"to": [3, 4, 9],
			"rotation": {"angle": 0, "axis": "y", "origin": [1.5, 6, 8]},
			"faces": {
				"north": {"uv": [12, 3, 15, 5], "texture": "#top"},
				"east": {"uv": [0, 0, 0, 2], "texture": "#top"},
				"south": {"uv": [0, 0, 3, 2], "texture": "#top"},
				"west": {"uv": [0, 0, 0, 2], "texture": "#top"},
				"up": {"uv": [0, 0, 0, 3], "rotation": 90, "texture": "#top"},
				"down": {"uv": [0, 0, 0, 3], "rotation": 270, "texture": "#top"}
			}
		},
		{
			"from": [0, 2, 7],
			"to": [3, 4, 7],
			"rotation": {"angle": 0, "axis": "y", "origin": [1.5, 6, 8]},
			"faces": {
				"north": {"uv": [0, 0, 3, 2], "texture": "#top"},
				"east": {"uv": [0, 0, 0, 2], "texture": "#top"},
				"south": {"uv": [0, 2, 3, 4], "texture": "#top"},
				"west": {"uv": [0, 0, 0, 2], "texture": "#top"},
				"up": {"uv": [0, 0, 0, 3], "rotation": 90, "texture": "#top"},
				"down": {"uv": [0, 0, 0, 3], "rotation": 270, "texture": "#top"}
			}
		},
		{
			"from": [0, 9, 5],
			"to": [3, 10, 5],
			"rotation": {"angle": 0, "axis": "y", "origin": [1.5, 6, 8]},
			"faces": {
				"north": {"uv": [1, 0, 4, 1], "texture": "#top"},
				"east": {"uv": [1, 0, 1, 1], "texture": "#top"},
				"south": {"uv": [8, 3, 11, 4], "texture": "#top"},
				"west": {"uv": [1, 0, 1, 1], "texture": "#top"},
				"up": {"uv": [1, 0, 1, 3], "rotation": 90, "texture": "#top"},
				"down": {"uv": [1, 0, 1, 3], "rotation": 270, "texture": "#top"}
			}
		},
		{
			"from": [0, 9, 5],
			"to": [3, 9, 6],
			"rotation": {"angle": 0, "axis": "y", "origin": [1.5, 6, 8]},
			"faces": {
				"north": {"uv": [1, 0, 4, 0], "texture": "#top"},
				"east": {"uv": [1, 0, 2, 0], "texture": "#top"},
				"south": {"uv": [1, 0, 4, 0], "texture": "#top"},
				"west": {"uv": [1, 0, 2, 0], "texture": "#top"},
				"up": {"uv": [1, 0, 2, 3], "rotation": 90, "texture": "#top"},
				"down": {"uv": [1, 0, 2, 3], "rotation": 270, "texture": "#top"}
			}
		},
		{
			"from": [0, 9, 6],
			"to": [3, 10, 6],
			"rotation": {"angle": 0, "axis": "y", "origin": [1.5, 6, 8]},
			"faces": {
				"north": {"uv": [1, 0, 4, 1], "texture": "#top"},
				"east": {"uv": [1, 0, 1, 1], "texture": "#top"},
				"south": {"uv": [1, 0, 4, 1], "texture": "#top"},
				"west": {"uv": [1, 0, 1, 1], "texture": "#top"},
				"up": {"uv": [1, 0, 1, 3], "rotation": 90, "texture": "#top"},
				"down": {"uv": [1, 0, 1, 3], "rotation": 270, "texture": "#top"}
			}
		},
		{
			"from": [0, 10, 6],
			"to": [3, 10, 7],
			"rotation": {"angle": 0, "axis": "y", "origin": [1.5, 6, 8]},
			"faces": {
				"north": {"uv": [1, 0, 4, 0], "texture": "#top"},
				"east": {"uv": [1, 0, 2, 0], "texture": "#top"},
				"south": {"uv": [1, 0, 4, 0], "texture": "#top"},
				"west": {"uv": [1, 0, 2, 0], "texture": "#top"},
				"up": {"uv": [1, 0, 2, 3], "rotation": 90, "texture": "#top"},
				"down": {"uv": [1, 0, 2, 3], "rotation": 270, "texture": "#top"}
			}
		},
		{
			"from": [0, 10, 7],
			"to": [3, 11, 7],
			"rotation": {"angle": 0, "axis": "y", "origin": [1.5, 6, 8]},
			"faces": {
				"north": {"uv": [1, 3, 4, 4], "texture": "#top"},
				"east": {"uv": [1, 0, 1, 1], "texture": "#top"},
				"south": {"uv": [1, 0, 4, 1], "texture": "#top"},
				"west": {"uv": [1, 0, 1, 1], "texture": "#top"},
				"up": {"uv": [1, 0, 1, 3], "rotation": 90, "texture": "#top"},
				"down": {"uv": [1, 0, 1, 3], "rotation": 270, "texture": "#top"}
			}
		},
		{
			"from": [0, 11, 6],
			"to": [3, 11, 7],
			"rotation": {"angle": 0, "axis": "y", "origin": [1.5, 6, 8]},
			"faces": {
				"north": {"uv": [1, 0, 4, 0], "texture": "#top"},
				"east": {"uv": [1, 0, 2, 0], "texture": "#top"},
				"south": {"uv": [1, 0, 4, 0], "texture": "#top"},
				"west": {"uv": [1, 0, 2, 0], "texture": "#top"},
				"up": {"uv": [1, 0, 2, 3], "rotation": 90, "texture": "#top"},
				"down": {"uv": [3, 4, 4, 7], "rotation": 270, "texture": "#top"}
			}
		},
		{
			"from": [0, 11, 6],
			"to": [3, 12, 6],
			"rotation": {"angle": 0, "axis": "y", "origin": [1.5, 6, 8]},
			"faces": {
				"north": {"uv": [3, 3, 6, 4], "texture": "#top"},
				"east": {"uv": [1, 0, 1, 1], "texture": "#top"},
				"south": {"uv": [1, 0, 4, 1], "texture": "#top"},
				"west": {"uv": [1, 0, 1, 1], "texture": "#top"},
				"up": {"uv": [1, 0, 1, 3], "rotation": 90, "texture": "#top"},
				"down": {"uv": [1, 0, 1, 3], "rotation": 270, "texture": "#top"}
			}
		},
		{
			"from": [0, 12, 5],
			"to": [3, 12, 6],
			"rotation": {"angle": 0, "axis": "y", "origin": [1.5, 6, 8]},
			"faces": {
				"north": {"uv": [1, 0, 4, 0], "texture": "#top"},
				"east": {"uv": [1, 0, 2, 0], "texture": "#top"},
				"south": {"uv": [1, 0, 4, 0], "texture": "#top"},
				"west": {"uv": [1, 0, 2, 0], "texture": "#top"},
				"up": {"uv": [1, 0, 2, 3], "rotation": 90, "texture": "#top"},
				"down": {"uv": [3, 8, 4, 11], "rotation": 270, "texture": "#top"}
			}
		},
		{
			"from": [0, 11, 5],
			"to": [3, 12, 5],
			"rotation": {"angle": 0, "axis": "y", "origin": [1.5, 6, 8]},
			"faces": {
				"north": {"uv": [1, 0, 4, 1], "texture": "#top"},
				"east": {"uv": [1, 0, 1, 1], "texture": "#top"},
				"south": {"uv": [1, 0, 4, 1], "texture": "#top"},
				"west": {"uv": [1, 0, 1, 1], "texture": "#top"},
				"up": {"uv": [1, 0, 1, 3], "rotation": 90, "texture": "#top"},
				"down": {"uv": [1, 0, 1, 3], "rotation": 270, "texture": "#top"}
			}
		},
		{
			"from": [0, 11, 4],
			"to": [3, 11, 5],
			"rotation": {"angle": 0, "axis": "y", "origin": [1.5, 6, 8]},
			"faces": {
				"north": {"uv": [1, 0, 4, 0], "texture": "#top"},
				"east": {"uv": [1, 0, 2, 0], "texture": "#top"},
				"south": {"uv": [1, 0, 4, 0], "texture": "#top"},
				"west": {"uv": [1, 0, 2, 0], "texture": "#top"},
				"up": {"uv": [1, 0, 2, 3], "rotation": 90, "texture": "#top"},
				"down": {"uv": [1, 0, 2, 3], "rotation": 270, "texture": "#top"}
			}
		},
		{
			"from": [0, 10, 4],
			"to": [3, 11, 4],
			"rotation": {"angle": 0, "axis": "y", "origin": [1.5, 6, 8]},
			"faces": {
				"north": {"uv": [1, 0, 4, 1], "texture": "#top"},
				"east": {"uv": [1, 0, 1, 1], "texture": "#top"},
				"south": {"uv": [1, 0, 4, 1], "texture": "#top"},
				"west": {"uv": [1, 0, 1, 1], "texture": "#top"},
				"up": {"uv": [1, 0, 1, 3], "rotation": 90, "texture": "#top"},
				"down": {"uv": [1, 0, 1, 3], "rotation": 270, "texture": "#top"}
			}
		},
		{
			"from": [0, 10, 4],
			"to": [3, 10, 5],
			"rotation": {"angle": 0, "axis": "y", "origin": [1.5, 6, 8]},
			"faces": {
				"north": {"uv": [1, 0, 4, 0], "texture": "#top"},
				"east": {"uv": [1, 0, 2, 0], "texture": "#top"},
				"south": {"uv": [1, 0, 4, 0], "texture": "#top"},
				"west": {"uv": [1, 0, 2, 0], "texture": "#top"},
				"up": {"uv": [12, 8, 13, 11], "rotation": 90, "texture": "#top"},
				"down": {"uv": [1, 0, 2, 3], "rotation": 270, "texture": "#top"}
			}
		},
		{
			"from": [0, 4, 10],
			"to": [3, 5, 10],
			"rotation": {"angle": 0, "axis": "y", "origin": [1.5, 6, 8]},
			"faces": {
				"north": {"uv": [1, 0, 4, 1], "texture": "#top"},
				"east": {"uv": [1, 0, 1, 1], "texture": "#top"},
				"south": {"uv": [8, 3, 11, 4], "texture": "#top"},
				"west": {"uv": [1, 0, 1, 1], "texture": "#top"},
				"up": {"uv": [1, 0, 1, 3], "rotation": 90, "texture": "#top"},
				"down": {"uv": [1, 0, 1, 3], "rotation": 270, "texture": "#top"}
			}
		},
		{
			"from": [0, 4, 10],
			"to": [3, 4, 11],
			"rotation": {"angle": 0, "axis": "y", "origin": [1.5, 6, 8]},
			"faces": {
				"north": {"uv": [1, 0, 4, 0], "texture": "#top"},
				"east": {"uv": [1, 0, 2, 0], "texture": "#top"},
				"south": {"uv": [1, 0, 4, 0], "texture": "#top"},
				"west": {"uv": [1, 0, 2, 0], "texture": "#top"},
				"up": {"uv": [1, 0, 2, 3], "rotation": 90, "texture": "#top"},
				"down": {"uv": [1, 0, 2, 3], "rotation": 270, "texture": "#top"}
			}
		},
		{
			"from": [0, 4, 11],
			"to": [3, 5, 11],
			"rotation": {"angle": 0, "axis": "y", "origin": [1.5, 6, 8]},
			"faces": {
				"north": {"uv": [1, 0, 4, 1], "texture": "#top"},
				"east": {"uv": [1, 0, 1, 1], "texture": "#top"},
				"south": {"uv": [1, 0, 4, 1], "texture": "#top"},
				"west": {"uv": [1, 0, 1, 1], "texture": "#top"},
				"up": {"uv": [1, 0, 1, 3], "rotation": 90, "texture": "#top"},
				"down": {"uv": [1, 0, 1, 3], "rotation": 270, "texture": "#top"}
			}
		},
		{
			"from": [0, 5, 11],
			"to": [3, 5, 12],
			"rotation": {"angle": 0, "axis": "y", "origin": [1.5, 6, 8]},
			"faces": {
				"north": {"uv": [1, 0, 4, 0], "texture": "#top"},
				"east": {"uv": [1, 0, 2, 0], "texture": "#top"},
				"south": {"uv": [1, 0, 4, 0], "texture": "#top"},
				"west": {"uv": [1, 0, 2, 0], "texture": "#top"},
				"up": {"uv": [1, 0, 2, 3], "rotation": 90, "texture": "#top"},
				"down": {"uv": [1, 0, 2, 3], "rotation": 270, "texture": "#top"}
			}
		},
		{
			"from": [0, 5, 12],
			"to": [3, 6, 12],
			"rotation": {"angle": 0, "axis": "y", "origin": [1.5, 6, 8]},
			"faces": {
				"north": {"uv": [1, 3, 4, 4], "texture": "#top"},
				"east": {"uv": [1, 0, 1, 1], "texture": "#top"},
				"south": {"uv": [1, 0, 4, 1], "texture": "#top"},
				"west": {"uv": [1, 0, 1, 1], "texture": "#top"},
				"up": {"uv": [1, 0, 1, 3], "rotation": 90, "texture": "#top"},
				"down": {"uv": [1, 0, 1, 3], "rotation": 270, "texture": "#top"}
			}
		},
		{
			"from": [0, 6, 11],
			"to": [3, 6, 12],
			"rotation": {"angle": 0, "axis": "y", "origin": [1.5, 6, 8]},
			"faces": {
				"north": {"uv": [1, 0, 4, 0], "texture": "#top"},
				"east": {"uv": [1, 0, 2, 0], "texture": "#top"},
				"south": {"uv": [1, 0, 4, 0], "texture": "#top"},
				"west": {"uv": [1, 0, 2, 0], "texture": "#top"},
				"up": {"uv": [1, 0, 2, 3], "rotation": 90, "texture": "#top"},
				"down": {"uv": [3, 4, 4, 7], "rotation": 270, "texture": "#top"}
			}
		},
		{
			"from": [0, 6, 11],
			"to": [3, 7, 11],
			"rotation": {"angle": 0, "axis": "y", "origin": [1.5, 6, 8]},
			"faces": {
				"north": {"uv": [3, 3, 6, 4], "texture": "#top"},
				"east": {"uv": [1, 0, 1, 1], "texture": "#top"},
				"south": {"uv": [1, 0, 4, 1], "texture": "#top"},
				"west": {"uv": [1, 0, 1, 1], "texture": "#top"},
				"up": {"uv": [1, 0, 1, 3], "rotation": 90, "texture": "#top"},
				"down": {"uv": [1, 0, 1, 3], "rotation": 270, "texture": "#top"}
			}
		},
		{
			"from": [0, 7, 10],
			"to": [3, 7, 11],
			"rotation": {"angle": 0, "axis": "y", "origin": [1.5, 6, 8]},
			"faces": {
				"north": {"uv": [1, 0, 4, 0], "texture": "#top"},
				"east": {"uv": [1, 0, 2, 0], "texture": "#top"},
				"south": {"uv": [1, 0, 4, 0], "texture": "#top"},
				"west": {"uv": [1, 0, 2, 0], "texture": "#top"},
				"up": {"uv": [1, 0, 2, 3], "rotation": 90, "texture": "#top"},
				"down": {"uv": [3, 8, 4, 11], "rotation": 270, "texture": "#top"}
			}
		},
		{
			"from": [0, 6, 10],
			"to": [3, 7, 10],
			"rotation": {"angle": 0, "axis": "y", "origin": [1.5, 6, 8]},
			"faces": {
				"north": {"uv": [1, 0, 4, 1], "texture": "#top"},
				"east": {"uv": [1, 0, 1, 1], "texture": "#top"},
				"south": {"uv": [1, 0, 4, 1], "texture": "#top"},
				"west": {"uv": [1, 0, 1, 1], "texture": "#top"},
				"up": {"uv": [1, 0, 1, 3], "rotation": 90, "texture": "#top"},
				"down": {"uv": [1, 0, 1, 3], "rotation": 270, "texture": "#top"}
			}
		},
		{
			"from": [0, 6, 9],
			"to": [3, 6, 10],
			"rotation": {"angle": 0, "axis": "y", "origin": [1.5, 6, 8]},
			"faces": {
				"north": {"uv": [1, 0, 4, 0], "texture": "#top"},
				"east": {"uv": [1, 0, 2, 0], "texture": "#top"},
				"south": {"uv": [1, 0, 4, 0], "texture": "#top"},
				"west": {"uv": [1, 0, 2, 0], "texture": "#top"},
				"up": {"uv": [1, 0, 2, 3], "rotation": 90, "texture": "#top"},
				"down": {"uv": [1, 0, 2, 3], "rotation": 270, "texture": "#top"}
			}
		},
		{
			"from": [0, 5, 9],
			"to": [3, 6, 9],
			"rotation": {"angle": 0, "axis": "y", "origin": [1.5, 6, 8]},
			"faces": {
				"north": {"uv": [1, 0, 4, 1], "texture": "#top"},
				"east": {"uv": [1, 0, 1, 1], "texture": "#top"},
				"south": {"uv": [1, 0, 4, 1], "texture": "#top"},
				"west": {"uv": [1, 0, 1, 1], "texture": "#top"},
				"up": {"uv": [1, 0, 1, 3], "rotation": 90, "texture": "#top"},
				"down": {"uv": [1, 0, 1, 3], "rotation": 270, "texture": "#top"}
			}
		},
		{
			"from": [0, 5, 9],
			"to": [3, 5, 10],
			"rotation": {"angle": 0, "axis": "y", "origin": [1.5, 6, 8]},
			"faces": {
				"north": {"uv": [1, 0, 4, 0], "texture": "#top"},
				"east": {"uv": [1, 0, 2, 0], "texture": "#top"},
				"south": {"uv": [1, 0, 4, 0], "texture": "#top"},
				"west": {"uv": [1, 0, 2, 0], "texture": "#top"},
				"up": {"uv": [12, 8, 13, 11], "rotation": 90, "texture": "#top"},
				"down": {"uv": [1, 0, 2, 3], "rotation": 270, "texture": "#top"}
			}
		},
		{
			"from": [0, 4, 5],
			"to": [3, 5, 5],
			"rotation": {"angle": 0, "axis": "y", "origin": [1.5, 6, 8]},
			"faces": {
				"north": {"uv": [1, 0, 4, 1], "texture": "#top"},
				"east": {"uv": [1, 0, 1, 1], "texture": "#top"},
				"south": {"uv": [8, 3, 11, 4], "texture": "#top"},
				"west": {"uv": [1, 0, 1, 1], "texture": "#top"},
				"up": {"uv": [1, 0, 1, 3], "rotation": 90, "texture": "#top"},
				"down": {"uv": [1, 0, 1, 3], "rotation": 270, "texture": "#top"}
			}
		},
		{
			"from": [0, 4, 5],
			"to": [3, 4, 6],
			"rotation": {"angle": 0, "axis": "y", "origin": [1.5, 6, 8]},
			"faces": {
				"north": {"uv": [1, 0, 4, 0], "texture": "#top"},
				"east": {"uv": [1, 0, 2, 0], "texture": "#top"},
				"south": {"uv": [1, 0, 4, 0], "texture": "#top"},
				"west": {"uv": [1, 0, 2, 0], "texture": "#top"},
				"up": {"uv": [1, 0, 2, 3], "rotation": 90, "texture": "#top"},
				"down": {"uv": [1, 0, 2, 3], "rotation": 270, "texture": "#top"}
			}
		},
		{
			"from": [0, 4, 6],
			"to": [3, 5, 6],
			"rotation": {"angle": 0, "axis": "y", "origin": [1.5, 6, 8]},
			"faces": {
				"north": {"uv": [1, 0, 4, 1], "texture": "#top"},
				"east": {"uv": [1, 0, 1, 1], "texture": "#top"},
				"south": {"uv": [1, 0, 4, 1], "texture": "#top"},
				"west": {"uv": [1, 0, 1, 1], "texture": "#top"},
				"up": {"uv": [1, 0, 1, 3], "rotation": 90, "texture": "#top"},
				"down": {"uv": [1, 0, 1, 3], "rotation": 270, "texture": "#top"}
			}
		},
		{
			"from": [0, 5, 6],
			"to": [3, 5, 7],
			"rotation": {"angle": 0, "axis": "y", "origin": [1.5, 6, 8]},
			"faces": {
				"north": {"uv": [1, 0, 4, 0], "texture": "#top"},
				"east": {"uv": [1, 0, 2, 0], "texture": "#top"},
				"south": {"uv": [1, 0, 4, 0], "texture": "#top"},
				"west": {"uv": [1, 0, 2, 0], "texture": "#top"},
				"up": {"uv": [1, 0, 2, 3], "rotation": 90, "texture": "#top"},
				"down": {"uv": [1, 0, 2, 3], "rotation": 270, "texture": "#top"}
			}
		},
		{
			"from": [0, 5, 7],
			"to": [3, 6, 7],
			"rotation": {"angle": 0, "axis": "y", "origin": [1.5, 6, 8]},
			"faces": {
				"north": {"uv": [1, 3, 4, 4], "texture": "#top"},
				"east": {"uv": [1, 0, 1, 1], "texture": "#top"},
				"south": {"uv": [1, 0, 4, 1], "texture": "#top"},
				"west": {"uv": [1, 0, 1, 1], "texture": "#top"},
				"up": {"uv": [1, 0, 1, 3], "rotation": 90, "texture": "#top"},
				"down": {"uv": [1, 0, 1, 3], "rotation": 270, "texture": "#top"}
			}
		},
		{
			"from": [0, 6, 6],
			"to": [3, 6, 7],
			"rotation": {"angle": 0, "axis": "y", "origin": [1.5, 6, 8]},
			"faces": {
				"north": {"uv": [1, 0, 4, 0], "texture": "#top"},
				"east": {"uv": [1, 0, 2, 0], "texture": "#top"},
				"south": {"uv": [1, 0, 4, 0], "texture": "#top"},
				"west": {"uv": [1, 0, 2, 0], "texture": "#top"},
				"up": {"uv": [1, 0, 2, 3], "rotation": 90, "texture": "#top"},
				"down": {"uv": [3, 4, 4, 7], "rotation": 270, "texture": "#top"}
			}
		},
		{
			"from": [0, 6, 6],
			"to": [3, 7, 6],
			"rotation": {"angle": 0, "axis": "y", "origin": [1.5, 6, 8]},
			"faces": {
				"north": {"uv": [3, 3, 6, 4], "texture": "#top"},
				"east": {"uv": [1, 0, 1, 1], "texture": "#top"},
				"south": {"uv": [1, 0, 4, 1], "texture": "#top"},
				"west": {"uv": [1, 0, 1, 1], "texture": "#top"},
				"up": {"uv": [1, 0, 1, 3], "rotation": 90, "texture": "#top"},
				"down": {"uv": [1, 0, 1, 3], "rotation": 270, "texture": "#top"}
			}
		},
		{
			"from": [0, 7, 5],
			"to": [3, 7, 6],
			"rotation": {"angle": 0, "axis": "y", "origin": [1.5, 6, 8]},
			"faces": {
				"north": {"uv": [1, 0, 4, 0], "texture": "#top"},
				"east": {"uv": [1, 0, 2, 0], "texture": "#top"},
				"south": {"uv": [1, 0, 4, 0], "texture": "#top"},
				"west": {"uv": [1, 0, 2, 0], "texture": "#top"},
				"up": {"uv": [1, 0, 2, 3], "rotation": 90, "texture": "#top"},
				"down": {"uv": [3, 8, 4, 11], "rotation": 270, "texture": "#top"}
			}
		},
		{
			"from": [0, 6, 5],
			"to": [3, 7, 5],
			"rotation": {"angle": 0, "axis": "y", "origin": [1.5, 6, 8]},
			"faces": {
				"north": {"uv": [1, 0, 4, 1], "texture": "#top"},
				"east": {"uv": [1, 0, 1, 1], "texture": "#top"},
				"south": {"uv": [1, 0, 4, 1], "texture": "#top"},
				"west": {"uv": [1, 0, 1, 1], "texture": "#top"},
				"up": {"uv": [1, 0, 1, 3], "rotation": 90, "texture": "#top"},
				"down": {"uv": [1, 0, 1, 3], "rotation": 270, "texture": "#top"}
			}
		},
		{
			"from": [0, 6, 4],
			"to": [3, 6, 5],
			"rotation": {"angle": 0, "axis": "y", "origin": [1.5, 6, 8]},
			"faces": {
				"north": {"uv": [1, 0, 4, 0], "texture": "#top"},
				"east": {"uv": [1, 0, 2, 0], "texture": "#top"},
				"south": {"uv": [1, 0, 4, 0], "texture": "#top"},
				"west": {"uv": [1, 0, 2, 0], "texture": "#top"},
				"up": {"uv": [1, 0, 2, 3], "rotation": 90, "texture": "#top"},
				"down": {"uv": [1, 0, 2, 3], "rotation": 270, "texture": "#top"}
			}
		},
		{
			"from": [0, 5, 4],
			"to": [3, 6, 4],
			"rotation": {"angle": 0, "axis": "y", "origin": [1.5, 6, 8]},
			"faces": {
				"north": {"uv": [1, 0, 4, 1], "texture": "#top"},
				"east": {"uv": [1, 0, 1, 1], "texture": "#top"},
				"south": {"uv": [1, 0, 4, 1], "texture": "#top"},
				"west": {"uv": [1, 0, 1, 1], "texture": "#top"},
				"up": {"uv": [1, 0, 1, 3], "rotation": 90, "texture": "#top"},
				"down": {"uv": [1, 0, 1, 3], "rotation": 270, "texture": "#top"}
			}
		},
		{
			"from": [0, 5, 4],
			"to": [3, 5, 5],
			"rotation": {"angle": 0, "axis": "y", "origin": [1.5, 6, 8]},
			"faces": {
				"north": {"uv": [1, 0, 4, 0], "texture": "#top"},
				"east": {"uv": [1, 0, 2, 0], "texture": "#top"},
				"south": {"uv": [1, 0, 4, 0], "texture": "#top"},
				"west": {"uv": [1, 0, 2, 0], "texture": "#top"},
				"up": {"uv": [12, 8, 13, 11], "rotation": 90, "texture": "#top"},
				"down": {"uv": [1, 0, 2, 3], "rotation": 270, "texture": "#top"}
			}
		},
		{
			"from": [0, 0, 11],
			"to": [3, 0, 12],
			"rotation": {"angle": 0, "axis": "y", "origin": [1.5, 6, 8]},
			"faces": {
				"north": {"uv": [1, 0, 4, 0], "texture": "#top"},
				"east": {"uv": [1, 0, 2, 0], "texture": "#top"},
				"south": {"uv": [1, 0, 4, 0], "texture": "#top"},
				"west": {"uv": [1, 0, 2, 0], "texture": "#top"},
				"up": {"uv": [1, 0, 2, 3], "rotation": 90, "texture": "#top"},
				"down": {"uv": [1, 0, 2, 3], "rotation": 270, "texture": "#top"}
			}
		},
		{
			"from": [0, 0, 12],
			"to": [3, 1, 12],
			"rotation": {"angle": 0, "axis": "y", "origin": [1.5, 6, 8]},
			"faces": {
				"north": {"uv": [1, 3, 4, 4], "texture": "#top"},
				"east": {"uv": [1, 0, 1, 1], "texture": "#top"},
				"south": {"uv": [1, 0, 4, 1], "texture": "#top"},
				"west": {"uv": [1, 0, 1, 1], "texture": "#top"},
				"up": {"uv": [1, 0, 1, 3], "rotation": 90, "texture": "#top"},
				"down": {"uv": [1, 0, 1, 3], "rotation": 270, "texture": "#top"}
			}
		},
		{
			"from": [0, 1, 11],
			"to": [3, 1, 12],
			"rotation": {"angle": 0, "axis": "y", "origin": [1.5, 6, 8]},
			"faces": {
				"north": {"uv": [1, 0, 4, 0], "texture": "#top"},
				"east": {"uv": [1, 0, 2, 0], "texture": "#top"},
				"south": {"uv": [1, 0, 4, 0], "texture": "#top"},
				"west": {"uv": [1, 0, 2, 0], "texture": "#top"},
				"up": {"uv": [1, 0, 2, 3], "rotation": 90, "texture": "#top"},
				"down": {"uv": [3, 4, 4, 7], "rotation": 270, "texture": "#top"}
			}
		},
		{
			"from": [0, 1, 11],
			"to": [3, 2, 11],
			"rotation": {"angle": 0, "axis": "y", "origin": [1.5, 6, 8]},
			"faces": {
				"north": {"uv": [3, 3, 6, 4], "texture": "#top"},
				"east": {"uv": [1, 0, 1, 1], "texture": "#top"},
				"south": {"uv": [1, 0, 4, 1], "texture": "#top"},
				"west": {"uv": [1, 0, 1, 1], "texture": "#top"},
				"up": {"uv": [1, 0, 1, 3], "rotation": 90, "texture": "#top"},
				"down": {"uv": [1, 0, 1, 3], "rotation": 270, "texture": "#top"}
			}
		},
		{
			"from": [0, 2, 10],
			"to": [3, 2, 11],
			"rotation": {"angle": 0, "axis": "y", "origin": [1.5, 6, 8]},
			"faces": {
				"north": {"uv": [1, 0, 4, 0], "texture": "#top"},
				"east": {"uv": [1, 0, 2, 0], "texture": "#top"},
				"south": {"uv": [1, 0, 4, 0], "texture": "#top"},
				"west": {"uv": [1, 0, 2, 0], "texture": "#top"},
				"up": {"uv": [1, 0, 2, 3], "rotation": 90, "texture": "#top"},
				"down": {"uv": [3, 8, 4, 11], "rotation": 270, "texture": "#top"}
			}
		},
		{
			"from": [0, 1, 10],
			"to": [3, 2, 10],
			"rotation": {"angle": 0, "axis": "y", "origin": [1.5, 6, 8]},
			"faces": {
				"north": {"uv": [1, 0, 4, 1], "texture": "#top"},
				"east": {"uv": [1, 0, 1, 1], "texture": "#top"},
				"south": {"uv": [1, 0, 4, 1], "texture": "#top"},
				"west": {"uv": [1, 0, 1, 1], "texture": "#top"},
				"up": {"uv": [1, 0, 1, 3], "rotation": 90, "texture": "#top"},
				"down": {"uv": [1, 0, 1, 3], "rotation": 270, "texture": "#top"}
			}
		},
		{
			"from": [0, 1, 9],
			"to": [3, 1, 10],
			"rotation": {"angle": 0, "axis": "y", "origin": [1.5, 6, 8]},
			"faces": {
				"north": {"uv": [1, 0, 4, 0], "texture": "#top"},
				"east": {"uv": [1, 0, 2, 0], "texture": "#top"},
				"south": {"uv": [1, 0, 4, 0], "texture": "#top"},
				"west": {"uv": [1, 0, 2, 0], "texture": "#top"},
				"up": {"uv": [1, 0, 2, 3], "rotation": 90, "texture": "#top"},
				"down": {"uv": [1, 0, 2, 3], "rotation": 270, "texture": "#top"}
			}
		},
		{
			"from": [0, 0, 9],
			"to": [3, 1, 9],
			"rotation": {"angle": 0, "axis": "y", "origin": [1.5, 6, 8]},
			"faces": {
				"north": {"uv": [1, 0, 4, 1], "texture": "#top"},
				"east": {"uv": [1, 0, 1, 1], "texture": "#top"},
				"south": {"uv": [1, 0, 4, 1], "texture": "#top"},
				"west": {"uv": [1, 0, 1, 1], "texture": "#top"},
				"up": {"uv": [1, 0, 1, 3], "rotation": 90, "texture": "#top"},
				"down": {"uv": [1, 0, 1, 3], "rotation": 270, "texture": "#top"}
			}
		},
		{
			"from": [0, 0, 9],
			"to": [3, 0, 10],
			"rotation": {"angle": 0, "axis": "y", "origin": [1.5, 6, 8]},
			"faces": {
				"north": {"uv": [1, 0, 4, 0], "texture": "#top"},
				"east": {"uv": [1, 0, 2, 0], "texture": "#top"},
				"south": {"uv": [1, 0, 4, 0], "texture": "#top"},
				"west": {"uv": [1, 0, 2, 0], "texture": "#top"},
				"up": {"uv": [12, 8, 13, 11], "rotation": 90, "texture": "#top"},
				"down": {"uv": [1, 0, 2, 3], "rotation": 270, "texture": "#top"}
			}
		},
		{
			"from": [0, 0, 4],
			"to": [3, 0, 5],
			"rotation": {"angle": 0, "axis": "y", "origin": [1.5, 6, 8]},
			"faces": {
				"north": {"uv": [1, 0, 4, 0], "texture": "#top"},
				"east": {"uv": [1, 0, 2, 0], "texture": "#top"},
				"south": {"uv": [1, 0, 4, 0], "texture": "#top"},
				"west": {"uv": [1, 0, 2, 0], "texture": "#top"},
				"up": {"uv": [12, 8, 13, 11], "rotation": 90, "texture": "#top"},
				"down": {"uv": [1, 0, 2, 3], "rotation": 270, "texture": "#top"}
			}
		},
		{
			"from": [0, 1, 6],
			"to": [3, 2, 6],
			"rotation": {"angle": 0, "axis": "y", "origin": [1.5, 6, 8]},
			"faces": {
				"north": {"uv": [3, 3, 6, 4], "texture": "#top"},
				"east": {"uv": [1, 0, 1, 1], "texture": "#top"},
				"south": {"uv": [1, 0, 4, 1], "texture": "#top"},
				"west": {"uv": [1, 0, 1, 1], "texture": "#top"},
				"up": {"uv": [1, 0, 1, 3], "rotation": 90, "texture": "#top"},
				"down": {"uv": [1, 0, 1, 3], "rotation": 270, "texture": "#top"}
			}
		},
		{
			"from": [0, 2, 5],
			"to": [3, 2, 6],
			"rotation": {"angle": 0, "axis": "y", "origin": [1.5, 6, 8]},
			"faces": {
				"north": {"uv": [1, 0, 4, 0], "texture": "#top"},
				"east": {"uv": [1, 0, 2, 0], "texture": "#top"},
				"south": {"uv": [1, 0, 4, 0], "texture": "#top"},
				"west": {"uv": [1, 0, 2, 0], "texture": "#top"},
				"up": {"uv": [1, 0, 2, 3], "rotation": 90, "texture": "#top"},
				"down": {"uv": [3, 8, 4, 11], "rotation": 270, "texture": "#top"}
			}
		},
		{
			"from": [0, 1, 5],
			"to": [3, 2, 5],
			"rotation": {"angle": 0, "axis": "y", "origin": [1.5, 6, 8]},
			"faces": {
				"north": {"uv": [1, 0, 4, 1], "texture": "#top"},
				"east": {"uv": [1, 0, 1, 1], "texture": "#top"},
				"south": {"uv": [1, 0, 4, 1], "texture": "#top"},
				"west": {"uv": [1, 0, 1, 1], "texture": "#top"},
				"up": {"uv": [1, 0, 1, 3], "rotation": 90, "texture": "#top"},
				"down": {"uv": [1, 0, 1, 3], "rotation": 270, "texture": "#top"}
			}
		},
		{
			"from": [0, 1, 4],
			"to": [3, 1, 5],
			"rotation": {"angle": 0, "axis": "y", "origin": [1.5, 6, 8]},
			"faces": {
				"north": {"uv": [1, 0, 4, 0], "texture": "#top"},
				"east": {"uv": [1, 0, 2, 0], "texture": "#top"},
				"south": {"uv": [1, 0, 4, 0], "texture": "#top"},
				"west": {"uv": [1, 0, 2, 0], "texture": "#top"},
				"up": {"uv": [1, 0, 2, 3], "rotation": 90, "texture": "#top"},
				"down": {"uv": [1, 0, 2, 3], "rotation": 270, "texture": "#top"}
			}
		},
		{
			"from": [0, 0, 4],
			"to": [3, 1, 4],
			"rotation": {"angle": 0, "axis": "y", "origin": [1.5, 6, 8]},
			"faces": {
				"north": {"uv": [1, 0, 4, 1], "texture": "#top"},
				"east": {"uv": [1, 0, 1, 1], "texture": "#top"},
				"south": {"uv": [1, 0, 4, 1], "texture": "#top"},
				"west": {"uv": [1, 0, 1, 1], "texture": "#top"},
				"up": {"uv": [1, 0, 1, 3], "rotation": 90, "texture": "#top"},
				"down": {"uv": [1, 0, 1, 3], "rotation": 270, "texture": "#top"}
			}
		},
		{
			"from": [0, 1, 6],
			"to": [3, 1, 7],
			"rotation": {"angle": 0, "axis": "y", "origin": [1.5, 6, 8]},
			"faces": {
				"north": {"uv": [1, 0, 4, 0], "texture": "#top"},
				"east": {"uv": [1, 0, 2, 0], "texture": "#top"},
				"south": {"uv": [1, 0, 4, 0], "texture": "#top"},
				"west": {"uv": [1, 0, 2, 0], "texture": "#top"},
				"up": {"uv": [1, 0, 2, 3], "rotation": 90, "texture": "#top"},
				"down": {"uv": [3, 4, 4, 7], "rotation": 270, "texture": "#top"}
			}
		},
		{
			"from": [0, 0, 7],
			"to": [3, 1, 7],
			"rotation": {"angle": 0, "axis": "y", "origin": [1.5, 6, 8]},
			"faces": {
				"north": {"uv": [1, 3, 4, 4], "texture": "#top"},
				"east": {"uv": [1, 0, 1, 1], "texture": "#top"},
				"south": {"uv": [1, 0, 4, 1], "texture": "#top"},
				"west": {"uv": [1, 0, 1, 1], "texture": "#top"},
				"up": {"uv": [1, 0, 1, 3], "rotation": 90, "texture": "#top"},
				"down": {"uv": [1, 0, 1, 3], "rotation": 270, "texture": "#top"}
			}
		},
		{
			"from": [0, 0, 6],
			"to": [3, 0, 7],
			"rotation": {"angle": 0, "axis": "y", "origin": [1.5, 6, 8]},
			"faces": {
				"north": {"uv": [1, 0, 4, 0], "texture": "#top"},
				"east": {"uv": [1, 0, 2, 0], "texture": "#top"},
				"south": {"uv": [1, 0, 4, 0], "texture": "#top"},
				"west": {"uv": [1, 0, 2, 0], "texture": "#top"},
				"up": {"uv": [1, 0, 2, 3], "rotation": 90, "texture": "#top"},
				"down": {"uv": [1, 0, 2, 3], "rotation": 270, "texture": "#top"}
			}
		}
	],
	"groups": [
		0,
		{
			"name": "group",
			"origin": [0, 0, 0],
			"color": 0,
			"nbt": "{}",
			"children": [
				1,
				2,
				3,
				4,
				5,
				6,
				7,
				8,
				9,
				10,
				11,
				12,
				13,
				14,
				15,
				16,
				17,
				18,
				19,
				20,
				21,
				22,
				23,
				24,
				25,
				26,
				27,
				28,
				29,
				30,
				31,
				32,
				33,
				34,
				35,
				36,
				37,
				38,
				39,
				40,
				41,
				42,
				43,
				44,
				45,
				46,
				47,
				48,
				49,
				50,
				51,
				52,
				53,
				54,
				55,
				56,
				57,
				58,
				59,
				60,
				61,
				62,
				63,
				64,
				65,
				66,
				67,
				68,
				69,
				70,
				71,
				72,
				73,
				74
			]
		}
	]
}