{
	"credit": "Made by CuDsan",
	"textures": {
		"particle": "block/cherry_trapdoor",
		"texture": "block/cherry_trapdoor"
	},
	"elements": [
		{
			"from": [0, 0, 13],
			"to": [16, 16, 16],
			"faces": {
				"north": {"uv": [0, 16, 16, 0], "texture": "#texture"},
				"east": {"uv": [0, 3, 16, 0], "rotation": 90, "texture": "#texture", "cullface": "east"},
				"south": {"uv": [0, 16, 16, 0], "texture": "#texture", "cullface": "south"},
				"west": {"uv": [0, 0, 16, 3], "rotation": 90, "texture": "#texture", "cullface": "west"},
				"up": {"uv": [0, 3, 16, 0], "texture": "#texture", "cullface": "up"},
				"down": {"uv": [0, 0, 16, 3], "texture": "#texture", "cullface": "down"}
			}
		},
		{
			"from": [4, 10, 13],
			"to": [4, 12, 16],
			"rotation": {"angle": 0, "axis": "x", "origin": [8, 1.5, 8]},
			"faces": {
				"north": {"uv": [0, 0, 2, 0], "rotation": 270, "texture": "#texture"},
				"east": {"uv": [1, 3, 3, 6], "rotation": 270, "texture": "#texture"},
				"south": {"uv": [0, 0, 2, 0], "rotation": 270, "texture": "#texture"},
				"west": {"uv": [1, 3, 3, 6], "rotation": 90, "texture": "#texture"},
				"up": {"uv": [1, 3, 1, 6], "rotation": 180, "texture": "#texture"},
				"down": {"uv": [1, 3, 1, 6], "texture": "#texture"}
			}
		},
		{
			"from": [10, 4, 13],
			"to": [12, 4, 16],
			"rotation": {"angle": 0, "axis": "x", "origin": [8, 1.5, 8]},
			"faces": {
				"north": {"uv": [0, 0, 0, 2], "rotation": 270, "texture": "#texture"},
				"east": {"uv": [1, 3, 1, 6], "rotation": 270, "texture": "#texture"},
				"south": {"uv": [0, 0, 0, 2], "rotation": 270, "texture": "#texture"},
				"west": {"uv": [1, 3, 1, 6], "rotation": 90, "texture": "#texture"},
				"up": {"uv": [1, 3, 3, 6], "rotation": 180, "texture": "#texture"},
				"down": {"uv": [1, 3, 3, 6], "texture": "#texture"}
			}
		},
		{
			"from": [10, 6, 13],
			"to": [12, 6, 16],
			"rotation": {"angle": 0, "axis": "x", "origin": [8, 1.5, 8]},
			"faces": {
				"north": {"uv": [0, 0, 0, 2], "rotation": 270, "texture": "#texture"},
				"east": {"uv": [1, 3, 1, 6], "rotation": 270, "texture": "#texture"},
				"south": {"uv": [0, 0, 0, 2], "rotation": 270, "texture": "#texture"},
				"west": {"uv": [1, 3, 1, 6], "rotation": 90, "texture": "#texture"},
				"up": {"uv": [1, 3, 3, 6], "rotation": 180, "texture": "#texture"},
				"down": {"uv": [1, 3, 3, 6], "texture": "#texture"}
			}
		},
		{
			"from": [12, 4, 13],
			"to": [12, 6, 16],
			"rotation": {"angle": 0, "axis": "x", "origin": [8, 1.5, 8]},
			"faces": {
				"north": {"uv": [0, 0, 2, 0], "rotation": 270, "texture": "#texture"},
				"east": {"uv": [1, 3, 3, 6], "rotation": 270, "texture": "#texture"},
				"south": {"uv": [0, 0, 2, 0], "rotation": 270, "texture": "#texture"},
				"west": {"uv": [1, 3, 3, 6], "rotation": 90, "texture": "#texture"},
				"up": {"uv": [1, 3, 1, 6], "rotation": 180, "texture": "#texture"},
				"down": {"uv": [1, 3, 1, 6], "texture": "#texture"}
			}
		},
		{
			"from": [10, 4, 13],
			"to": [10, 6, 16],
			"rotation": {"angle": 0, "axis": "x", "origin": [8, 1.5, 8]},
			"faces": {
				"north": {"uv": [0, 0, 2, 0], "rotation": 270, "texture": "#texture"},
				"east": {"uv": [1, 3, 3, 6], "rotation": 270, "texture": "#texture"},
				"south": {"uv": [0, 0, 2, 0], "rotation": 270, "texture": "#texture"},
				"west": {"uv": [1, 3, 3, 6], "rotation": 90, "texture": "#texture"},
				"up": {"uv": [1, 3, 1, 6], "rotation": 180, "texture": "#texture"},
				"down": {"uv": [1, 3, 1, 6], "texture": "#texture"}
			}
		},
		{
			"from": [7, 4, 13],
			"to": [9, 4, 16],
			"rotation": {"angle": 0, "axis": "x", "origin": [8, 1.5, 8]},
			"faces": {
				"north": {"uv": [0, 0, 0, 2], "rotation": 270, "texture": "#texture"},
				"east": {"uv": [1, 3, 1, 6], "rotation": 270, "texture": "#texture"},
				"south": {"uv": [0, 0, 0, 2], "rotation": 270, "texture": "#texture"},
				"west": {"uv": [1, 3, 1, 6], "rotation": 90, "texture": "#texture"},
				"up": {"uv": [1, 3, 3, 6], "rotation": 180, "texture": "#texture"},
				"down": {"uv": [1, 3, 3, 6], "texture": "#texture"}
			}
		},
		{
			"from": [7, 6, 13],
			"to": [9, 6, 16],
			"rotation": {"angle": 0, "axis": "x", "origin": [8, 1.5, 8]},
			"faces": {
				"north": {"uv": [0, 0, 0, 2], "rotation": 270, "texture": "#texture"},
				"east": {"uv": [1, 3, 1, 6], "rotation": 270, "texture": "#texture"},
				"south": {"uv": [0, 0, 0, 2], "rotation": 270, "texture": "#texture"},
				"west": {"uv": [1, 3, 1, 6], "rotation": 90, "texture": "#texture"},
				"up": {"uv": [1, 3, 3, 6], "rotation": 180, "texture": "#texture"},
				"down": {"uv": [1, 3, 3, 6], "texture": "#texture"}
			}
		},
		{
			"from": [9, 4, 13],
			"to": [9, 6, 16],
			"rotation": {"angle": 0, "axis": "x", "origin": [8, 1.5, 8]},
			"faces": {
				"north": {"uv": [0, 0, 2, 0], "rotation": 270, "texture": "#texture"},
				"east": {"uv": [1, 3, 3, 6], "rotation": 270, "texture": "#texture"},
				"south": {"uv": [0, 0, 2, 0], "rotation": 270, "texture": "#texture"},
				"west": {"uv": [1, 3, 3, 6], "rotation": 90, "texture": "#texture"},
				"up": {"uv": [1, 3, 1, 6], "rotation": 180, "texture": "#texture"},
				"down": {"uv": [1, 3, 1, 6], "texture": "#texture"}
			}
		},
		{
			"from": [7, 4, 13],
			"to": [7, 6, 16],
			"rotation": {"angle": 0, "axis": "x", "origin": [8, 1.5, 8]},
			"faces": {
				"north": {"uv": [0, 0, 2, 0], "rotation": 270, "texture": "#texture"},
				"east": {"uv": [1, 3, 3, 6], "rotation": 270, "texture": "#texture"},
				"south": {"uv": [0, 0, 2, 0], "rotation": 270, "texture": "#texture"},
				"west": {"uv": [1, 3, 3, 6], "rotation": 90, "texture": "#texture"},
				"up": {"uv": [1, 3, 1, 6], "rotation": 180, "texture": "#texture"},
				"down": {"uv": [1, 3, 1, 6], "texture": "#texture"}
			}
		},
		{
			"from": [4, 4, 13],
			"to": [6, 4, 16],
			"rotation": {"angle": 0, "axis": "x", "origin": [8, 1.5, 8]},
			"faces": {
				"north": {"uv": [0, 0, 0, 2], "rotation": 270, "texture": "#texture"},
				"east": {"uv": [1, 3, 1, 6], "rotation": 270, "texture": "#texture"},
				"south": {"uv": [0, 0, 0, 2], "rotation": 270, "texture": "#texture"},
				"west": {"uv": [1, 3, 1, 6], "rotation": 90, "texture": "#texture"},
				"up": {"uv": [1, 3, 3, 6], "rotation": 180, "texture": "#texture"},
				"down": {"uv": [1, 3, 3, 6], "texture": "#texture"}
			}
		},
		{
			"from": [4, 6, 13],
			"to": [6, 6, 16],
			"rotation": {"angle": 0, "axis": "x", "origin": [8, 1.5, 8]},
			"faces": {
				"north": {"uv": [0, 0, 0, 2], "rotation": 270, "texture": "#texture"},
				"east": {"uv": [1, 3, 1, 6], "rotation": 270, "texture": "#texture"},
				"south": {"uv": [0, 0, 0, 2], "rotation": 270, "texture": "#texture"},
				"west": {"uv": [1, 3, 1, 6], "rotation": 90, "texture": "#texture"},
				"up": {"uv": [1, 3, 3, 6], "rotation": 180, "texture": "#texture"},
				"down": {"uv": [1, 3, 3, 6], "texture": "#texture"}
			}
		},
		{
			"from": [6, 4, 13],
			"to": [6, 6, 16],
			"rotation": {"angle": 0, "axis": "x", "origin": [8, 1.5, 8]},
			"faces": {
				"north": {"uv": [0, 0, 2, 0], "rotation": 270, "texture": "#texture"},
				"east": {"uv": [1, 3, 3, 6], "rotation": 270, "texture": "#texture"},
				"south": {"uv": [0, 0, 2, 0], "rotation": 270, "texture": "#texture"},
				"west": {"uv": [1, 3, 3, 6], "rotation": 90, "texture": "#texture"},
				"up": {"uv": [1, 3, 1, 6], "rotation": 180, "texture": "#texture"},
				"down": {"uv": [1, 3, 1, 6], "texture": "#texture"}
			}
		},
		{
			"from": [4, 4, 13],
			"to": [4, 6, 16],
			"rotation": {"angle": 0, "axis": "x", "origin": [8, 1.5, 8]},
			"faces": {
				"north": {"uv": [0, 0, 2, 0], "rotation": 270, "texture": "#texture"},
				"east": {"uv": [1, 3, 3, 6], "rotation": 270, "texture": "#texture"},
				"south": {"uv": [0, 0, 2, 0], "rotation": 270, "texture": "#texture"},
				"west": {"uv": [1, 3, 3, 6], "rotation": 90, "texture": "#texture"},
				"up": {"uv": [1, 3, 1, 6], "rotation": 180, "texture": "#texture"},
				"down": {"uv": [1, 3, 1, 6], "texture": "#texture"}
			}
		},
		{
			"from": [10, 7, 13],
			"to": [12, 7, 16],
			"rotation": {"angle": 0, "axis": "x", "origin": [8, 1.5, 8]},
			"faces": {
				"north": {"uv": [0, 0, 0, 2], "rotation": 270, "texture": "#texture"},
				"east": {"uv": [1, 3, 1, 6], "rotation": 270, "texture": "#texture"},
				"south": {"uv": [0, 0, 0, 2], "rotation": 270, "texture": "#texture"},
				"west": {"uv": [1, 3, 1, 6], "rotation": 90, "texture": "#texture"},
				"up": {"uv": [1, 3, 3, 6], "rotation": 180, "texture": "#texture"},
				"down": {"uv": [1, 3, 3, 6], "texture": "#texture"}
			}
		},
		{
			"from": [10, 9, 13],
			"to": [12, 9, 16],
			"rotation": {"angle": 0, "axis": "x", "origin": [8, 1.5, 8]},
			"faces": {
				"north": {"uv": [0, 0, 0, 2], "rotation": 270, "texture": "#texture"},
				"east": {"uv": [1, 3, 1, 6], "rotation": 270, "texture": "#texture"},
				"south": {"uv": [0, 0, 0, 2], "rotation": 270, "texture": "#texture"},
				"west": {"uv": [1, 3, 1, 6], "rotation": 90, "texture": "#texture"},
				"up": {"uv": [1, 3, 3, 6], "rotation": 180, "texture": "#texture"},
				"down": {"uv": [1, 3, 3, 6], "texture": "#texture"}
			}
		},
		{
			"from": [12, 7, 13],
			"to": [12, 9, 16],
			"rotation": {"angle": 0, "axis": "x", "origin": [8, 1.5, 8]},
			"faces": {
				"north": {"uv": [0, 0, 2, 0], "rotation": 270, "texture": "#texture"},
				"east": {"uv": [1, 3, 3, 6], "rotation": 270, "texture": "#texture"},
				"south": {"uv": [0, 0, 2, 0], "rotation": 270, "texture": "#texture"},
				"west": {"uv": [1, 3, 3, 6], "rotation": 90, "texture": "#texture"},
				"up": {"uv": [1, 3, 1, 6], "rotation": 180, "texture": "#texture"},
				"down": {"uv": [1, 3, 1, 6], "texture": "#texture"}
			}
		},
		{
			"from": [10, 7, 13],
			"to": [10, 9, 16],
			"rotation": {"angle": 0, "axis": "x", "origin": [8, 1.5, 8]},
			"faces": {
				"north": {"uv": [0, 0, 2, 0], "rotation": 270, "texture": "#texture"},
				"east": {"uv": [1, 3, 3, 6], "rotation": 270, "texture": "#texture"},
				"south": {"uv": [0, 0, 2, 0], "rotation": 270, "texture": "#texture"},
				"west": {"uv": [1, 3, 3, 6], "rotation": 90, "texture": "#texture"},
				"up": {"uv": [1, 3, 1, 6], "rotation": 180, "texture": "#texture"},
				"down": {"uv": [1, 3, 1, 6], "texture": "#texture"}
			}
		},
		{
			"from": [7, 7, 13],
			"to": [9, 7, 16],
			"rotation": {"angle": 0, "axis": "x", "origin": [8, 1.5, 8]},
			"faces": {
				"north": {"uv": [0, 0, 0, 2], "rotation": 270, "texture": "#texture"},
				"east": {"uv": [1, 3, 1, 6], "rotation": 270, "texture": "#texture"},
				"south": {"uv": [0, 0, 0, 2], "rotation": 270, "texture": "#texture"},
				"west": {"uv": [1, 3, 1, 6], "rotation": 90, "texture": "#texture"},
				"up": {"uv": [1, 3, 3, 6], "rotation": 180, "texture": "#texture"},
				"down": {"uv": [1, 3, 3, 6], "texture": "#texture"}
			}
		},
		{
			"from": [7, 9, 13],
			"to": [9, 9, 16],
			"rotation": {"angle": 0, "axis": "x", "origin": [8, 1.5, 8]},
			"faces": {
				"north": {"uv": [0, 0, 0, 2], "rotation": 270, "texture": "#texture"},
				"east": {"uv": [1, 3, 1, 6], "rotation": 270, "texture": "#texture"},
				"south": {"uv": [0, 0, 0, 2], "rotation": 270, "texture": "#texture"},
				"west": {"uv": [1, 3, 1, 6], "rotation": 90, "texture": "#texture"},
				"up": {"uv": [1, 3, 3, 6], "rotation": 180, "texture": "#texture"},
				"down": {"uv": [1, 3, 3, 6], "texture": "#texture"}
			}
		},
		{
			"from": [9, 7, 13],
			"to": [9, 9, 16],
			"rotation": {"angle": 0, "axis": "x", "origin": [8, 1.5, 8]},
			"faces": {
				"north": {"uv": [0, 0, 2, 0], "rotation": 270, "texture": "#texture"},
				"east": {"uv": [1, 3, 3, 6], "rotation": 270, "texture": "#texture"},
				"south": {"uv": [0, 0, 2, 0], "rotation": 270, "texture": "#texture"},
				"west": {"uv": [1, 3, 3, 6], "rotation": 90, "texture": "#texture"},
				"up": {"uv": [1, 3, 1, 6], "rotation": 180, "texture": "#texture"},
				"down": {"uv": [1, 3, 1, 6], "texture": "#texture"}
			}
		},
		{
			"from": [7, 7, 13],
			"to": [7, 9, 16],
			"rotation": {"angle": 0, "axis": "x", "origin": [8, 1.5, 8]},
			"faces": {
				"north": {"uv": [0, 0, 2, 0], "rotation": 270, "texture": "#texture"},
				"east": {"uv": [1, 3, 3, 6], "rotation": 270, "texture": "#texture"},
				"south": {"uv": [0, 0, 2, 0], "rotation": 270, "texture": "#texture"},
				"west": {"uv": [1, 3, 3, 6], "rotation": 90, "texture": "#texture"},
				"up": {"uv": [1, 3, 1, 6], "rotation": 180, "texture": "#texture"},
				"down": {"uv": [1, 3, 1, 6], "texture": "#texture"}
			}
		},
		{
			"from": [4, 7, 13],
			"to": [6, 7, 16],
			"rotation": {"angle": 0, "axis": "x", "origin": [8, 1.5, 8]},
			"faces": {
				"north": {"uv": [0, 0, 0, 2], "rotation": 270, "texture": "#texture"},
				"east": {"uv": [1, 3, 1, 6], "rotation": 270, "texture": "#texture"},
				"south": {"uv": [0, 0, 0, 2], "rotation": 270, "texture": "#texture"},
				"west": {"uv": [1, 3, 1, 6], "rotation": 90, "texture": "#texture"},
				"up": {"uv": [1, 3, 3, 6], "rotation": 180, "texture": "#texture"},
				"down": {"uv": [1, 3, 3, 6], "texture": "#texture"}
			}
		},
		{
			"from": [4, 9, 13],
			"to": [6, 9, 16],
			"rotation": {"angle": 0, "axis": "x", "origin": [8, 1.5, 8]},
			"faces": {
				"north": {"uv": [0, 0, 0, 2], "rotation": 270, "texture": "#texture"},
				"east": {"uv": [1, 3, 1, 6], "rotation": 270, "texture": "#texture"},
				"south": {"uv": [0, 0, 0, 2], "rotation": 270, "texture": "#texture"},
				"west": {"uv": [1, 3, 1, 6], "rotation": 90, "texture": "#texture"},
				"up": {"uv": [1, 3, 3, 6], "rotation": 180, "texture": "#texture"},
				"down": {"uv": [1, 3, 3, 6], "texture": "#texture"}
			}
		},
		{
			"from": [6, 7, 13],
			"to": [6, 9, 16],
			"rotation": {"angle": 0, "axis": "x", "origin": [8, 1.5, 8]},
			"faces": {
				"north": {"uv": [0, 0, 2, 0], "rotation": 270, "texture": "#texture"},
				"east": {"uv": [1, 3, 3, 6], "rotation": 270, "texture": "#texture"},
				"south": {"uv": [0, 0, 2, 0], "rotation": 270, "texture": "#texture"},
				"west": {"uv": [1, 3, 3, 6], "rotation": 90, "texture": "#texture"},
				"up": {"uv": [1, 3, 1, 6], "rotation": 180, "texture": "#texture"},
				"down": {"uv": [1, 3, 1, 6], "texture": "#texture"}
			}
		},
		{
			"from": [4, 7, 13],
			"to": [4, 9, 16],
			"rotation": {"angle": 0, "axis": "x", "origin": [8, 1.5, 8]},
			"faces": {
				"north": {"uv": [0, 0, 2, 0], "rotation": 270, "texture": "#texture"},
				"east": {"uv": [1, 3, 3, 6], "rotation": 270, "texture": "#texture"},
				"south": {"uv": [0, 0, 2, 0], "rotation": 270, "texture": "#texture"},
				"west": {"uv": [1, 3, 3, 6], "rotation": 90, "texture": "#texture"},
				"up": {"uv": [1, 3, 1, 6], "rotation": 180, "texture": "#texture"},
				"down": {"uv": [1, 3, 1, 6], "texture": "#texture"}
			}
		},
		{
			"from": [10, 10, 13],
			"to": [12, 10, 16],
			"rotation": {"angle": 0, "axis": "x", "origin": [8, 1.5, 8]},
			"faces": {
				"north": {"uv": [0, 0, 0, 2], "rotation": 270, "texture": "#texture"},
				"east": {"uv": [1, 3, 1, 6], "rotation": 270, "texture": "#texture"},
				"south": {"uv": [0, 0, 0, 2], "rotation": 270, "texture": "#texture"},
				"west": {"uv": [1, 3, 1, 6], "rotation": 90, "texture": "#texture"},
				"up": {"uv": [1, 3, 3, 6], "rotation": 180, "texture": "#texture"},
				"down": {"uv": [1, 3, 3, 6], "texture": "#texture"}
			}
		},
		{
			"from": [10, 12, 13],
			"to": [12, 12, 16],
			"rotation": {"angle": 0, "axis": "x", "origin": [8, 1.5, 8]},
			"faces": {
				"north": {"uv": [0, 0, 0, 2], "rotation": 270, "texture": "#texture"},
				"east": {"uv": [1, 3, 1, 6], "rotation": 270, "texture": "#texture"},
				"south": {"uv": [0, 0, 0, 2], "rotation": 270, "texture": "#texture"},
				"west": {"uv": [1, 3, 1, 6], "rotation": 90, "texture": "#texture"},
				"up": {"uv": [1, 3, 3, 6], "rotation": 180, "texture": "#texture"},
				"down": {"uv": [1, 3, 3, 6], "texture": "#texture"}
			}
		},
		{
			"from": [12, 10, 13],
			"to": [12, 12, 16],
			"rotation": {"angle": 0, "axis": "x", "origin": [8, 1.5, 8]},
			"faces": {
				"north": {"uv": [0, 0, 2, 0], "rotation": 270, "texture": "#texture"},
				"east": {"uv": [1, 3, 3, 6], "rotation": 270, "texture": "#texture"},
				"south": {"uv": [0, 0, 2, 0], "rotation": 270, "texture": "#texture"},
				"west": {"uv": [1, 3, 3, 6], "rotation": 90, "texture": "#texture"},
				"up": {"uv": [1, 3, 1, 6], "rotation": 180, "texture": "#texture"},
				"down": {"uv": [1, 3, 1, 6], "texture": "#texture"}
			}
		},
		{
			"from": [10, 10, 13],
			"to": [10, 12, 16],
			"rotation": {"angle": 0, "axis": "x", "origin": [8, 1.5, 8]},
			"faces": {
				"north": {"uv": [0, 0, 2, 0], "rotation": 270, "texture": "#texture"},
				"east": {"uv": [1, 3, 3, 6], "rotation": 270, "texture": "#texture"},
				"south": {"uv": [0, 0, 2, 0], "rotation": 270, "texture": "#texture"},
				"west": {"uv": [1, 3, 3, 6], "rotation": 90, "texture": "#texture"},
				"up": {"uv": [1, 3, 1, 6], "rotation": 180, "texture": "#texture"},
				"down": {"uv": [1, 3, 1, 6], "texture": "#texture"}
			}
		},
		{
			"from": [7, 10, 13],
			"to": [9, 10, 16],
			"rotation": {"angle": 0, "axis": "x", "origin": [8, 1.5, 8]},
			"faces": {
				"north": {"uv": [0, 0, 0, 2], "rotation": 270, "texture": "#texture"},
				"east": {"uv": [1, 3, 1, 6], "rotation": 270, "texture": "#texture"},
				"south": {"uv": [0, 0, 0, 2], "rotation": 270, "texture": "#texture"},
				"west": {"uv": [1, 3, 1, 6], "rotation": 90, "texture": "#texture"},
				"up": {"uv": [1, 3, 3, 6], "rotation": 180, "texture": "#texture"},
				"down": {"uv": [1, 3, 3, 6], "texture": "#texture"}
			}
		},
		{
			"from": [7, 12, 13],
			"to": [9, 12, 16],
			"rotation": {"angle": 0, "axis": "x", "origin": [8, 1.5, 8]},
			"faces": {
				"north": {"uv": [0, 0, 0, 2], "rotation": 270, "texture": "#texture"},
				"east": {"uv": [1, 3, 1, 6], "rotation": 270, "texture": "#texture"},
				"south": {"uv": [0, 0, 0, 2], "rotation": 270, "texture": "#texture"},
				"west": {"uv": [1, 3, 1, 6], "rotation": 90, "texture": "#texture"},
				"up": {"uv": [1, 3, 3, 6], "rotation": 180, "texture": "#texture"},
				"down": {"uv": [1, 3, 3, 6], "texture": "#texture"}
			}
		},
		{
			"from": [9, 10, 13],
			"to": [9, 12, 16],
			"rotation": {"angle": 0, "axis": "x", "origin": [8, 1.5, 8]},
			"faces": {
				"north": {"uv": [0, 0, 2, 0], "rotation": 270, "texture": "#texture"},
				"east": {"uv": [1, 3, 3, 6], "rotation": 270, "texture": "#texture"},
				"south": {"uv": [0, 0, 2, 0], "rotation": 270, "texture": "#texture"},
				"west": {"uv": [1, 3, 3, 6], "rotation": 90, "texture": "#texture"},
				"up": {"uv": [1, 3, 1, 6], "rotation": 180, "texture": "#texture"},
				"down": {"uv": [1, 3, 1, 6], "texture": "#texture"}
			}
		},
		{
			"from": [7, 10, 13],
			"to": [7, 12, 16],
			"rotation": {"angle": 0, "axis": "x", "origin": [8, 1.5, 8]},
			"faces": {
				"north": {"uv": [0, 0, 2, 0], "rotation": 270, "texture": "#texture"},
				"east": {"uv": [1, 3, 3, 6], "rotation": 270, "texture": "#texture"},
				"south": {"uv": [0, 0, 2, 0], "rotation": 270, "texture": "#texture"},
				"west": {"uv": [1, 3, 3, 6], "rotation": 90, "texture": "#texture"},
				"up": {"uv": [1, 3, 1, 6], "rotation": 180, "texture": "#texture"},
				"down": {"uv": [1, 3, 1, 6], "texture": "#texture"}
			}
		},
		{
			"from": [4, 10, 13],
			"to": [6, 10, 16],
			"rotation": {"angle": 0, "axis": "x", "origin": [8, 1.5, 8]},
			"faces": {
				"north": {"uv": [0, 0, 0, 2], "rotation": 270, "texture": "#texture"},
				"east": {"uv": [1, 3, 1, 6], "rotation": 270, "texture": "#texture"},
				"south": {"uv": [0, 0, 0, 2], "rotation": 270, "texture": "#texture"},
				"west": {"uv": [1, 3, 1, 6], "rotation": 90, "texture": "#texture"},
				"up": {"uv": [1, 3, 3, 6], "rotation": 180, "texture": "#texture"},
				"down": {"uv": [1, 3, 3, 6], "texture": "#texture"}
			}
		},
		{
			"from": [4, 12, 13],
			"to": [6, 12, 16],
			"rotation": {"angle": 0, "axis": "x", "origin": [8, 1.5, 8]},
			"faces": {
				"north": {"uv": [0, 0, 0, 2], "rotation": 270, "texture": "#texture"},
				"east": {"uv": [1, 3, 1, 6], "rotation": 270, "texture": "#texture"},
				"south": {"uv": [0, 0, 0, 2], "rotation": 270, "texture": "#texture"},
				"west": {"uv": [1, 3, 1, 6], "rotation": 90, "texture": "#texture"},
				"up": {"uv": [1, 3, 3, 6], "rotation": 180, "texture": "#texture"},
				"down": {"uv": [1, 3, 3, 6], "texture": "#texture"}
			}
		},
		{
			"from": [6, 10, 13],
			"to": [6, 12, 16],
			"rotation": {"angle": 0, "axis": "x", "origin": [8, 1.5, 8]},
			"faces": {
				"north": {"uv": [0, 0, 2, 0], "rotation": 270, "texture": "#texture"},
				"east": {"uv": [1, 3, 3, 6], "rotation": 270, "texture": "#texture"},
				"south": {"uv": [0, 0, 2, 0], "rotation": 270, "texture": "#texture"},
				"west": {"uv": [1, 3, 3, 6], "rotation": 90, "texture": "#texture"},
				"up": {"uv": [1, 3, 1, 6], "rotation": 180, "texture": "#texture"},
				"down": {"uv": [1, 3, 1, 6], "texture": "#texture"}
			}
		}
	],
	"groups": [
		0,
		{
			"name": "group",
			"origin": [0, 0, 0],
			"color": 0,
			"nbt": "{}",
			"children": [1, 2, 3, 4, 5, 6, 7, 8, 9, 10, 11, 12, 13, 14, 15, 16, 17, 18, 19, 20, 21, 22, 23, 24, 25, 26, 27, 28, 29, 30, 31, 32, 33, 34, 35, 36]
		}
	]
}