{
	"credit": "Made by CuDsan",
	"ambientocclusion": false,
	"textures": {
		"particle": "block/iron_door_top",
		"top": "block/iron_door_top"
	},
	"elements": [
		{
			"from": [0, 0, 0],
			"to": [3, 16, 16],
			"faces": {
				"north": {"uv": [0, 0, 3, 16], "texture": "#top", "cullface": "north"},
				"east": {"uv": [0, 0, 16, 16], "texture": "#top"},
				"south": {"uv": [0, 0, 3, 16], "texture": "#top", "cullface": "south"},
				"west": {"uv": [16, 0, 0, 16], "texture": "#top", "cullface": "west"},
				"up": {"uv": [0, 3, 16, 0], "rotation": 270, "texture": "#top", "cullface": "up"}
			}
		},
		{
			"from": [0, 5, 3],
			"to": [3, 5, 13],
			"rotation": {"angle": 0, "axis": "y", "origin": [1.5, 9, 8]},
			"faces": {
				"north": {"uv": [0, 0, 3, 0], "texture": "#top"},
				"east": {"uv": [0, 0, 10, 0], "texture": "#top"},
				"south": {"uv": [0, 0, 3, 0], "texture": "#top"},
				"west": {"uv": [0, 0, 10, 0], "texture": "#top"},
				"up": {"uv": [3, 11, 13, 14], "rotation": 90, "texture": "#top"},
				"down": {"uv": [13, 11, 3, 14], "rotation": 270, "texture": "#top"}
			}
		},
		{
			"from": [0, 8, 3],
			"to": [3, 8, 13],
			"rotation": {"angle": 0, "axis": "y", "origin": [1.5, 9, 8]},
			"faces": {
				"north": {"uv": [0, 0, 3, 0], "texture": "#top"},
				"east": {"uv": [0, 0, 10, 0], "texture": "#top"},
				"south": {"uv": [0, 0, 3, 0], "texture": "#top"},
				"west": {"uv": [0, 0, 10, 0], "texture": "#top"},
				"up": {"uv": [3, 11, 13, 14], "rotation": 90, "texture": "#top"},
				"down": {"uv": [13, 11, 3, 14], "rotation": 270, "texture": "#top"}
			}
		},
		{
			"from": [0, 10, 3],
			"to": [3, 10, 13],
			"rotation": {"angle": 0, "axis": "y", "origin": [1.5, 9, 8]},
			"faces": {
				"north": {"uv": [0, 0, 3, 0], "texture": "#top"},
				"east": {"uv": [0, 0, 10, 0], "texture": "#top"},
				"south": {"uv": [0, 0, 3, 0], "texture": "#top"},
				"west": {"uv": [0, 0, 10, 0], "texture": "#top"},
				"up": {"uv": [3, 11, 13, 14], "rotation": 90, "texture": "#top"},
				"down": {"uv": [13, 11, 3, 14], "rotation": 270, "texture": "#top"}
			}
		},
		{
			"from": [0, 13, 3],
			"to": [3, 13, 13],
			"rotation": {"angle": 0, "axis": "y", "origin": [1.5, 9, 8]},
			"faces": {
				"north": {"uv": [0, 0, 3, 0], "texture": "#top"},
				"east": {"uv": [0, 0, 10, 0], "texture": "#top"},
				"south": {"uv": [0, 0, 3, 0], "texture": "#top"},
				"west": {"uv": [0, 0, 10, 0], "texture": "#top"},
				"up": {"uv": [3, 11, 13, 14], "rotation": 90, "texture": "#top"},
				"down": {"uv": [13, 11, 3, 14], "rotation": 270, "texture": "#top"}
			}
		},
		{
			"from": [0, 5, 13],
			"to": [3, 13, 13],
			"rotation": {"angle": 0, "axis": "y", "origin": [1.5, 9, 8]},
			"faces": {
				"north": {"uv": [16, 6, 13, 14], "texture": "#top"},
				"east": {"uv": [0, 0, 0, 8], "texture": "#top"},
				"south": {"uv": [16, 2, 13, 10], "texture": "#top"},
				"west": {"uv": [0, 0, 0, 8], "texture": "#top"},
				"up": {"uv": [0, 0, 0, 3], "rotation": 90, "texture": "#top"},
				"down": {"uv": [0, 0, 0, 3], "rotation": 270, "texture": "#top"}
			}
		},
		{
			"from": [0, 5, 9],
			"to": [3, 13, 9],
			"rotation": {"angle": 0, "axis": "y", "origin": [1.5, 9, 8]},
			"faces": {
				"north": {"uv": [16, 6, 13, 14], "texture": "#top"},
				"east": {"uv": [0, 0, 0, 8], "texture": "#top"},
				"south": {"uv": [16, 2, 13, 10], "texture": "#top"},
				"west": {"uv": [0, 0, 0, 8], "texture": "#top"},
				"up": {"uv": [0, 0, 0, 3], "rotation": 90, "texture": "#top"},
				"down": {"uv": [0, 0, 0, 3], "rotation": 270, "texture": "#top"}
			}
		},
		{
			"from": [0, 5, 7],
			"to": [3, 13, 7],
			"rotation": {"angle": 0, "axis": "y", "origin": [1.5, 9, 8]},
			"faces": {
				"north": {"uv": [16, 6, 13, 14], "texture": "#top"},
				"east": {"uv": [0, 0, 0, 8], "texture": "#top"},
				"south": {"uv": [16, 2, 13, 10], "texture": "#top"},
				"west": {"uv": [0, 0, 0, 8], "texture": "#top"},
				"up": {"uv": [0, 0, 0, 3], "rotation": 90, "texture": "#top"},
				"down": {"uv": [0, 0, 0, 3], "rotation": 270, "texture": "#top"}
			}
		},
		{
			"from": [0, 5, 3],
			"to": [3, 13, 3],
			"rotation": {"angle": 0, "axis": "y", "origin": [1.5, 9, 8]},
			"faces": {
				"north": {"uv": [16, 6, 13, 14], "texture": "#top"},
				"east": {"uv": [0, 0, 0, 8], "texture": "#top"},
				"south": {"uv": [16, 2, 13, 10], "texture": "#top"},
				"west": {"uv": [0, 0, 0, 8], "texture": "#top"},
				"up": {"uv": [0, 0, 0, 3], "rotation": 90, "texture": "#top"},
				"down": {"uv": [0, 0, 0, 3], "rotation": 270, "texture": "#top"}
			}
		}
	],
	"groups": [
		0,
		{
			"name": "group",
			"origin": [0, 0, 0],
			"color": 0,
			"nbt": "{}",
			"children": [1, 2, 3, 4, 5, 6, 7, 8]
		}
	]
}