{
	"credit": "Made by CuDsan",
	"ambientocclusion": false,
	"textures": {
		"particle": "block/jungle_door_top",
		"top": "block/jungle_door_top"
	},
	"elements": [
		{
			"from": [0, 0, 0],
			"to": [3, 16, 16],
			"faces": {
				"north": {"uv": [3, 0, 0, 16], "texture": "#top", "cullface": "north"},
				"east": {"uv": [16, 0, 0, 16], "texture": "#top"},
				"south": {"uv": [0, 0, 3, 16], "texture": "#top", "cullface": "south"},
				"west": {"uv": [0, 0, 16, 16], "texture": "#top", "cullface": "west"},
				"up": {"uv": [0, 3, 16, 0], "rotation": 90, "texture": "#top", "cullface": "up"}
			}
		},
		{
			"from": [0, 8, 10],
			"to": [3, 8, 12],
			"rotation": {"angle": 0, "axis": "y", "origin": [1.5, 8.5, 8]},
			"faces": {
				"north": {"uv": [1, 1, 4, 1], "texture": "#top"},
				"east": {"uv": [0, 0, 2, 0], "texture": "#top"},
				"south": {"uv": [1, 1, 4, 1], "texture": "#top"},
				"west": {"uv": [0, 0, 2, 0], "texture": "#top"},
				"up": {"uv": [1, 1, 3, 4], "rotation": 270, "texture": "#top"},
				"down": {"uv": [1, 1, 3, 4], "rotation": 90, "texture": "#top"}
			}
		},
		{
			"from": [0, 4, 7],
			"to": [3, 4, 9],
			"rotation": {"angle": 0, "axis": "y", "origin": [1.5, 8.5, 8]},
			"faces": {
				"north": {"uv": [1, 1, 4, 1], "texture": "#top"},
				"east": {"uv": [0, 0, 2, 0], "texture": "#top"},
				"south": {"uv": [1, 1, 4, 1], "texture": "#top"},
				"west": {"uv": [0, 0, 2, 0], "texture": "#top"},
				"up": {"uv": [1, 1, 3, 4], "rotation": 270, "texture": "#top"},
				"down": {"uv": [1, 1, 3, 4], "rotation": 90, "texture": "#top"}
			}
		},
		{
			"from": [0, 4, 7],
			"to": [3, 5, 7],
			"rotation": {"angle": 0, "axis": "y", "origin": [1.5, 8.5, 8]},
			"faces": {
				"north": {"uv": [1, 1, 4, 2], "texture": "#top"},
				"east": {"uv": [0, 0, 0, 1], "texture": "#top"},
				"south": {"uv": [1, 1, 4, 2], "texture": "#top"},
				"west": {"uv": [0, 0, 0, 1], "texture": "#top"},
				"up": {"uv": [1, 1, 1, 4], "rotation": 270, "texture": "#top"},
				"down": {"uv": [1, 1, 1, 4], "rotation": 90, "texture": "#top"}
			}
		},
		{
			"from": [0, 4, 9],
			"to": [3, 5, 9],
			"rotation": {"angle": 0, "axis": "y", "origin": [1.5, 8.5, 8]},
			"faces": {
				"north": {"uv": [1, 1, 4, 2], "texture": "#top"},
				"east": {"uv": [0, 0, 0, 1], "texture": "#top"},
				"south": {"uv": [1, 1, 4, 2], "texture": "#top"},
				"west": {"uv": [0, 0, 0, 1], "texture": "#top"},
				"up": {"uv": [1, 1, 1, 4], "rotation": 270, "texture": "#top"},
				"down": {"uv": [1, 1, 1, 4], "rotation": 90, "texture": "#top"}
			}
		},
		{
			"from": [0, 5, 6],
			"to": [3, 6, 6],
			"rotation": {"angle": 0, "axis": "y", "origin": [1.5, 8.5, 8]},
			"faces": {
				"north": {"uv": [1, 1, 4, 2], "texture": "#top"},
				"east": {"uv": [0, 0, 0, 1], "texture": "#top"},
				"south": {"uv": [1, 1, 4, 2], "texture": "#top"},
				"west": {"uv": [0, 0, 0, 1], "texture": "#top"},
				"up": {"uv": [1, 1, 1, 4], "rotation": 270, "texture": "#top"},
				"down": {"uv": [1, 1, 1, 4], "rotation": 90, "texture": "#top"}
			}
		},
		{
			"from": [0, 5, 10],
			"to": [3, 6, 10],
			"rotation": {"angle": 0, "axis": "y", "origin": [1.5, 8.5, 8]},
			"faces": {
				"north": {"uv": [1, 1, 4, 2], "texture": "#top"},
				"east": {"uv": [0, 0, 0, 1], "texture": "#top"},
				"south": {"uv": [1, 1, 4, 2], "texture": "#top"},
				"west": {"uv": [0, 0, 0, 1], "texture": "#top"},
				"up": {"uv": [1, 1, 1, 4], "rotation": 270, "texture": "#top"},
				"down": {"uv": [1, 1, 1, 4], "rotation": 90, "texture": "#top"}
			}
		},
		{
			"from": [0, 6, 6],
			"to": [3, 6, 10],
			"rotation": {"angle": 0, "axis": "y", "origin": [1.5, 8.5, 8]},
			"faces": {
				"north": {"uv": [1, 1, 4, 1], "texture": "#top"},
				"east": {"uv": [0, 0, 4, 0], "texture": "#top"},
				"south": {"uv": [1, 1, 4, 1], "texture": "#top"},
				"west": {"uv": [0, 0, 4, 0], "texture": "#top"},
				"up": {"uv": [1, 1, 5, 4], "rotation": 270, "texture": "#top"},
				"down": {"uv": [1, 1, 5, 4], "rotation": 90, "texture": "#top"}
			}
		},
		{
			"from": [0, 5, 6],
			"to": [3, 5, 7],
			"rotation": {"angle": 0, "axis": "y", "origin": [1.5, 8.5, 8]},
			"faces": {
				"north": {"uv": [1, 1, 4, 1], "texture": "#top"},
				"east": {"uv": [0, 0, 1, 0], "texture": "#top"},
				"south": {"uv": [1, 1, 4, 1], "texture": "#top"},
				"west": {"uv": [0, 0, 1, 0], "texture": "#top"},
				"up": {"uv": [1, 1, 2, 4], "rotation": 270, "texture": "#top"},
				"down": {"uv": [1, 1, 2, 4], "rotation": 90, "texture": "#top"}
			}
		},
		{
			"from": [0, 5, 9],
			"to": [3, 5, 10],
			"rotation": {"angle": 0, "axis": "y", "origin": [1.5, 8.5, 8]},
			"faces": {
				"north": {"uv": [1, 1, 4, 1], "texture": "#top"},
				"east": {"uv": [0, 0, 1, 0], "texture": "#top"},
				"south": {"uv": [1, 1, 4, 1], "texture": "#top"},
				"west": {"uv": [0, 0, 1, 0], "texture": "#top"},
				"up": {"uv": [1, 1, 2, 4], "rotation": 270, "texture": "#top"},
				"down": {"uv": [1, 1, 2, 4], "rotation": 90, "texture": "#top"}
			}
		},
		{
			"from": [0, 8, 7],
			"to": [3, 8, 9],
			"rotation": {"angle": 0, "axis": "y", "origin": [1.5, 8.5, 8]},
			"faces": {
				"north": {"uv": [1, 1, 4, 1], "texture": "#top"},
				"east": {"uv": [0, 0, 2, 0], "texture": "#top"},
				"south": {"uv": [1, 1, 4, 1], "texture": "#top"},
				"west": {"uv": [0, 0, 2, 0], "texture": "#top"},
				"up": {"uv": [1, 1, 3, 4], "rotation": 270, "texture": "#top"},
				"down": {"uv": [1, 1, 3, 4], "rotation": 90, "texture": "#top"}
			}
		},
		{
			"from": [0, 13, 7],
			"to": [3, 13, 9],
			"rotation": {"angle": 0, "axis": "y", "origin": [1.5, 8.5, 8]},
			"faces": {
				"north": {"uv": [1, 1, 4, 1], "texture": "#top"},
				"east": {"uv": [0, 0, 2, 0], "texture": "#top"},
				"south": {"uv": [1, 1, 4, 1], "texture": "#top"},
				"west": {"uv": [0, 0, 2, 0], "texture": "#top"},
				"up": {"uv": [1, 1, 3, 4], "rotation": 270, "texture": "#top"},
				"down": {"uv": [1, 1, 3, 4], "rotation": 90, "texture": "#top"}
			}
		},
		{
			"from": [0, 8, 7],
			"to": [3, 13, 7],
			"rotation": {"angle": 0, "axis": "y", "origin": [1.5, 8.5, 8]},
			"faces": {
				"north": {"uv": [1, 1, 4, 6], "texture": "#top"},
				"east": {"uv": [0, 0, 0, 5], "texture": "#top"},
				"south": {"uv": [1, 1, 4, 6], "texture": "#top"},
				"west": {"uv": [0, 0, 0, 5], "texture": "#top"},
				"up": {"uv": [1, 1, 1, 4], "rotation": 270, "texture": "#top"},
				"down": {"uv": [1, 1, 1, 4], "rotation": 90, "texture": "#top"}
			}
		},
		{
			"from": [0, 8, 9],
			"to": [3, 13, 9],
			"rotation": {"angle": 0, "axis": "y", "origin": [1.5, 8.5, 8]},
			"faces": {
				"north": {"uv": [1, 1, 4, 6], "texture": "#top"},
				"east": {"uv": [0, 0, 0, 5], "texture": "#top"},
				"south": {"uv": [1, 1, 4, 6], "texture": "#top"},
				"west": {"uv": [0, 0, 0, 5], "texture": "#top"},
				"up": {"uv": [1, 1, 1, 4], "rotation": 270, "texture": "#top"},
				"down": {"uv": [1, 1, 1, 4], "rotation": 90, "texture": "#top"}
			}
		},
		{
			"from": [0, 8, 4],
			"to": [3, 8, 6],
			"rotation": {"angle": 0, "axis": "y", "origin": [1.5, 8.5, 8]},
			"faces": {
				"north": {"uv": [1, 1, 4, 1], "texture": "#top"},
				"east": {"uv": [0, 0, 2, 0], "texture": "#top"},
				"south": {"uv": [1, 1, 4, 1], "texture": "#top"},
				"west": {"uv": [0, 0, 2, 0], "texture": "#top"},
				"up": {"uv": [1, 1, 3, 4], "rotation": 270, "texture": "#top"},
				"down": {"uv": [1, 1, 3, 4], "rotation": 90, "texture": "#top"}
			}
		},
		{
			"from": [0, 8, 4],
			"to": [3, 11, 4],
			"rotation": {"angle": 0, "axis": "y", "origin": [1.5, 8.5, 8]},
			"faces": {
				"north": {"uv": [1, 1, 4, 4], "texture": "#top"},
				"east": {"uv": [0, 0, 0, 3], "texture": "#top"},
				"south": {"uv": [1, 1, 4, 4], "texture": "#top"},
				"west": {"uv": [0, 0, 0, 3], "texture": "#top"},
				"up": {"uv": [1, 1, 1, 4], "rotation": 270, "texture": "#top"},
				"down": {"uv": [1, 1, 1, 4], "rotation": 90, "texture": "#top"}
			}
		},
		{
			"from": [0, 8, 6],
			"to": [3, 12, 6],
			"rotation": {"angle": 0, "axis": "y", "origin": [1.5, 8.5, 8]},
			"faces": {
				"north": {"uv": [1, 1, 4, 5], "texture": "#top"},
				"east": {"uv": [0, 0, 0, 4], "texture": "#top"},
				"south": {"uv": [1, 1, 4, 5], "texture": "#top"},
				"west": {"uv": [0, 0, 0, 4], "texture": "#top"},
				"up": {"uv": [1, 1, 1, 4], "rotation": 270, "texture": "#top"},
				"down": {"uv": [1, 1, 1, 4], "rotation": 90, "texture": "#top"}
			}
		},
		{
			"from": [0, 11, 4],
			"to": [3, 11, 5],
			"rotation": {"angle": 0, "axis": "y", "origin": [1.5, 8.5, 8]},
			"faces": {
				"north": {"uv": [1, 1, 4, 1], "texture": "#top"},
				"east": {"uv": [0, 0, 1, 0], "texture": "#top"},
				"south": {"uv": [1, 1, 4, 1], "texture": "#top"},
				"west": {"uv": [0, 0, 1, 0], "texture": "#top"},
				"up": {"uv": [1, 1, 2, 4], "rotation": 270, "texture": "#top"},
				"down": {"uv": [1, 1, 2, 4], "rotation": 90, "texture": "#top"}
			}
		},
		{
			"from": [0, 12, 5],
			"to": [3, 12, 6],
			"rotation": {"angle": 0, "axis": "y", "origin": [1.5, 8.5, 8]},
			"faces": {
				"north": {"uv": [1, 1, 4, 1], "texture": "#top"},
				"east": {"uv": [0, 0, 1, 0], "texture": "#top"},
				"south": {"uv": [1, 1, 4, 1], "texture": "#top"},
				"west": {"uv": [0, 0, 1, 0], "texture": "#top"},
				"up": {"uv": [1, 1, 2, 4], "rotation": 270, "texture": "#top"},
				"down": {"uv": [1, 1, 2, 4], "rotation": 90, "texture": "#top"}
			}
		},
		{
			"from": [0, 11, 5],
			"to": [3, 12, 5],
			"rotation": {"angle": 0, "axis": "y", "origin": [1.5, 8.5, 8]},
			"faces": {
				"north": {"uv": [1, 1, 4, 2], "texture": "#top"},
				"east": {"uv": [0, 0, 0, 1], "texture": "#top"},
				"south": {"uv": [1, 1, 4, 2], "texture": "#top"},
				"west": {"uv": [0, 0, 0, 1], "texture": "#top"},
				"up": {"uv": [1, 1, 1, 4], "rotation": 270, "texture": "#top"},
				"down": {"uv": [1, 1, 1, 4], "rotation": 90, "texture": "#top"}
			}
		},
		{
			"from": [0, 11, 11],
			"to": [3, 12, 11],
			"rotation": {"angle": 0, "axis": "y", "origin": [1.5, 8.5, 8]},
			"faces": {
				"north": {"uv": [1, 1, 4, 2], "texture": "#top"},
				"east": {"uv": [0, 0, 0, 1], "texture": "#top"},
				"south": {"uv": [1, 1, 4, 2], "texture": "#top"},
				"west": {"uv": [0, 0, 0, 1], "texture": "#top"},
				"up": {"uv": [1, 1, 1, 4], "rotation": 270, "texture": "#top"},
				"down": {"uv": [1, 1, 1, 4], "rotation": 90, "texture": "#top"}
			}
		},
		{
			"from": [0, 12, 10],
			"to": [3, 12, 11],
			"rotation": {"angle": 0, "axis": "y", "origin": [1.5, 8.5, 8]},
			"faces": {
				"north": {"uv": [1, 1, 4, 1], "texture": "#top"},
				"east": {"uv": [0, 0, 1, 0], "texture": "#top"},
				"south": {"uv": [1, 1, 4, 1], "texture": "#top"},
				"west": {"uv": [0, 0, 1, 0], "texture": "#top"},
				"up": {"uv": [1, 1, 2, 4], "rotation": 270, "texture": "#top"},
				"down": {"uv": [1, 1, 2, 4], "rotation": 90, "texture": "#top"}
			}
		},
		{
			"from": [0, 11, 11],
			"to": [3, 11, 12],
			"rotation": {"angle": 0, "axis": "y", "origin": [1.5, 8.5, 8]},
			"faces": {
				"north": {"uv": [1, 1, 4, 1], "texture": "#top"},
				"east": {"uv": [0, 0, 1, 0], "texture": "#top"},
				"south": {"uv": [1, 1, 4, 1], "texture": "#top"},
				"west": {"uv": [0, 0, 1, 0], "texture": "#top"},
				"up": {"uv": [1, 1, 2, 4], "rotation": 270, "texture": "#top"},
				"down": {"uv": [1, 1, 2, 4], "rotation": 90, "texture": "#top"}
			}
		},
		{
			"from": [0, 8, 10],
			"to": [3, 12, 10],
			"rotation": {"angle": 0, "axis": "y", "origin": [1.5, 8.5, 8]},
			"faces": {
				"north": {"uv": [1, 1, 4, 5], "texture": "#top"},
				"east": {"uv": [0, 0, 0, 4], "texture": "#top"},
				"south": {"uv": [1, 1, 4, 5], "texture": "#top"},
				"west": {"uv": [0, 0, 0, 4], "texture": "#top"},
				"up": {"uv": [1, 1, 1, 4], "rotation": 270, "texture": "#top"},
				"down": {"uv": [1, 1, 1, 4], "rotation": 90, "texture": "#top"}
			}
		},
		{
			"from": [0, 8, 12],
			"to": [3, 11, 12],
			"rotation": {"angle": 0, "axis": "y", "origin": [1.5, 8.5, 8]},
			"faces": {
				"north": {"uv": [1, 1, 4, 4], "texture": "#top"},
				"east": {"uv": [0, 0, 0, 3], "texture": "#top"},
				"south": {"uv": [1, 1, 4, 4], "texture": "#top"},
				"west": {"uv": [0, 0, 0, 3], "texture": "#top"},
				"up": {"uv": [1, 1, 1, 4], "rotation": 270, "texture": "#top"},
				"down": {"uv": [1, 1, 1, 4], "rotation": 90, "texture": "#top"}
			}
		}
	],
	"groups": [
		0,
		{
			"name": "group",
			"origin": [0, 0, 0],
			"color": 0,
			"nbt": "{}",
			"children": [1, 2, 3, 4, 5, 6, 7, 8, 9, 10, 11, 12, 13, 14, 15, 16, 17, 18, 19, 20, 21, 22, 23, 24]
		}
	]
}