{
	"credit": "Made by CuDsan",
	"parent": "block/thin_block",
	"textures": {
		"particle": "block/mangrove_trapdoor",
		"texture": "block/mangrove_trapdoor"
	},
	"elements": [
		{
			"from": [0, 0, 0],
			"to": [16, 3, 16],
			"faces": {
				"north": {"uv": [0, 0, 16, 3], "texture": "#texture", "cullface": "north"},
				"east": {"uv": [0, 0, 16, 3], "texture": "#texture", "cullface": "east"},
				"south": {"uv": [0, 0, 16, 3], "texture": "#texture", "cullface": "south"},
				"west": {"uv": [0, 0, 16, 3], "texture": "#texture", "cullface": "west"},
				"up": {"uv": [0, 16, 16, 0], "texture": "#texture"},
				"down": {"uv": [0, 0, 16, 16], "texture": "#texture", "cullface": "down"}
			}
		},
		{
			"from": [6, 0, 11],
			"to": [10, 3, 11],
			"faces": {
				"north": {"uv": [6, 2, 10, 5], "texture": "#texture"},
				"east": {"uv": [0, 0, 0, 3], "texture": "#texture"},
				"south": {"uv": [6, 2, 10, 5], "texture": "#texture"},
				"west": {"uv": [0, 0, 0, 3], "texture": "#texture"},
				"up": {"uv": [0, 0, 4, 0], "texture": "#texture"},
				"down": {"uv": [0, 0, 4, 0], "texture": "#texture"}
			}
		},
		{
			"from": [6, 0, 10],
			"to": [6, 3, 11],
			"faces": {
				"north": {"uv": [7, 0, 8, 3], "texture": "#texture"},
				"east": {"uv": [7, 0, 8, 3], "texture": "#texture"},
				"south": {"uv": [7, 0, 7, 3], "texture": "#texture"},
				"west": {"uv": [7, 0, 8, 3], "texture": "#texture"},
				"up": {"uv": [0, 0, 0, 1], "texture": "#texture"},
				"down": {"uv": [0, 0, 0, 1], "texture": "#texture"}
			}
		},
		{
			"from": [5, 0, 10],
			"to": [6, 3, 10],
			"faces": {
				"north": {"uv": [7, 0, 8, 3], "texture": "#texture"},
				"east": {"uv": [7, 0, 7, 3], "texture": "#texture"},
				"south": {"uv": [7, 0, 8, 3], "texture": "#texture"},
				"west": {"uv": [7, 0, 7, 3], "texture": "#texture"},
				"up": {"uv": [0, 0, 1, 0], "texture": "#texture"},
				"down": {"uv": [0, 0, 1, 0], "texture": "#texture"}
			}
		},
		{
			"from": [5, 0, 6],
			"to": [5, 3, 10],
			"faces": {
				"north": {"uv": [0, 0, 0, 3], "texture": "#texture"},
				"east": {"uv": [6, 11, 10, 14], "texture": "#texture"},
				"south": {"uv": [0, 0, 0, 3], "texture": "#texture"},
				"west": {"uv": [6, 11, 10, 14], "texture": "#texture"},
				"up": {"uv": [0, 0, 0, 4], "texture": "#texture"},
				"down": {"uv": [0, 0, 0, 4], "texture": "#texture"}
			}
		},
		{
			"from": [5, 0, 6],
			"to": [6, 3, 6],
			"faces": {
				"north": {"uv": [7, 0, 8, 3], "texture": "#texture"},
				"east": {"uv": [7, 0, 7, 3], "texture": "#texture"},
				"south": {"uv": [7, 0, 8, 3], "texture": "#texture"},
				"west": {"uv": [7, 0, 7, 3], "texture": "#texture"},
				"up": {"uv": [0, 0, 1, 0], "texture": "#texture"},
				"down": {"uv": [0, 0, 1, 0], "texture": "#texture"}
			}
		},
		{
			"from": [6, 0, 5],
			"to": [6, 3, 6],
			"faces": {
				"north": {"uv": [7, 0, 7, 3], "texture": "#texture"},
				"east": {"uv": [7, 0, 8, 3], "texture": "#texture"},
				"south": {"uv": [7, 0, 7, 3], "texture": "#texture"},
				"west": {"uv": [7, 0, 8, 3], "texture": "#texture"},
				"up": {"uv": [0, 0, 0, 1], "texture": "#texture"},
				"down": {"uv": [0, 0, 0, 1], "texture": "#texture"}
			}
		},
		{
			"from": [6, 0, 5],
			"to": [10, 3, 5],
			"faces": {
				"north": {"uv": [6, 2, 10, 5], "texture": "#texture"},
				"east": {"uv": [0, 0, 0, 3], "texture": "#texture"},
				"south": {"uv": [6, 2, 10, 5], "texture": "#texture"},
				"west": {"uv": [0, 0, 0, 3], "texture": "#texture"},
				"up": {"uv": [0, 0, 4, 0], "texture": "#texture"},
				"down": {"uv": [0, 0, 4, 0], "texture": "#texture"}
			}
		},
		{
			"from": [10, 0, 5],
			"to": [10, 3, 6],
			"faces": {
				"north": {"uv": [7, 0, 7, 3], "texture": "#texture"},
				"east": {"uv": [7, 0, 8, 3], "texture": "#texture"},
				"south": {"uv": [7, 0, 7, 3], "texture": "#texture"},
				"west": {"uv": [7, 0, 8, 3], "texture": "#texture"},
				"up": {"uv": [0, 0, 0, 1], "texture": "#texture"},
				"down": {"uv": [0, 0, 0, 1], "texture": "#texture"}
			}
		},
		{
			"from": [10, 0, 6],
			"to": [11, 3, 6],
			"faces": {
				"north": {"uv": [7, 0, 8, 3], "texture": "#texture"},
				"east": {"uv": [7, 0, 7, 3], "texture": "#texture"},
				"south": {"uv": [7, 0, 8, 3], "texture": "#texture"},
				"west": {"uv": [7, 0, 7, 3], "texture": "#texture"},
				"up": {"uv": [0, 0, 1, 0], "texture": "#texture"},
				"down": {"uv": [0, 0, 1, 0], "texture": "#texture"}
			}
		},
		{
			"from": [11, 0, 6],
			"to": [11, 3, 10],
			"faces": {
				"north": {"uv": [0, 0, 0, 3], "texture": "#texture"},
				"east": {"uv": [6, 11, 10, 14], "texture": "#texture"},
				"south": {"uv": [0, 0, 0, 3], "texture": "#texture"},
				"west": {"uv": [6, 11, 10, 14], "texture": "#texture"},
				"up": {"uv": [0, 0, 0, 4], "texture": "#texture"},
				"down": {"uv": [0, 0, 0, 4], "texture": "#texture"}
			}
		},
		{
			"from": [10, 0, 10],
			"to": [11, 3, 10],
			"faces": {
				"north": {"uv": [7, 0, 8, 3], "texture": "#texture"},
				"east": {"uv": [7, 0, 7, 3], "texture": "#texture"},
				"south": {"uv": [7, 0, 8, 3], "texture": "#texture"},
				"west": {"uv": [7, 0, 7, 3], "texture": "#texture"},
				"up": {"uv": [0, 0, 1, 0], "texture": "#texture"},
				"down": {"uv": [0, 0, 1, 0], "texture": "#texture"}
			}
		},
		{
			"from": [10, 0, 10],
			"to": [10, 3, 11],
			"faces": {
				"north": {"uv": [7, 0, 7, 3], "texture": "#texture"},
				"east": {"uv": [7, 0, 8, 3], "texture": "#texture"},
				"south": {"uv": [7, 0, 7, 3], "texture": "#texture"},
				"west": {"uv": [7, 0, 8, 3], "texture": "#texture"},
				"up": {"uv": [0, 0, 0, 1], "texture": "#texture"},
				"down": {"uv": [0, 0, 0, 1], "texture": "#texture"}
			}
		}
	]
}