{
	"credit": "Made by CuDsan",
	"textures": {
		"particle": "block/mangrove_trapdoor",
		"texture": "block/mangrove_trapdoor"
	},
	"elements": [
		{
			"from": [0, 13, 0],
			"to": [16, 16, 16],
			"faces": {
				"north": {"uv": [0, 0, 16, 3], "texture": "#texture", "cullface": "north"},
				"east": {"uv": [0, 0, 16, 3], "texture": "#texture", "cullface": "east"},
				"south": {"uv": [0, 0, 16, 3], "texture": "#texture", "cullface": "south"},
				"west": {"uv": [0, 0, 16, 3], "texture": "#texture", "cullface": "west"},
				"up": {"uv": [0, 16, 16, 0], "texture": "#texture", "cullface": "up"},
				"down": {"uv": [0, 0, 16, 16], "texture": "#texture"}
			}
		},
		{
			"from": [6, 13, 11],
			"to": [10, 16, 11],
			"faces": {
				"north": {"uv": [6, 2, 10, 5], "texture": "#texture"},
				"east": {"uv": [0, 0, 0, 3], "texture": "#texture"},
				"south": {"uv": [6, 2, 10, 5], "texture": "#texture"},
				"west": {"uv": [0, 0, 0, 3], "texture": "#texture"},
				"up": {"uv": [0, 0, 4, 0], "texture": "#texture"},
				"down": {"uv": [0, 0, 4, 0], "texture": "#texture"}
			}
		},
		{
			"from": [6, 13, 10],
			"to": [6, 16, 11],
			"faces": {
				"north": {"uv": [7, 0, 8, 3], "texture": "#texture"},
				"east": {"uv": [7, 0, 8, 3], "texture": "#texture"},
				"south": {"uv": [7, 0, 7, 3], "texture": "#texture"},
				"west": {"uv": [7, 0, 8, 3], "texture": "#texture"},
				"up": {"uv": [0, 0, 0, 1], "texture": "#texture"},
				"down": {"uv": [0, 0, 0, 1], "texture": "#texture"}
			}
		},
		{
			"from": [5, 13, 10],
			"to": [6, 16, 10],
			"faces": {
				"north": {"uv": [7, 0, 8, 3], "texture": "#texture"},
				"east": {"uv": [7, 0, 7, 3], "texture": "#texture"},
				"south": {"uv": [7, 0, 8, 3], "texture": "#texture"},
				"west": {"uv": [7, 0, 7, 3], "texture": "#texture"},
				"up": {"uv": [0, 0, 1, 0], "texture": "#texture"},
				"down": {"uv": [0, 0, 1, 0], "texture": "#texture"}
			}
		},
		{
			"from": [5, 13, 6],
			"to": [5, 16, 10],
			"faces": {
				"north": {"uv": [0, 0, 0, 3], "texture": "#texture"},
				"east": {"uv": [6, 11, 10, 14], "texture": "#texture"},
				"south": {"uv": [0, 0, 0, 3], "texture": "#texture"},
				"west": {"uv": [6, 11, 10, 14], "texture": "#texture"},
				"up": {"uv": [0, 0, 0, 4], "texture": "#texture"},
				"down": {"uv": [0, 0, 0, 4], "texture": "#texture"}
			}
		},
		{
			"from": [5, 13, 6],
			"to": [6, 16, 6],
			"faces": {
				"north": {"uv": [7, 0, 8, 3], "texture": "#texture"},
				"east": {"uv": [7, 0, 7, 3], "texture": "#texture"},
				"south": {"uv": [7, 0, 8, 3], "texture": "#texture"},
				"west": {"uv": [7, 0, 7, 3], "texture": "#texture"},
				"up": {"uv": [0, 0, 1, 0], "texture": "#texture"},
				"down": {"uv": [0, 0, 1, 0], "texture": "#texture"}
			}
		},
		{
			"from": [6, 13, 5],
			"to": [6, 16, 6],
			"faces": {
				"north": {"uv": [7, 0, 7, 3], "texture": "#texture"},
				"east": {"uv": [7, 0, 8, 3], "texture": "#texture"},
				"south": {"uv": [7, 0, 7, 3], "texture": "#texture"},
				"west": {"uv": [7, 0, 8, 3], "texture": "#texture"},
				"up": {"uv": [0, 0, 0, 1], "texture": "#texture"},
				"down": {"uv": [0, 0, 0, 1], "texture": "#texture"}
			}
		},
		{
			"from": [6, 13, 5],
			"to": [10, 16, 5],
			"faces": {
				"north": {"uv": [6, 2, 10, 5], "texture": "#texture"},
				"east": {"uv": [0, 0, 0, 3], "texture": "#texture"},
				"south": {"uv": [6, 2, 10, 5], "texture": "#texture"},
				"west": {"uv": [0, 0, 0, 3], "texture": "#texture"},
				"up": {"uv": [0, 0, 4, 0], "texture": "#texture"},
				"down": {"uv": [0, 0, 4, 0], "texture": "#texture"}
			}
		},
		{
			"from": [10, 13, 5],
			"to": [10, 16, 6],
			"faces": {
				"north": {"uv": [7, 0, 7, 3], "texture": "#texture"},
				"east": {"uv": [7, 0, 8, 3], "texture": "#texture"},
				"south": {"uv": [7, 0, 7, 3], "texture": "#texture"},
				"west": {"uv": [7, 0, 8, 3], "texture": "#texture"},
				"up": {"uv": [0, 0, 0, 1], "texture": "#texture"},
				"down": {"uv": [0, 0, 0, 1], "texture": "#texture"}
			}
		},
		{
			"from": [10, 13, 6],
			"to": [11, 16, 6],
			"faces": {
				"north": {"uv": [7, 0, 8, 3], "texture": "#texture"},
				"east": {"uv": [7, 0, 7, 3], "texture": "#texture"},
				"south": {"uv": [7, 0, 8, 3], "texture": "#texture"},
				"west": {"uv": [7, 0, 7, 3], "texture": "#texture"},
				"up": {"uv": [0, 0, 1, 0], "texture": "#texture"},
				"down": {"uv": [0, 0, 1, 0], "texture": "#texture"}
			}
		},
		{
			"from": [11, 13, 6],
			"to": [11, 16, 10],
			"faces": {
				"north": {"uv": [0, 0, 0, 3], "texture": "#texture"},
				"east": {"uv": [6, 11, 10, 14], "texture": "#texture"},
				"south": {"uv": [0, 0, 0, 3], "texture": "#texture"},
				"west": {"uv": [6, 11, 10, 14], "texture": "#texture"},
				"up": {"uv": [0, 0, 0, 4], "texture": "#texture"},
				"down": {"uv": [0, 0, 0, 4], "texture": "#texture"}
			}
		},
		{
			"from": [10, 13, 10],
			"to": [11, 16, 10],
			"faces": {
				"north": {"uv": [7, 0, 8, 3], "texture": "#texture"},
				"east": {"uv": [7, 0, 7, 3], "texture": "#texture"},
				"south": {"uv": [7, 0, 8, 3], "texture": "#texture"},
				"west": {"uv": [7, 0, 7, 3], "texture": "#texture"},
				"up": {"uv": [0, 0, 1, 0], "texture": "#texture"},
				"down": {"uv": [0, 0, 1, 0], "texture": "#texture"}
			}
		},
		{
			"from": [10, 13, 10],
			"to": [10, 16, 11],
			"faces": {
				"north": {"uv": [7, 0, 7, 3], "texture": "#texture"},
				"east": {"uv": [7, 0, 8, 3], "texture": "#texture"},
				"south": {"uv": [7, 0, 7, 3], "texture": "#texture"},
				"west": {"uv": [7, 0, 8, 3], "texture": "#texture"},
				"up": {"uv": [0, 0, 0, 1], "texture": "#texture"},
				"down": {"uv": [0, 0, 0, 1], "texture": "#texture"}
			}
		}
	],
	"groups": [
		0,
		{
			"name": "group",
			"origin": [0, 0, 0],
			"color": 0,
			"nbt": "{}",
			"armAnimationEnabled": false,
			"children": [1, 2, 3, 4, 5, 6, 7, 8, 9, 10, 11, 12]
		}
	]
}