{
	"credit": "Made by CuDsan",
	"parent": "block/thin_block",
	"textures": {
		"particle": "block/weathered_copper_trapdoor",
		"texture": "block/weathered_copper_trapdoor"
	},
	"elements": [
		{
			"from": [0, 0, 0],
			"to": [16, 3, 16],
			"faces": {
				"north": {"uv": [0, 16, 16, 13], "texture": "#texture", "cullface": "north"},
				"east": {"uv": [0, 16, 16, 13], "texture": "#texture", "cullface": "east"},
				"south": {"uv": [0, 16, 16, 13], "texture": "#texture", "cullface": "south"},
				"west": {"uv": [0, 16, 16, 13], "texture": "#texture", "cullface": "west"},
				"up": {"uv": [0, 0, 16, 16], "texture": "#texture"},
				"down": {"uv": [0, 0, 16, 16], "texture": "#texture", "cullface": "down"}
			}
		},
		{
			"from": [5, 0, 13],
			"to": [11, 3, 13],
			"faces": {
				"north": {"uv": [0, 0, 6, 3], "texture": "#texture"},
				"east": {"uv": [0, 0, 0, 3], "texture": "#texture"},
				"south": {"uv": [0, 0, 6, 3], "texture": "#texture"},
				"west": {"uv": [0, 0, 0, 3], "texture": "#texture"},
				"up": {"uv": [0, 0, 6, 0], "texture": "#texture"},
				"down": {"uv": [0, 0, 6, 0], "texture": "#texture"}
			}
		},
		{
			"from": [5, 0, 12],
			"to": [5, 3, 13],
			"faces": {
				"north": {"uv": [0, 0, 0, 3], "texture": "#texture"},
				"east": {"uv": [0, 0, 1, 3], "texture": "#texture"},
				"south": {"uv": [0, 0, 0, 3], "texture": "#texture"},
				"west": {"uv": [0, 0, 1, 3], "texture": "#texture"},
				"up": {"uv": [0, 0, 0, 1], "texture": "#texture"},
				"down": {"uv": [0, 0, 0, 1], "texture": "#texture"}
			}
		},
		{
			"from": [5, 0, 12],
			"to": [6, 3, 12],
			"faces": {
				"north": {"uv": [0, 0, 1, 3], "texture": "#texture"},
				"east": {"uv": [0, 0, 0, 3], "texture": "#texture"},
				"south": {"uv": [0, 0, 1, 3], "texture": "#texture"},
				"west": {"uv": [0, 0, 0, 3], "texture": "#texture"},
				"up": {"uv": [0, 0, 1, 0], "texture": "#texture"},
				"down": {"uv": [0, 0, 1, 0], "texture": "#texture"}
			}
		},
		{
			"from": [6, 0, 11],
			"to": [6, 3, 12],
			"faces": {
				"north": {"uv": [0, 0, 0, 3], "texture": "#texture"},
				"east": {"uv": [0, 0, 1, 3], "texture": "#texture"},
				"south": {"uv": [0, 0, 0, 3], "texture": "#texture"},
				"west": {"uv": [0, 0, 1, 3], "texture": "#texture"},
				"up": {"uv": [0, 0, 0, 1], "texture": "#texture"},
				"down": {"uv": [0, 0, 0, 1], "texture": "#texture"}
			}
		},
		{
			"from": [6, 0, 11],
			"to": [7, 3, 11],
			"faces": {
				"north": {"uv": [0, 0, 1, 3], "texture": "#texture"},
				"east": {"uv": [0, 0, 0, 3], "texture": "#texture"},
				"south": {"uv": [0, 0, 1, 3], "texture": "#texture"},
				"west": {"uv": [0, 0, 0, 3], "texture": "#texture"},
				"up": {"uv": [0, 0, 1, 0], "texture": "#texture"},
				"down": {"uv": [0, 0, 1, 0], "texture": "#texture"}
			}
		},
		{
			"from": [7, 0, 10],
			"to": [7, 3, 11],
			"faces": {
				"north": {"uv": [0, 0, 0, 3], "texture": "#texture"},
				"east": {"uv": [0, 0, 1, 3], "texture": "#texture"},
				"south": {"uv": [0, 0, 0, 3], "texture": "#texture"},
				"west": {"uv": [0, 0, 1, 3], "texture": "#texture"},
				"up": {"uv": [0, 0, 0, 1], "texture": "#texture"},
				"down": {"uv": [0, 0, 0, 1], "texture": "#texture"}
			}
		},
		{
			"from": [7, 0, 10],
			"to": [9, 3, 10],
			"faces": {
				"north": {"uv": [0, 0, 2, 3], "texture": "#texture"},
				"east": {"uv": [0, 0, 0, 3], "texture": "#texture"},
				"south": {"uv": [0, 0, 2, 3], "texture": "#texture"},
				"west": {"uv": [0, 0, 0, 3], "texture": "#texture"},
				"up": {"uv": [0, 0, 2, 0], "texture": "#texture"},
				"down": {"uv": [0, 0, 2, 0], "texture": "#texture"}
			}
		},
		{
			"from": [9, 0, 10],
			"to": [9, 3, 11],
			"faces": {
				"north": {"uv": [0, 0, 0, 3], "texture": "#texture"},
				"east": {"uv": [0, 0, 1, 3], "texture": "#texture"},
				"south": {"uv": [0, 0, 0, 3], "texture": "#texture"},
				"west": {"uv": [0, 0, 1, 3], "texture": "#texture"},
				"up": {"uv": [0, 0, 0, 1], "texture": "#texture"},
				"down": {"uv": [0, 0, 0, 1], "texture": "#texture"}
			}
		},
		{
			"from": [9, 0, 11],
			"to": [10, 3, 11],
			"faces": {
				"north": {"uv": [0, 0, 1, 3], "texture": "#texture"},
				"east": {"uv": [0, 0, 0, 3], "texture": "#texture"},
				"south": {"uv": [0, 0, 1, 3], "texture": "#texture"},
				"west": {"uv": [0, 0, 0, 3], "texture": "#texture"},
				"up": {"uv": [0, 0, 1, 0], "texture": "#texture"},
				"down": {"uv": [0, 0, 1, 0], "texture": "#texture"}
			}
		},
		{
			"from": [10, 0, 11],
			"to": [10, 3, 12],
			"faces": {
				"north": {"uv": [0, 0, 0, 3], "texture": "#texture"},
				"east": {"uv": [0, 0, 1, 3], "texture": "#texture"},
				"south": {"uv": [0, 0, 0, 3], "texture": "#texture"},
				"west": {"uv": [0, 0, 1, 3], "texture": "#texture"},
				"up": {"uv": [0, 0, 0, 1], "texture": "#texture"},
				"down": {"uv": [0, 0, 0, 1], "texture": "#texture"}
			}
		},
		{
			"from": [10, 0, 12],
			"to": [11, 3, 12],
			"faces": {
				"north": {"uv": [0, 0, 1, 3], "texture": "#texture"},
				"east": {"uv": [0, 0, 0, 3], "texture": "#texture"},
				"south": {"uv": [0, 0, 1, 3], "texture": "#texture"},
				"west": {"uv": [0, 0, 0, 3], "texture": "#texture"},
				"up": {"uv": [0, 0, 1, 0], "texture": "#texture"},
				"down": {"uv": [0, 0, 1, 0], "texture": "#texture"}
			}
		},
		{
			"from": [11, 0, 12],
			"to": [11, 3, 13],
			"faces": {
				"north": {"uv": [0, 0, 0, 3], "texture": "#texture"},
				"east": {"uv": [0, 0, 1, 3], "texture": "#texture"},
				"south": {"uv": [0, 0, 0, 3], "texture": "#texture"},
				"west": {"uv": [0, 0, 1, 3], "texture": "#texture"},
				"up": {"uv": [0, 0, 0, 1], "texture": "#texture"},
				"down": {"uv": [0, 0, 0, 1], "texture": "#texture"}
			}
		},
		{
			"from": [5, 0, 3],
			"to": [11, 3, 3],
			"faces": {
				"north": {"uv": [0, 0, 6, 3], "texture": "#texture"},
				"east": {"uv": [0, 0, 0, 3], "texture": "#texture"},
				"south": {"uv": [0, 0, 6, 3], "texture": "#texture"},
				"west": {"uv": [0, 0, 0, 3], "texture": "#texture"},
				"up": {"uv": [0, 0, 6, 0], "texture": "#texture"},
				"down": {"uv": [0, 0, 6, 0], "texture": "#texture"}
			}
		},
		{
			"from": [5, 0, 3],
			"to": [5, 3, 4],
			"faces": {
				"north": {"uv": [0, 0, 0, 3], "texture": "#texture"},
				"east": {"uv": [0, 0, 1, 3], "texture": "#texture"},
				"south": {"uv": [0, 0, 0, 3], "texture": "#texture"},
				"west": {"uv": [0, 0, 1, 3], "texture": "#texture"},
				"up": {"uv": [0, 0, 0, 1], "texture": "#texture"},
				"down": {"uv": [0, 0, 0, 1], "texture": "#texture"}
			}
		},
		{
			"from": [5, 0, 4],
			"to": [6, 3, 4],
			"faces": {
				"north": {"uv": [0, 0, 1, 3], "texture": "#texture"},
				"east": {"uv": [0, 0, 0, 3], "texture": "#texture"},
				"south": {"uv": [0, 0, 1, 3], "texture": "#texture"},
				"west": {"uv": [0, 0, 0, 3], "texture": "#texture"},
				"up": {"uv": [0, 0, 1, 0], "texture": "#texture"},
				"down": {"uv": [0, 0, 1, 0], "texture": "#texture"}
			}
		},
		{
			"from": [6, 0, 4],
			"to": [6, 3, 5],
			"faces": {
				"north": {"uv": [0, 0, 0, 3], "texture": "#texture"},
				"east": {"uv": [0, 0, 1, 3], "texture": "#texture"},
				"south": {"uv": [0, 0, 0, 3], "texture": "#texture"},
				"west": {"uv": [0, 0, 1, 3], "texture": "#texture"},
				"up": {"uv": [0, 0, 0, 1], "texture": "#texture"},
				"down": {"uv": [0, 0, 0, 1], "texture": "#texture"}
			}
		},
		{
			"from": [6, 0, 5],
			"to": [7, 3, 5],
			"faces": {
				"north": {"uv": [0, 0, 1, 3], "texture": "#texture"},
				"east": {"uv": [0, 0, 0, 3], "texture": "#texture"},
				"south": {"uv": [0, 0, 1, 3], "texture": "#texture"},
				"west": {"uv": [0, 0, 0, 3], "texture": "#texture"},
				"up": {"uv": [0, 0, 1, 0], "texture": "#texture"},
				"down": {"uv": [0, 0, 1, 0], "texture": "#texture"}
			}
		},
		{
			"from": [7, 0, 5],
			"to": [7, 3, 6],
			"faces": {
				"north": {"uv": [0, 0, 0, 3], "texture": "#texture"},
				"east": {"uv": [0, 0, 1, 3], "texture": "#texture"},
				"south": {"uv": [0, 0, 0, 3], "texture": "#texture"},
				"west": {"uv": [0, 0, 1, 3], "texture": "#texture"},
				"up": {"uv": [0, 0, 0, 1], "texture": "#texture"},
				"down": {"uv": [0, 0, 0, 1], "texture": "#texture"}
			}
		},
		{
			"from": [7, 0, 6],
			"to": [9, 3, 6],
			"faces": {
				"north": {"uv": [0, 0, 2, 3], "texture": "#texture"},
				"east": {"uv": [0, 0, 0, 3], "texture": "#texture"},
				"south": {"uv": [0, 0, 2, 3], "texture": "#texture"},
				"west": {"uv": [0, 0, 0, 3], "texture": "#texture"},
				"up": {"uv": [0, 0, 2, 0], "texture": "#texture"},
				"down": {"uv": [0, 0, 2, 0], "texture": "#texture"}
			}
		},
		{
			"from": [9, 0, 5],
			"to": [9, 3, 6],
			"faces": {
				"north": {"uv": [0, 0, 0, 3], "texture": "#texture"},
				"east": {"uv": [0, 0, 1, 3], "texture": "#texture"},
				"south": {"uv": [0, 0, 0, 3], "texture": "#texture"},
				"west": {"uv": [0, 0, 1, 3], "texture": "#texture"},
				"up": {"uv": [0, 0, 0, 1], "texture": "#texture"},
				"down": {"uv": [0, 0, 0, 1], "texture": "#texture"}
			}
		},
		{
			"from": [9, 0, 5],
			"to": [10, 3, 5],
			"faces": {
				"north": {"uv": [0, 0, 1, 3], "texture": "#texture"},
				"east": {"uv": [0, 0, 0, 3], "texture": "#texture"},
				"south": {"uv": [0, 0, 1, 3], "texture": "#texture"},
				"west": {"uv": [0, 0, 0, 3], "texture": "#texture"},
				"up": {"uv": [0, 0, 1, 0], "texture": "#texture"},
				"down": {"uv": [0, 0, 1, 0], "texture": "#texture"}
			}
		},
		{
			"from": [10, 0, 4],
			"to": [10, 3, 5],
			"faces": {
				"north": {"uv": [0, 0, 0, 3], "texture": "#texture"},
				"east": {"uv": [0, 0, 1, 3], "texture": "#texture"},
				"south": {"uv": [0, 0, 0, 3], "texture": "#texture"},
				"west": {"uv": [0, 0, 1, 3], "texture": "#texture"},
				"up": {"uv": [0, 0, 0, 1], "texture": "#texture"},
				"down": {"uv": [0, 0, 0, 1], "texture": "#texture"}
			}
		},
		{
			"from": [10, 0, 4],
			"to": [11, 3, 4],
			"faces": {
				"north": {"uv": [0, 0, 1, 3], "texture": "#texture"},
				"east": {"uv": [0, 0, 0, 3], "texture": "#texture"},
				"south": {"uv": [0, 0, 1, 3], "texture": "#texture"},
				"west": {"uv": [0, 0, 0, 3], "texture": "#texture"},
				"up": {"uv": [0, 0, 1, 0], "texture": "#texture"},
				"down": {"uv": [0, 0, 1, 0], "texture": "#texture"}
			}
		},
		{
			"from": [11, 0, 3],
			"to": [11, 3, 4],
			"faces": {
				"north": {"uv": [0, 0, 0, 3], "texture": "#texture"},
				"east": {"uv": [0, 0, 1, 3], "texture": "#texture"},
				"south": {"uv": [0, 0, 0, 3], "texture": "#texture"},
				"west": {"uv": [0, 0, 1, 3], "texture": "#texture"},
				"up": {"uv": [0, 0, 0, 1], "texture": "#texture"},
				"down": {"uv": [0, 0, 0, 1], "texture": "#texture"}
			}
		},
		{
			"from": [3, 0, 5],
			"to": [3, 3, 11],
			"faces": {
				"north": {"uv": [0, 0, 0, 3], "texture": "#texture"},
				"east": {"uv": [0, 0, 6, 3], "texture": "#texture"},
				"south": {"uv": [0, 0, 0, 3], "texture": "#texture"},
				"west": {"uv": [0, 0, 6, 3], "texture": "#texture"},
				"up": {"uv": [0, 0, 0, 6], "texture": "#texture"},
				"down": {"uv": [0, 0, 0, 6], "texture": "#texture"}
			}
		},
		{
			"from": [3, 0, 5],
			"to": [4, 3, 5],
			"faces": {
				"north": {"uv": [0, 0, 1, 3], "texture": "#texture"},
				"east": {"uv": [0, 0, 0, 3], "texture": "#texture"},
				"south": {"uv": [0, 0, 1, 3], "texture": "#texture"},
				"west": {"uv": [0, 0, 0, 3], "texture": "#texture"},
				"up": {"uv": [0, 0, 1, 0], "texture": "#texture"},
				"down": {"uv": [0, 0, 1, 0], "texture": "#texture"}
			}
		},
		{
			"from": [4, 0, 5],
			"to": [4, 3, 6],
			"faces": {
				"north": {"uv": [0, 0, 0, 3], "texture": "#texture"},
				"east": {"uv": [0, 0, 1, 3], "texture": "#texture"},
				"south": {"uv": [0, 0, 0, 3], "texture": "#texture"},
				"west": {"uv": [0, 0, 1, 3], "texture": "#texture"},
				"up": {"uv": [0, 0, 0, 1], "texture": "#texture"},
				"down": {"uv": [0, 0, 0, 1], "texture": "#texture"}
			}
		},
		{
			"from": [4, 0, 6],
			"to": [5, 3, 6],
			"faces": {
				"north": {"uv": [0, 0, 1, 3], "texture": "#texture"},
				"east": {"uv": [0, 0, 0, 3], "texture": "#texture"},
				"south": {"uv": [0, 0, 1, 3], "texture": "#texture"},
				"west": {"uv": [0, 0, 0, 3], "texture": "#texture"},
				"up": {"uv": [0, 0, 1, 0], "texture": "#texture"},
				"down": {"uv": [0, 0, 1, 0], "texture": "#texture"}
			}
		},
		{
			"from": [5, 0, 6],
			"to": [5, 3, 7],
			"faces": {
				"north": {"uv": [0, 0, 0, 3], "texture": "#texture"},
				"east": {"uv": [0, 0, 1, 3], "texture": "#texture"},
				"south": {"uv": [0, 0, 0, 3], "texture": "#texture"},
				"west": {"uv": [0, 0, 1, 3], "texture": "#texture"},
				"up": {"uv": [0, 0, 0, 1], "texture": "#texture"},
				"down": {"uv": [0, 0, 0, 1], "texture": "#texture"}
			}
		},
		{
			"from": [5, 0, 7],
			"to": [6, 3, 7],
			"faces": {
				"north": {"uv": [0, 0, 1, 3], "texture": "#texture"},
				"east": {"uv": [0, 0, 0, 3], "texture": "#texture"},
				"south": {"uv": [0, 0, 1, 3], "texture": "#texture"},
				"west": {"uv": [0, 0, 0, 3], "texture": "#texture"},
				"up": {"uv": [0, 0, 1, 0], "texture": "#texture"},
				"down": {"uv": [0, 0, 1, 0], "texture": "#texture"}
			}
		},
		{
			"from": [6, 0, 7],
			"to": [6, 3, 9],
			"faces": {
				"north": {"uv": [0, 0, 0, 3], "texture": "#texture"},
				"east": {"uv": [0, 0, 2, 3], "texture": "#texture"},
				"south": {"uv": [0, 0, 0, 3], "texture": "#texture"},
				"west": {"uv": [0, 0, 2, 3], "texture": "#texture"},
				"up": {"uv": [0, 0, 0, 2], "texture": "#texture"},
				"down": {"uv": [0, 0, 0, 2], "texture": "#texture"}
			}
		},
		{
			"from": [5, 0, 9],
			"to": [6, 3, 9],
			"faces": {
				"north": {"uv": [0, 0, 1, 3], "texture": "#texture"},
				"east": {"uv": [0, 0, 0, 3], "texture": "#texture"},
				"south": {"uv": [0, 0, 1, 3], "texture": "#texture"},
				"west": {"uv": [0, 0, 0, 3], "texture": "#texture"},
				"up": {"uv": [0, 0, 1, 0], "texture": "#texture"},
				"down": {"uv": [0, 0, 1, 0], "texture": "#texture"}
			}
		},
		{
			"from": [5, 0, 9],
			"to": [5, 3, 10],
			"faces": {
				"north": {"uv": [0, 0, 0, 3], "texture": "#texture"},
				"east": {"uv": [0, 0, 1, 3], "texture": "#texture"},
				"south": {"uv": [0, 0, 0, 3], "texture": "#texture"},
				"west": {"uv": [0, 0, 1, 3], "texture": "#texture"},
				"up": {"uv": [0, 0, 0, 1], "texture": "#texture"},
				"down": {"uv": [0, 0, 0, 1], "texture": "#texture"}
			}
		},
		{
			"from": [4, 0, 10],
			"to": [5, 3, 10],
			"faces": {
				"north": {"uv": [0, 0, 1, 3], "texture": "#texture"},
				"east": {"uv": [0, 0, 0, 3], "texture": "#texture"},
				"south": {"uv": [0, 0, 1, 3], "texture": "#texture"},
				"west": {"uv": [0, 0, 0, 3], "texture": "#texture"},
				"up": {"uv": [0, 0, 1, 0], "texture": "#texture"},
				"down": {"uv": [0, 0, 1, 0], "texture": "#texture"}
			}
		},
		{
			"from": [4, 0, 10],
			"to": [4, 3, 11],
			"faces": {
				"north": {"uv": [0, 0, 0, 3], "texture": "#texture"},
				"east": {"uv": [0, 0, 1, 3], "texture": "#texture"},
				"south": {"uv": [0, 0, 0, 3], "texture": "#texture"},
				"west": {"uv": [0, 0, 1, 3], "texture": "#texture"},
				"up": {"uv": [0, 0, 0, 1], "texture": "#texture"},
				"down": {"uv": [0, 0, 0, 1], "texture": "#texture"}
			}
		},
		{
			"from": [3, 0, 11],
			"to": [4, 3, 11],
			"faces": {
				"north": {"uv": [0, 0, 1, 3], "texture": "#texture"},
				"east": {"uv": [0, 0, 0, 3], "texture": "#texture"},
				"south": {"uv": [0, 0, 1, 3], "texture": "#texture"},
				"west": {"uv": [0, 0, 0, 3], "texture": "#texture"},
				"up": {"uv": [0, 0, 1, 0], "texture": "#texture"},
				"down": {"uv": [0, 0, 1, 0], "texture": "#texture"}
			}
		},
		{
			"from": [13, 0, 5],
			"to": [13, 3, 11],
			"faces": {
				"north": {"uv": [0, 0, 0, 3], "texture": "#texture"},
				"east": {"uv": [0, 0, 6, 3], "texture": "#texture"},
				"south": {"uv": [0, 0, 0, 3], "texture": "#texture"},
				"west": {"uv": [0, 0, 6, 3], "texture": "#texture"},
				"up": {"uv": [0, 0, 0, 6], "texture": "#texture"},
				"down": {"uv": [0, 0, 0, 6], "texture": "#texture"}
			}
		},
		{
			"from": [12, 0, 5],
			"to": [13, 3, 5],
			"faces": {
				"north": {"uv": [0, 0, 1, 3], "texture": "#texture"},
				"east": {"uv": [0, 0, 0, 3], "texture": "#texture"},
				"south": {"uv": [0, 0, 1, 3], "texture": "#texture"},
				"west": {"uv": [0, 0, 0, 3], "texture": "#texture"},
				"up": {"uv": [0, 0, 1, 0], "texture": "#texture"},
				"down": {"uv": [0, 0, 1, 0], "texture": "#texture"}
			}
		},
		{
			"from": [12, 0, 5],
			"to": [12, 3, 6],
			"faces": {
				"north": {"uv": [0, 0, 0, 3], "texture": "#texture"},
				"east": {"uv": [0, 0, 1, 3], "texture": "#texture"},
				"south": {"uv": [0, 0, 0, 3], "texture": "#texture"},
				"west": {"uv": [0, 0, 1, 3], "texture": "#texture"},
				"up": {"uv": [0, 0, 0, 1], "texture": "#texture"},
				"down": {"uv": [0, 0, 0, 1], "texture": "#texture"}
			}
		},
		{
			"from": [11, 0, 6],
			"to": [12, 3, 6],
			"faces": {
				"north": {"uv": [0, 0, 1, 3], "texture": "#texture"},
				"east": {"uv": [0, 0, 0, 3], "texture": "#texture"},
				"south": {"uv": [0, 0, 1, 3], "texture": "#texture"},
				"west": {"uv": [0, 0, 0, 3], "texture": "#texture"},
				"up": {"uv": [0, 0, 1, 0], "texture": "#texture"},
				"down": {"uv": [0, 0, 1, 0], "texture": "#texture"}
			}
		},
		{
			"from": [11, 0, 6],
			"to": [11, 3, 7],
			"faces": {
				"north": {"uv": [0, 0, 0, 3], "texture": "#texture"},
				"east": {"uv": [0, 0, 1, 3], "texture": "#texture"},
				"south": {"uv": [0, 0, 0, 3], "texture": "#texture"},
				"west": {"uv": [0, 0, 1, 3], "texture": "#texture"},
				"up": {"uv": [0, 0, 0, 1], "texture": "#texture"},
				"down": {"uv": [0, 0, 0, 1], "texture": "#texture"}
			}
		},
		{
			"from": [10, 0, 7],
			"to": [11, 3, 7],
			"faces": {
				"north": {"uv": [0, 0, 1, 3], "texture": "#texture"},
				"east": {"uv": [0, 0, 0, 3], "texture": "#texture"},
				"south": {"uv": [0, 0, 1, 3], "texture": "#texture"},
				"west": {"uv": [0, 0, 0, 3], "texture": "#texture"},
				"up": {"uv": [0, 0, 1, 0], "texture": "#texture"},
				"down": {"uv": [0, 0, 1, 0], "texture": "#texture"}
			}
		},
		{
			"from": [10, 0, 7],
			"to": [10, 3, 9],
			"faces": {
				"north": {"uv": [0, 0, 0, 3], "texture": "#texture"},
				"east": {"uv": [0, 0, 2, 3], "texture": "#texture"},
				"south": {"uv": [0, 0, 0, 3], "texture": "#texture"},
				"west": {"uv": [0, 0, 2, 3], "texture": "#texture"},
				"up": {"uv": [0, 0, 0, 2], "texture": "#texture"},
				"down": {"uv": [0, 0, 0, 2], "texture": "#texture"}
			}
		},
		{
			"from": [10, 0, 9],
			"to": [11, 3, 9],
			"faces": {
				"north": {"uv": [0, 0, 1, 3], "texture": "#texture"},
				"east": {"uv": [0, 0, 0, 3], "texture": "#texture"},
				"south": {"uv": [0, 0, 1, 3], "texture": "#texture"},
				"west": {"uv": [0, 0, 0, 3], "texture": "#texture"},
				"up": {"uv": [0, 0, 1, 0], "texture": "#texture"},
				"down": {"uv": [0, 0, 1, 0], "texture": "#texture"}
			}
		},
		{
			"from": [11, 0, 9],
			"to": [11, 3, 10],
			"faces": {
				"north": {"uv": [0, 0, 0, 3], "texture": "#texture"},
				"east": {"uv": [0, 0, 1, 3], "texture": "#texture"},
				"south": {"uv": [0, 0, 0, 3], "texture": "#texture"},
				"west": {"uv": [0, 0, 1, 3], "texture": "#texture"},
				"up": {"uv": [0, 0, 0, 1], "texture": "#texture"},
				"down": {"uv": [0, 0, 0, 1], "texture": "#texture"}
			}
		},
		{
			"from": [11, 0, 10],
			"to": [12, 3, 10],
			"faces": {
				"north": {"uv": [0, 0, 1, 3], "texture": "#texture"},
				"east": {"uv": [0, 0, 0, 3], "texture": "#texture"},
				"south": {"uv": [0, 0, 1, 3], "texture": "#texture"},
				"west": {"uv": [0, 0, 0, 3], "texture": "#texture"},
				"up": {"uv": [0, 0, 1, 0], "texture": "#texture"},
				"down": {"uv": [0, 0, 1, 0], "texture": "#texture"}
			}
		},
		{
			"from": [12, 0, 10],
			"to": [12, 3, 11],
			"faces": {
				"north": {"uv": [0, 0, 0, 3], "texture": "#texture"},
				"east": {"uv": [0, 0, 1, 3], "texture": "#texture"},
				"south": {"uv": [0, 0, 0, 3], "texture": "#texture"},
				"west": {"uv": [0, 0, 1, 3], "texture": "#texture"},
				"up": {"uv": [0, 0, 0, 1], "texture": "#texture"},
				"down": {"uv": [0, 0, 0, 1], "texture": "#texture"}
			}
		},
		{
			"from": [12, 0, 11],
			"to": [13, 3, 11],
			"faces": {
				"north": {"uv": [0, 0, 1, 3], "texture": "#texture"},
				"east": {"uv": [0, 0, 0, 3], "texture": "#texture"},
				"south": {"uv": [0, 0, 1, 3], "texture": "#texture"},
				"west": {"uv": [0, 0, 0, 3], "texture": "#texture"},
				"up": {"uv": [0, 0, 1, 0], "texture": "#texture"},
				"down": {"uv": [0, 0, 1, 0], "texture": "#texture"}
			}
		},
		{
			"from": [7, 0, 9],
			"to": [9, 3, 9],
			"faces": {
				"north": {"uv": [0, 0, 2, 3], "texture": "#texture"},
				"east": {"uv": [0, 0, 0, 3], "texture": "#texture"},
				"south": {"uv": [0, 0, 2, 3], "texture": "#texture"},
				"west": {"uv": [0, 0, 0, 3], "texture": "#texture"},
				"up": {"uv": [0, 0, 2, 0], "texture": "#texture"},
				"down": {"uv": [0, 0, 2, 0], "texture": "#texture"}
			}
		},
		{
			"from": [7, 0, 7],
			"to": [9, 3, 7],
			"faces": {
				"north": {"uv": [0, 0, 2, 3], "texture": "#texture"},
				"east": {"uv": [0, 0, 0, 3], "texture": "#texture"},
				"south": {"uv": [0, 0, 2, 3], "texture": "#texture"},
				"west": {"uv": [0, 0, 0, 3], "texture": "#texture"},
				"up": {"uv": [0, 0, 2, 0], "texture": "#texture"},
				"down": {"uv": [0, 0, 2, 0], "texture": "#texture"}
			}
		},
		{
			"from": [7, 0, 7],
			"to": [7, 3, 9],
			"faces": {
				"north": {"uv": [0, 0, 0, 3], "texture": "#texture"},
				"east": {"uv": [0, 0, 2, 3], "texture": "#texture"},
				"south": {"uv": [0, 0, 0, 3], "texture": "#texture"},
				"west": {"uv": [0, 0, 2, 3], "texture": "#texture"},
				"up": {"uv": [0, 0, 0, 2], "texture": "#texture"},
				"down": {"uv": [0, 0, 0, 2], "texture": "#texture"}
			}
		},
		{
			"from": [9, 0, 7],
			"to": [9, 3, 9],
			"faces": {
				"north": {"uv": [0, 0, 0, 3], "texture": "#texture"},
				"east": {"uv": [0, 0, 2, 3], "texture": "#texture"},
				"south": {"uv": [0, 0, 0, 3], "texture": "#texture"},
				"west": {"uv": [0, 0, 2, 3], "texture": "#texture"},
				"up": {"uv": [0, 0, 0, 2], "texture": "#texture"},
				"down": {"uv": [0, 0, 0, 2], "texture": "#texture"}
			}
		}
	],
	"groups": [
		0,
		{
			"name": "group",
			"origin": [8, 8, 8],
			"color": 0,
			"nbt": "{}",
			"children": [
				{
					"name": "group",
					"origin": [0, 0, 0],
					"color": 0,
					"nbt": "{}",
					"children": [1, 2, 3, 4, 5, 6, 7, 8, 9, 10, 11, 12]
				},
				{
					"name": "group",
					"origin": [0, 0, 0],
					"color": 0,
					"nbt": "{}",
					"children": [13, 14, 15, 16, 17, 18, 19, 20, 21, 22, 23, 24]
				},
				{
					"name": "group",
					"origin": [0, 0, 0],
					"color": 0,
					"nbt": "{}",
					"children": [25, 26, 27, 28, 29, 30, 31, 32, 33, 34, 35, 36]
				},
				{
					"name": "group",
					"origin": [0, 0, 0],
					"color": 0,
					"nbt": "{}",
					"children": [37, 38, 39, 40, 41, 42, 43, 44, 45, 46, 47, 48]
				},
				{
					"name": "group",
					"origin": [0, 0, 0],
					"color": 0,
					"nbt": "{}",
					"children": [49, 50, 51, 52]
				}
			]
		}
	]
}