{
	"providers": [
	  	{
			"type": "bitmap",
			"file": "minecraft:font/vanl.png",
			"ascent": 65,
			"height": 180,
			"chars": ["\u01B1"]
	  	},
	  	{
			"type": "bitmap",
			"file": "minecraft:font/tps.png",
			"ascent": 10,
			"height": 11,
			"chars": ["\u03E2"]
	  	},
	  	{
			"type": "bitmap",
			"file": "minecraft:font/players.png",
			"ascent": 9,
			"height": 11,
			"chars": ["\u0298"]
	  	},
	  	{
			"type": "bitmap",
			"file": "minecraft:font/ping.png",
			"ascent": 9,
			"height": 11,
			"chars": ["\u03E6"]
	    },
		{
			"type": "bitmap",
			"file": "minecraft:font/speech.png",
			"ascent": 8,
			"height": 9,
			"chars": ["\u1A22"]
	    },
	  	{
			"type": "bitmap",
			"file": "minecraft:font/time.png",
			"ascent": 9,
			"height": 11,
			"chars": ["\u1AA0"]   
		},
		{
			"type": "bitmap",
			"file": "minecraft:font/broadcast.png",
			"ascent": 9,
			"height": 11,
			"chars": ["\u22A5"]   
		},
		{
			"type": "bitmap",
			"file": "minecraft:font/clock.png",
			"ascent": 8,
			"height": 9,
			"chars": ["\u0CCB"]   
		},
		{
			"type": "bitmap",
			"file": "minecraft:font/coin.png",
			"ascent": 8,
			"height": 9,
			"chars": ["\u2280"]   
		},
		{
			"type": "bitmap",
			"file": "minecraft:font/feather.png",
			"ascent": 8,
			"height": 9,
			"chars": ["\u883C"]   
		},
		{
			"type": "bitmap",
			"file": "minecraft:font/idea.png",
			"ascent": 9,
			"height": 11,
			"chars": ["\u02A2"]   
		},
		{
			"type": "bitmap",
			"file": "minecraft:font/trade.png",
			"ascent": 9,
			"height": 11,
			"chars": ["\u14FA"]   
		},
		{
			"type": "bitmap",
			"file": "minecraft:font/ask.png",
			"ascent": 9,
			"height": 11,
			"chars": ["\u02A9"]   
		},
        {
			"type": "reference",
			"id": "minecraft:include/menus"
		},	
        {
			"type": "reference",
			"id": "minecraft:include/statistics"
		},			
        {
			"type": "reference",
			"id": "minecraft:include/hud"
		},			
        {
			"type": "reference",
			"id": "minecraft:include/gui"
		},	
        {
			"type": "reference",
			"id": "minecraft:include/advancement"
		},			
        {
			"type": "reference",
			"id": "minecraft:include/firework"
		},		
        {
			"type": "reference",
			"id": "minecraft:include/biomes"
		},
        {
			"type": "reference",
			"id": "minecraft:include/banner_pattern"
        },					
        {
			"type": "reference",
			"id": "minecraft:include/mobs"
        },		
		{
			"type": "reference",
			"id": "minecraft:include/tropical_fish"
		},
        {
			"type": "reference",
			"id": "minecraft:include/music"
        },		
        {
			"type": "reference",
			"id": "minecraft:include/info"
        },
        {
			"type": "reference",
			"id": "minecraft:include/smithing"
        },
		{
			"type": "reference",
			"id": "minecraft:include/magic"
        },
        {
			"type": "reference",
			"id": "minecraft:include/tooltip"
        },
        {
         "type": "bitmap",
         "file": "icons:advancement/minecraft_advancements.png",
         "ascent": 8,
         "height": 46,
         "chars": [
			 "\uDBC1\uDE6E\uDBC1\uDE75\uDBC1\uDE7C",
			 "\uDBC1\uDE6F\uDBC1\uDE76\uDBC1\uDE7D",
			 "\uDBC1\uDE70\uDBC1\uDE77\uDBC1\uDE7E",
			 "\uDBC1\uDE71\uDBC1\uDE78\uDBC1\uDE7F",
			 "\uDBC1\uDE72\uDBC1\uDE79\uDBC1\uDE80",
			 "\uDBC1\uDE73\uDBC1\uDE7A\uDBC1\uDE81",
			 "\uDBC1\uDE74\uDBC1\uDE7B\uDBC1\uDE82"
            ]
        },
		{
		"type":"space",
			"advances":{
				"󎀀":-35,
				"󎀁":2
			}
		}
	]
}