{
  "model": {
    "type": "minecraft:select",
    "cases": [
      {
        "model": {
          "type": "minecraft:model",
          "model": "item/crossbowpull/38sp_charge"
        },
        "when": "arrow"
      },
      {
        "model": {
          "type": "minecraft:model",
          "model": "item/crossbowpull/38sp_charge"
        },
        "when": "rocket"
      }
    ],
    "fallback": {
      "type": "minecraft:condition",
      "on_false": {
        "type": "minecraft:model",
        "model": "item/crossbow/38sp"
      },
      "on_true": {
        "type": "minecraft:range_dispatch",
        "entries": [
          {
            "model": {
              "type": "minecraft:model",
              "model": "item/crossbowpull/38sp_pulling_1"
            },
            "threshold": 0.58
          },
          {
            "model": {
              "type": "minecraft:model",
              "model": "item/crossbowpull/38sp_pulling_2"
            },
            "threshold": 1.0
          }
        ],
        "fallback": {
          "type": "minecraft:model",
          "model": "item/crossbowpull/38sp_pulling_0"
        },
        "property": "minecraft:crossbow/pull"
      },
      "property": "minecraft:using_item"
    },
    "property": "minecraft:charge_type"
  }
}