{
	"credit": "Made with Blockbench",
	"texture_size": [64, 64],
	"textures": {
		"1": "./sopwith_camel",
		"3": "./aircraft_propeller2"
	},
	"elements": [
		{
			"name": "fuselage 2",
			"from": [27, 2, 4.5],
			"to": [30, 9, 11.5],
			"rotation": {"angle": 0, "axis": "y", "origin": [-20, 9.5, 6.5]},
			"faces": {
				"north": {"uv": [0, 5.25, 0.75, 7], "texture": "#1"},
				"east": {"uv": [0.75, 5.25, 2.5, 7], "texture": "#1"},
				"south": {"uv": [0, 7, 0.75, 5.25], "rotation": 180, "texture": "#1"},
				"west": {"uv": [1.375, 7, 1.5, 8.75], "rotation": 90, "texture": "#1"},
				"up": {"uv": [0, 7, 0.75, 8.75], "rotation": 180, "texture": "#1"},
				"down": {"uv": [0.75, 7, 1.5, 8.75], "rotation": 180, "texture": "#1"}
			}
		},
		{
			"name": "fuselage 3",
			"from": [29, 8, 5.5],
			"to": [30, 3, 10.5],
			"rotation": {"angle": 0, "axis": "y", "origin": [-20, 14.5, 6.5]},
			"faces": {
				"north": {"uv": [13.5, 5, 13.25, 3.75], "rotation": 180, "texture": "#1"},
				"south": {"uv": [13.5, 5, 13.25, 3.75], "rotation": 180, "texture": "#1"},
				"west": {"uv": [12, 3.75, 13.25, 5], "texture": "#1"},
				"up": {"uv": [13.5, 5, 13.25, 3.75], "rotation": 180, "texture": "#1"},
				"down": {"uv": [13.5, 5, 13.25, 3.75], "rotation": 180, "texture": "#1"}
			}
		},
		{
			"name": "fuselage 3",
			"from": [16, 2.5, 4],
			"to": [27, 10, 12],
			"rotation": {"angle": 0, "axis": "y", "origin": [-29, 9, 6.5]},
			"faces": {
				"north": {"uv": [2.5, 5, 5.25, 6.875], "texture": "#1"},
				"east": {"uv": [5.25, 5, 7.25, 6.875], "texture": "#1"},
				"south": {"uv": [5.25, 5, 2.5, 6.875], "texture": "#1"},
				"west": {"uv": [7.25, 5, 9.25, 6.875], "texture": "#1"},
				"up": {"uv": [2.5, 6.875, 5.25, 8.875], "rotation": 180, "texture": "#1"},
				"down": {"uv": [5.25, 6.875, 8, 8.875], "rotation": 180, "texture": "#1"}
			}
		},
		{
			"name": "gun",
			"from": [27, 9, 5.5],
			"to": [29, 10, 7],
			"rotation": {"angle": 0, "axis": "y", "origin": [-29, 9, 6.5]},
			"faces": {
				"north": {"uv": [12.5, 3, 12.75, 3.5], "rotation": 90, "texture": "#1"},
				"east": {"uv": [12.5, 3.5, 12.875, 3.75], "texture": "#1"},
				"south": {"uv": [12.5, 3.5, 12.75, 3], "rotation": 90, "texture": "#1"},
				"up": {"uv": [13.125, 3, 12.75, 3.5], "rotation": 270, "texture": "#1"}
			}
		},
		{
			"name": "gun",
			"from": [27, 9, 9],
			"to": [29, 10, 10.5],
			"rotation": {"angle": 0, "axis": "y", "origin": [-29, 9, 10]},
			"faces": {
				"north": {"uv": [12.5, 3, 12.75, 3.5], "rotation": 90, "texture": "#1"},
				"east": {"uv": [12.5, 3.5, 12.875, 3.75], "texture": "#1"},
				"south": {"uv": [12.5, 3.5, 12.75, 3], "rotation": 90, "texture": "#1"},
				"up": {"uv": [12.75, 3, 13.125, 3.5], "rotation": 270, "texture": "#1"}
			}
		},
		{
			"name": "fuselage 4",
			"from": [18.5, 13.5, -16],
			"to": [27.5, 14.5, 32],
			"rotation": {"angle": 0, "axis": "y", "origin": [-24, 20.5, 9]},
			"faces": {
				"north": {"uv": [2.25, 5, 0, 5.25], "texture": "#1"},
				"east": {"uv": [0, 4.5, 12, 4.75], "texture": "#1"},
				"south": {"uv": [0, 5, 2.25, 5.25], "texture": "#1"},
				"west": {"uv": [0, 4.75, 12, 5], "texture": "#1"},
				"up": {"uv": [0, 2.25, 12, 4.5], "rotation": 90, "texture": "#1"},
				"down": {"uv": [0, 0, 12, 2.25], "rotation": 90, "texture": "#1"}
			}
		},
		{
			"name": "fuselage 6",
			"from": [15, 2.5, -15],
			"to": [24, 3.5, 31],
			"rotation": {"angle": 0, "axis": "y", "origin": [-28, 9.5, 11]},
			"faces": {
				"north": {"uv": [2.25, 5, 0, 5.25], "texture": "#1"},
				"east": {"uv": [0.25, 4.5, 11.75, 4.75], "texture": "#1"},
				"south": {"uv": [0, 5, 2.25, 5.25], "texture": "#1"},
				"west": {"uv": [0.25, 4.75, 11.75, 5], "texture": "#1"},
				"up": {"uv": [0.25, 0, 11.75, 2.25], "rotation": 90, "texture": "#1"},
				"down": {"uv": [0.25, 2.25, 11.75, 4.5], "rotation": 90, "texture": "#1"}
			}
		},
		{
			"name": "fuselage 6",
			"from": [21.5, 3.5, -9],
			"to": [21.5, 14.5, 4],
			"rotation": {"angle": -22.5, "axis": "z", "origin": [21.5, 3.5, -6.5]},
			"faces": {
				"north": {"uv": [15.5, 8.25, 16, 9.75], "texture": "#1"},
				"east": {"uv": [0, 11.25, 3.25, 14], "texture": "#1"},
				"south": {"uv": [15.5, 8.25, 16, 9.75], "texture": "#1"},
				"west": {"uv": [3.25, 11.25, 0, 14], "texture": "#1"},
				"up": {"uv": [15.5, 8.25, 16, 9.75], "texture": "#1"},
				"down": {"uv": [15.5, 8.25, 16, 9.75], "texture": "#1"}
			}
		},
		{
			"name": "fuselage 7",
			"from": [21.5, 3.5, 12],
			"to": [21.5, 14.5, 25],
			"rotation": {"angle": -22.5, "axis": "z", "origin": [21.5, 3.5, 14.5]},
			"faces": {
				"north": {"uv": [15.5, 8.25, 16, 9.75], "texture": "#1"},
				"east": {"uv": [3.25, 11.25, 0, 14], "texture": "#1"},
				"south": {"uv": [15.5, 8.25, 16, 9.75], "texture": "#1"},
				"west": {"uv": [0, 11.25, 3.25, 14], "texture": "#1"},
				"up": {"uv": [15.5, 8.25, 16, 9.75], "texture": "#1"},
				"down": {"uv": [15.5, 8.25, 16, 9.75], "texture": "#1"}
			}
		},
		{
			"name": "fuselage 5",
			"from": [7, 3, 4.5],
			"to": [16, 9, 11.5],
			"rotation": {"angle": 0, "axis": "y", "origin": [-39, 10.5, 7.5]},
			"faces": {
				"north": {"uv": [9.25, 5, 11.5, 6.5], "texture": "#1"},
				"south": {"uv": [11.5, 5, 9.25, 6.5], "texture": "#1"},
				"west": {"uv": [11.5, 5, 13.25, 6.5], "texture": "#1"},
				"up": {"uv": [9.25, 6.5, 11.5, 8.25], "rotation": 180, "texture": "#1"},
				"down": {"uv": [9.25, 8.25, 11.5, 10], "rotation": 180, "texture": "#1"}
			}
		},
		{
			"name": "fuselage 5",
			"from": [0.5, 3.5, 5.5],
			"to": [7, 8, 10.5],
			"rotation": {"angle": 0, "axis": "y", "origin": [-45.5, 12.5, 8.5]},
			"faces": {
				"north": {"uv": [0, 8.875, 1.625, 10], "texture": "#1"},
				"south": {"uv": [1.625, 8.875, 0, 10], "texture": "#1"},
				"west": {"uv": [1.625, 8.875, 2.875, 10], "texture": "#1"},
				"up": {"uv": [0, 10, 1.625, 11.25], "rotation": 180, "texture": "#1"},
				"down": {"uv": [1.625, 10, 3.25, 11.25], "rotation": 180, "texture": "#1"}
			}
		},
		{
			"name": "fuselage 6",
			"from": [-3.5, 4, 6.5],
			"to": [0.5, 7, 9.5],
			"rotation": {"angle": 0, "axis": "y", "origin": [-53, 12.5, 8.5]},
			"faces": {
				"north": {"uv": [8, 6.875, 9, 7.625], "texture": "#1"},
				"south": {"uv": [9, 6.875, 8, 7.625], "texture": "#1"},
				"west": {"uv": [8, 8.375, 8.75, 9.125], "texture": "#1"},
				"down": {"uv": [8, 7.625, 9, 8.375], "rotation": 180, "texture": "#1"}
			}
		},
		{
			"name": "fuselage 7",
			"from": [-6, 7, 0.5],
			"to": [0.5, 7.5, 15.5],
			"rotation": {"angle": 0, "axis": "y", "origin": [-48, 16, 2]},
			"faces": {
				"north": {"uv": [3.25, 8.875, 3.375, 10.5], "rotation": 270, "texture": "#1"},
				"east": {"uv": [3.25, 8.875, 7, 9], "texture": "#1"},
				"south": {"uv": [6.875, 8.875, 7, 10.5], "rotation": 90, "texture": "#1"},
				"west": {"uv": [3.25, 10.375, 7, 10.5], "texture": "#1"},
				"up": {"uv": [3.25, 8.875, 7, 10.5], "rotation": 90, "texture": "#1"},
				"down": {"uv": [3.25, 8.875, 7, 10.5], "rotation": 90, "texture": "#1"}
			}
		},
		{
			"name": "fuselage 7",
			"from": [-7.5, 4, 8],
			"to": [0.5, 11, 8],
			"rotation": {"angle": 0, "axis": "y", "origin": [-53.5, 13.5, 11]},
			"faces": {
				"north": {"uv": [13.25, 5, 15.25, 6.75], "texture": "#1"},
				"east": {"uv": [14.5, 6.75, 16, 8.25], "texture": "#1"},
				"south": {"uv": [15.25, 5, 13.25, 6.75], "texture": "#1"},
				"west": {"uv": [0, 0, 0, 0], "texture": "#1"},
				"up": {"uv": [15.5, 8.25, 16, 9.75], "texture": "#1"},
				"down": {"uv": [15.5, 8.25, 16, 9.75], "texture": "#1"}
			}
		},
		{
			"name": "fuselage 8",
			"from": [-2, -1, 8],
			"to": [0, 4, 8],
			"rotation": {"angle": -45, "axis": "z", "origin": [0, 4, 8]},
			"faces": {
				"north": {"uv": [8.75, 9.125, 9.25, 10.375], "texture": "#1"},
				"east": {"uv": [14.5, 6.75, 16, 8.25], "texture": "#1"},
				"south": {"uv": [9.25, 9.125, 8.75, 10.375], "texture": "#1"},
				"west": {"uv": [0, 0, 0, 0], "texture": "#1"},
				"up": {"uv": [15.5, 8.25, 16, 9.75], "texture": "#1"},
				"down": {"uv": [15.5, 8.25, 16, 9.75], "texture": "#1"}
			}
		},
		{
			"name": "axis",
			"from": [29, 4.5, 7],
			"to": [31, 6.5, 9],
			"rotation": {"angle": 0, "axis": "y", "origin": [-18, 9.5, 7.5]},
			"faces": {
				"north": {"uv": [12, 2.75, 12.5, 3.25], "rotation": 270, "texture": "#1"},
				"east": {"uv": [12, 3.25, 12.5, 3.75], "texture": "#1"},
				"south": {"uv": [12.5, 2.75, 12, 3.25], "rotation": 90, "texture": "#1"},
				"up": {"uv": [12, 2.75, 12.5, 3.25], "rotation": 90, "texture": "#1"},
				"down": {"uv": [12, 2.75, 12.5, 3.25], "rotation": 90, "texture": "#1"}
			}
		},
		{
			"name": "bar",
			"from": [20.5, 9, 2],
			"to": [27, 14.5, 2],
			"rotation": {"angle": -22.5, "axis": "x", "origin": [20, 14.5, 2]},
			"faces": {
				"north": {"uv": [7, 9.125, 8.625, 10.5], "texture": "#1"},
				"east": {"uv": [15.75, 9.75, 15.625, 11.23275], "texture": "#1"},
				"south": {"uv": [7, 9.125, 8.625, 10.5], "texture": "#1"},
				"west": {"uv": [16, 9.75, 15.875, 11.23275], "texture": "#1"},
				"up": {"uv": [0, 0, 0, 0], "texture": "#1"},
				"down": {"uv": [0, 0, 0, 0], "texture": "#1"}
			}
		},
		{
			"name": "bar",
			"from": [20.5, 9, 14],
			"to": [27, 14.5, 14],
			"rotation": {"angle": 22.5, "axis": "x", "origin": [20, 14.5, 14]},
			"faces": {
				"north": {"uv": [7, 9.125, 8.625, 10.5], "texture": "#1"},
				"east": {"uv": [15.75, 9.75, 15.625, 11.23275], "texture": "#1"},
				"south": {"uv": [7, 9.125, 8.625, 10.5], "texture": "#1"},
				"west": {"uv": [16, 9.75, 15.875, 11.23275], "texture": "#1"},
				"up": {"uv": [0, 0, 0, 0], "texture": "#1"},
				"down": {"uv": [0, 0, 0, 0], "texture": "#1"}
			}
		},
		{
			"name": "bar",
			"from": [21.5, 3.5, -10],
			"to": [22.5, 15, -9],
			"rotation": {"angle": -22.5, "axis": "z", "origin": [21.5, 3.5, -9]},
			"faces": {
				"north": {"uv": [13.25, 6.75, 13.5, 9.625], "texture": "#1"},
				"east": {"uv": [13.5, 6.75, 13.75, 9.625], "texture": "#1"},
				"south": {"uv": [13.5, 6.75, 13.25, 9.625], "texture": "#1"},
				"west": {"uv": [13.75, 6.75, 13.5, 9.625], "texture": "#1"}
			}
		},
		{
			"name": "bar",
			"from": [17.5, 3.5, -9.5],
			"to": [25.5, 13.5, -9.5],
			"rotation": {"angle": 0, "axis": "z", "origin": [21.5, 3.5, -9]},
			"faces": {
				"north": {"uv": [3.25, 11.25, 5.25, 13.75], "texture": "#1"},
				"east": {"uv": [13.5, 6.75, 13.75, 9.625], "texture": "#1"},
				"south": {"uv": [5.25, 11.25, 3.25, 13.75], "texture": "#1"},
				"west": {"uv": [13.75, 6.75, 13.5, 9.625], "texture": "#1"}
			}
		},
		{
			"name": "bar",
			"from": [17.5, 3.5, 25.5],
			"to": [25.5, 13.5, 25.5],
			"rotation": {"angle": 0, "axis": "z", "origin": [21.5, 3.5, 26]},
			"faces": {
				"north": {"uv": [3.25, 11.25, 5.25, 13.75], "texture": "#1"},
				"east": {"uv": [13.5, 6.75, 13.75, 9.625], "texture": "#1"},
				"south": {"uv": [5.25, 11.25, 3.25, 13.75], "texture": "#1"},
				"west": {"uv": [13.75, 6.75, 13.5, 9.625], "texture": "#1"}
			}
		},
		{
			"name": "bar",
			"from": [16.5, 3.5, -10],
			"to": [17.5, 15, -9],
			"rotation": {"angle": -22.5, "axis": "z", "origin": [16.5, 3.5, -9]},
			"faces": {
				"north": {"uv": [13.25, 6.75, 13.5, 9.625], "texture": "#1"},
				"east": {"uv": [13.5, 6.75, 13.75, 9.625], "texture": "#1"},
				"south": {"uv": [13.25, 6.75, 13.5, 9.625], "texture": "#1"},
				"west": {"uv": [13.5, 6.75, 13.75, 9.625], "texture": "#1"},
				"up": {"uv": [0, 0, 0, 0], "texture": "#1"},
				"down": {"uv": [0, 0, 0, 0], "texture": "#1"}
			}
		},
		{
			"name": "bar",
			"from": [16.5, 3.5, 25],
			"to": [17.5, 15, 26],
			"rotation": {"angle": -22.5, "axis": "z", "origin": [16.5, 3.5, 26]},
			"faces": {
				"north": {"uv": [13.25, 6.75, 13.5, 9.625], "texture": "#1"},
				"east": {"uv": [13.5, 6.75, 13.75, 9.625], "texture": "#1"},
				"south": {"uv": [13.25, 6.75, 13.5, 9.625], "texture": "#1"},
				"west": {"uv": [13.5, 6.75, 13.75, 9.625], "texture": "#1"},
				"up": {"uv": [0, 0, 0, 0], "texture": "#1"},
				"down": {"uv": [0, 0, 0, 0], "texture": "#1"}
			}
		},
		{
			"name": "bar",
			"from": [21.5, 3.5, 25],
			"to": [22.5, 15, 26],
			"rotation": {"angle": -22.5, "axis": "z", "origin": [21.5, 3.5, 26]},
			"faces": {
				"north": {"uv": [13.25, 6.75, 13.5, 9.625], "texture": "#1"},
				"east": {"uv": [13.5, 6.75, 13.75, 9.625], "texture": "#1"},
				"south": {"uv": [13.5, 6.75, 13.25, 9.625], "texture": "#1"},
				"west": {"uv": [13.75, 6.75, 13.5, 9.625], "texture": "#1"}
			}
		},
		{
			"name": "propoller",
			"from": [30.25, -2, 0],
			"to": [30.5, 14, 16],
			"rotation": {"angle": 0, "axis": "y", "origin": [13.25, 8, 8]},
			"faces": {
				"east": {"uv": [0, 0, 16, 16], "texture": "#3"},
				"west": {"uv": [16, 0, 0, 16], "texture": "#3"}
			}
		},
		{
			"name": "chassis",
			"from": [22, -5, 12.75],
			"to": [27, 0, 14.25],
			"rotation": {"angle": 0, "axis": "y", "origin": [24.0183, -2.98248, 8.71422]},
			"faces": {
				"north": {"uv": [11.5, 7.75, 12.75, 9], "texture": "#1"},
				"east": {"uv": [13.125, 7.75, 12.75, 9], "texture": "#1"},
				"south": {"uv": [11.5, 7.75, 12.75, 9], "texture": "#1"},
				"west": {"uv": [12.75, 7.75, 13.125, 9], "texture": "#1"},
				"up": {"uv": [12.75, 7.75, 13.125, 9], "rotation": 90, "texture": "#1"},
				"down": {"uv": [13.125, 7.75, 12.75, 9], "rotation": 90, "texture": "#1"}
			}
		},
		{
			"name": "chassis",
			"from": [22, -5, 1.75],
			"to": [27, 0, 3.25],
			"rotation": {"angle": 0, "axis": "y", "origin": [24, -3, 2.5]},
			"faces": {
				"north": {"uv": [11.5, 7.75, 12.75, 9], "texture": "#1"},
				"east": {"uv": [12.75, 7.75, 13.125, 9], "texture": "#1"},
				"south": {"uv": [11.5, 7.75, 12.75, 9], "texture": "#1"},
				"west": {"uv": [13.125, 7.75, 12.75, 9], "texture": "#1"},
				"up": {"uv": [13.125, 7.75, 12.75, 9], "rotation": 90, "texture": "#1"},
				"down": {"uv": [12.75, 7.75, 13.125, 9], "rotation": 90, "texture": "#1"}
			}
		},
		{
			"name": "chassis",
			"from": [23.75, -3.25, 3.25],
			"to": [25.25, -1.75, 12.75],
			"rotation": {"angle": 0, "axis": "y", "origin": [25.75, -1.25, 4]},
			"faces": {
				"north": {"uv": [0, 0, 0, 0], "texture": "#1"},
				"east": {"uv": [3.25, 10.5, 5.625, 10.875], "texture": "#1"},
				"south": {"uv": [0, 0, 0, 0], "texture": "#1"},
				"west": {"uv": [5.625, 10.5, 3.25, 10.875], "rotation": 180, "texture": "#1"},
				"up": {"uv": [5.625, 10.5, 3.25, 10.875], "rotation": 90, "texture": "#1"},
				"down": {"uv": [3.25, 10.5, 5.625, 10.875], "rotation": 270, "texture": "#1"}
			}
		},
		{
			"name": "chassis",
			"from": [20, -2, 3.25],
			"to": [27, 3, 3.25],
			"rotation": {"angle": 22.5, "axis": "x", "origin": [23, -2, 3.25]},
			"faces": {
				"north": {"uv": [11.5, 6.5, 13.25, 7.75], "texture": "#1"},
				"east": {"uv": [13.5, 11.625, 13.75, 12.625], "texture": "#1"},
				"south": {"uv": [13.25, 6.5, 11.5, 7.75], "texture": "#1"},
				"west": {"uv": [13.5, 11.625, 13.75, 12.625], "texture": "#1"},
				"up": {"uv": [13.5, 11.625, 13.75, 12.625], "rotation": 90, "texture": "#1"},
				"down": {"uv": [13.5, 11.625, 13.75, 12.625], "rotation": 90, "texture": "#1"}
			}
		},
		{
			"name": "chassis",
			"from": [20, -2, 12.75],
			"to": [27, 3, 12.75],
			"rotation": {"angle": -22.5, "axis": "x", "origin": [23.5, -2, 12.75]},
			"faces": {
				"north": {"uv": [11.5, 6.5, 13.25, 7.75], "texture": "#1"},
				"east": {"uv": [13.5, 11.625, 13.75, 12.625], "texture": "#1"},
				"south": {"uv": [13.25, 6.5, 11.5, 7.75], "texture": "#1"},
				"west": {"uv": [13.5, 11.625, 13.75, 12.625], "texture": "#1"},
				"up": {"uv": [13.5, 11.625, 13.75, 12.625], "rotation": 90, "texture": "#1"},
				"down": {"uv": [13.5, 11.625, 13.75, 12.625], "rotation": 90, "texture": "#1"}
			}
		}
	],
	"display": {
		"thirdperson_righthand": {
			"rotation": [75, 45, 0],
			"translation": [0, 2.5, 0],
			"scale": [0.375, 0.375, 0.375]
		},
		"thirdperson_lefthand": {
			"rotation": [75, 45, 0],
			"translation": [0, 2.5, 0],
			"scale": [0.375, 0.375, 0.375]
		},
		"firstperson_righthand": {
			"rotation": [0, 45, 0],
			"scale": [0.4, 0.4, 0.4]
		},
		"firstperson_lefthand": {
			"rotation": [0, 45, 0],
			"scale": [0.4, 0.4, 0.4]
		},
		"ground": {
			"translation": [0, 3, 0],
			"scale": [0.25, 0.25, 0.25]
		},
		"gui": {
			"rotation": [30, 225, 0],
			"translation": [2.5, 1.25, 0],
			"scale": [0.32, 0.32, 0.32]
		},
		"head": {
			"rotation": [0, 90, 50],
			"translation": [0, -25.5, 33.5],
			"scale": [4, 4, 4]
		},
		"fixed": {
			"rotation": [-77, 90, 0],
			"translation": [0, 16.5, -32.5],
			"scale": [4, 4, 4]
		}
	}
}