{
	"texture_size": [32, 32],
	"textures": {
		"0": "./old_terminal",
		"particle": "./old_terminal"
	},
	"elements": [
		{
			"from": [2, 0, 2],
			"to": [14, 2, 14],
			"rotation": {"angle": 0, "axis": "y", "origin": [9, 8, 9]},
			"faces": {
				"north": {"uv": [6, 1.5, 12, 2.5], "texture": "#0"},
				"east": {"uv": [0, 1.5, 6, 2.5], "texture": "#0"},
				"south": {"uv": [0, 4, 6, 5], "texture": "#0"},
				"west": {"uv": [6, 1.5, 0, 2.5], "texture": "#0"},
				"up": {"uv": [6, 8.5, 12, 2.5], "texture": "#0"},
				"down": {"uv": [0, 13.5, 6, 7.5], "rotation": 180, "texture": "#0"}
			}
		},
		{
			"from": [2, 2, 2.5],
			"to": [14, 2, 7.5],
			"rotation": {"angle": -22.5, "axis": "x", "origin": [8, 2, 2.5]},
			"faces": {
				"north": {"uv": [6, 1.5, 12, 2.5], "texture": "#0"},
				"east": {"uv": [0, 1.5, 6, 2.5], "texture": "#0"},
				"south": {"uv": [0, 4, 6, 5], "texture": "#0"},
				"west": {"uv": [6, 1.5, 0, 2.5], "texture": "#0"},
				"up": {"uv": [0, 7.5, 6, 5], "texture": "#0"},
				"down": {"uv": [0, 5, 6, 7.5], "rotation": 180, "texture": "#0"}
			}
		},
		{
			"from": [2, 2, 7],
			"to": [14, 5, 14],
			"rotation": {"angle": 0, "axis": "y", "origin": [9, 8, 9]},
			"faces": {
				"north": {"uv": [6, 8.5, 12, 10], "texture": "#0"},
				"east": {"uv": [0, 0, 3.5, 1.5], "texture": "#0"},
				"south": {"uv": [0, 2.5, 6, 4], "texture": "#0"},
				"west": {"uv": [3.5, 0, 0, 1.5], "texture": "#0"},
				"up": {"uv": [12, 6, 6, 2.5], "texture": "#0"}
			}
		},
		{
			"from": [4, 8, 6],
			"to": [12, 16, 12],
			"rotation": {"angle": 0, "axis": "y", "origin": [11, 14, 8]},
			"faces": {
				"north": {"uv": [12, 0, 16, 4], "texture": "#0"},
				"east": {"uv": [16, 8, 12, 11], "rotation": 90, "texture": "#0"},
				"south": {"uv": [12, 4, 16, 8], "texture": "#0"},
				"west": {"uv": [16, 11, 12, 8], "rotation": 90, "texture": "#0"},
				"up": {"uv": [12, 11, 16, 14], "texture": "#0"},
				"down": {"uv": [12, 11, 12.5, 8], "texture": "#0"}
			}
		},
		{
			"from": [6, 10, 12],
			"to": [10, 14, 17],
			"rotation": {"angle": 0, "axis": "y", "origin": [13, 16, 14]},
			"faces": {
				"east": {"uv": [2.5, 13.5, 0, 15.5], "texture": "#0"},
				"south": {"uv": [2.5, 13.5, 4.5, 15.5], "texture": "#0"},
				"west": {"uv": [0, 13.5, 2.5, 15.5], "texture": "#0"},
				"up": {"uv": [4.5, 15.5, 7, 13.5], "rotation": 90, "texture": "#0"},
				"down": {"uv": [2.5, 15, 0, 15.5], "rotation": 90, "texture": "#0"}
			}
		},
		{
			"from": [7, 11, 17],
			"to": [9, 13, 19],
			"rotation": {"angle": 0, "axis": "y", "origin": [13, 16, 14]},
			"faces": {
				"east": {"uv": [11.5, 15, 10.5, 16], "texture": "#0"},
				"south": {"uv": [11.5, 15, 12.5, 16], "texture": "#0"},
				"west": {"uv": [10.5, 15, 11.5, 16], "texture": "#0"},
				"up": {"uv": [10.5, 15, 11.5, 14], "rotation": 90, "texture": "#0"},
				"down": {"uv": [11.5, 15.5, 10.5, 16], "rotation": 90, "texture": "#0"}
			}
		},
		{
			"from": [5, 5, 11],
			"to": [11, 10, 14],
			"rotation": {"angle": 0, "axis": "y", "origin": [12, 11, 10]},
			"faces": {
				"north": {"uv": [9, 10, 12, 12.5], "texture": "#0"},
				"east": {"uv": [10.5, 13.5, 9, 16], "texture": "#0"},
				"south": {"uv": [6, 10, 9, 12.5], "texture": "#0"},
				"west": {"uv": [9, 13.5, 10.5, 16], "texture": "#0"},
				"up": {"uv": [9, 14, 10.5, 13.5], "rotation": 90, "texture": "#0"}
			}
		},
		{
			"from": [2, 2, 5],
			"to": [2, 4, 7],
			"rotation": {"angle": 0, "axis": "y", "origin": [9, 8, 9]},
			"faces": {
				"north": {"uv": [0, 0, 0, 1], "texture": "#0"},
				"east": {"uv": [3.5, 0.5, 4.5, 1.5], "texture": "#0"},
				"south": {"uv": [5.5, 0, 5.5, 1], "texture": "#0"},
				"west": {"uv": [4.5, 0.5, 3.5, 1.5], "texture": "#0"},
				"up": {"uv": [0, 2.5, 0, 3.5], "texture": "#0"},
				"down": {"uv": [3, 2.5, 3, 3.5], "rotation": 180, "texture": "#0"}
			}
		},
		{
			"from": [5, 5, 7],
			"to": [5, 8, 11],
			"rotation": {"angle": 0, "axis": "y", "origin": [9, 8, 9]},
			"faces": {
				"north": {"uv": [0, 0, 0, 1], "texture": "#0"},
				"east": {"uv": [9, 14.5, 7, 16], "texture": "#0"},
				"south": {"uv": [5.5, 0, 5.5, 1], "texture": "#0"},
				"west": {"uv": [7, 14.5, 9, 16], "texture": "#0"},
				"up": {"uv": [0, 2.5, 0, 3.5], "texture": "#0"},
				"down": {"uv": [3, 2.5, 3, 3.5], "rotation": 180, "texture": "#0"}
			}
		},
		{
			"from": [5, 5, 9.5],
			"to": [11, 8, 9.5],
			"rotation": {"angle": 0, "axis": "y", "origin": [8, 3, 7.5]},
			"faces": {
				"north": {"uv": [12.5, 14.5, 15.5, 16], "texture": "#0"},
				"east": {"uv": [5.5, 0, 5.5, 1], "texture": "#0"},
				"south": {"uv": [15.5, 14.5, 12.5, 16], "texture": "#0"},
				"west": {"uv": [0, 0, 0, 1], "texture": "#0"},
				"up": {"uv": [0, 2.5, 0, 3.5], "rotation": 270, "texture": "#0"},
				"down": {"uv": [3, 2.5, 3, 3.5], "rotation": 270, "texture": "#0"}
			}
		},
		{
			"from": [11, 5, 7],
			"to": [11, 8, 11],
			"rotation": {"angle": 0, "axis": "y", "origin": [9, 8, 9]},
			"faces": {
				"north": {"uv": [0, 0, 0, 1], "texture": "#0"},
				"east": {"uv": [9, 14.5, 7, 16], "texture": "#0"},
				"south": {"uv": [5.5, 0, 5.5, 1], "texture": "#0"},
				"west": {"uv": [7, 14.5, 9, 16], "texture": "#0"},
				"up": {"uv": [0, 2.5, 0, 3.5], "texture": "#0"},
				"down": {"uv": [3, 2.5, 3, 3.5], "rotation": 180, "texture": "#0"}
			}
		},
		{
			"from": [14, 2, 5],
			"to": [14, 4, 7],
			"rotation": {"angle": 0, "axis": "y", "origin": [9, 8, 9]},
			"faces": {
				"north": {"uv": [0, 0, 0, 1], "texture": "#0"},
				"east": {"uv": [3.5, 0.5, 4.5, 1.5], "texture": "#0"},
				"south": {"uv": [5.5, 0, 5.5, 1], "texture": "#0"},
				"west": {"uv": [4.5, 0.5, 3.5, 1.5], "texture": "#0"},
				"up": {"uv": [0, 2.5, 0, 3.5], "texture": "#0"},
				"down": {"uv": [3, 2.5, 3, 3.5], "rotation": 180, "texture": "#0"}
			}
		},
		{
			"from": [11, 5, 8],
			"to": [14, 6, 11],
			"rotation": {"angle": 0, "axis": "y", "origin": [9, 8, 9]},
			"faces": {
				"north": {"uv": [6, 5, 7.5, 5.5], "texture": "#0"},
				"east": {"uv": [6, 4, 7.5, 4.5], "texture": "#0"},
				"south": {"uv": [7.5, 4, 6, 4.5], "texture": "#0"},
				"west": {"uv": [7, 14, 8.5, 14.5], "texture": "#0"},
				"up": {"uv": [6, 4, 7.5, 5.5], "rotation": 180, "texture": "#0"}
			}
		},
		{
			"from": [2, 5, 8],
			"to": [5, 6, 11],
			"rotation": {"angle": 0, "axis": "y", "origin": [9, 8, 9]},
			"faces": {
				"north": {"uv": [6, 5, 7.5, 5.5], "texture": "#0"},
				"east": {"uv": [8.5, 14, 7, 14.5], "texture": "#0"},
				"south": {"uv": [7.5, 4, 6, 4.5], "texture": "#0"},
				"west": {"uv": [7.5, 5, 6, 5.5], "texture": "#0"},
				"up": {"uv": [6, 4, 7.5, 5.5], "rotation": 180, "texture": "#0"}
			}
		},
		{
			"from": [5, 5, 11],
			"to": [11, 6, 11],
			"rotation": {"angle": 0, "axis": "y", "origin": [12, 8, 12]},
			"faces": {
				"north": {"uv": [3.5, 0, 6.5, 0.5], "texture": "#0"},
				"east": {"uv": [6, 4, 7.5, 4.5], "texture": "#0"},
				"south": {"uv": [6.5, 0, 3.5, 0.5], "texture": "#0"},
				"west": {"uv": [7.5, 5, 6, 5.5], "texture": "#0"},
				"up": {"uv": [6, 4, 7.5, 5.5], "rotation": 180, "texture": "#0"}
			}
		}
	],
	"display": {
		"thirdperson_righthand": {
			"rotation": [41, 61, -1.5],
			"translation": [1, 8, 3.25]
		},
		"thirdperson_lefthand": {
			"rotation": [41, 61, -1.5],
			"translation": [1, 8, 3.25]
		},
		"firstperson_righthand": {
			"rotation": [-3, 60, 21],
			"translation": [3.5, 4, -3.25]
		},
		"firstperson_lefthand": {
			"rotation": [-3, 60, 21],
			"translation": [3.5, 4, -3.25]
		},
		"ground": {
			"translation": [0, 5.5, 0]
		},
		"gui": {
			"rotation": [35, 135, 0],
			"translation": [-0.25, 2.25, 0],
			"scale": [0.83, 0.83, 0.83]
		},
		"head": {
			"translation": [0, 19.75, 0],
			"scale": [1.66, 1.66, 1.66]
		},
		"fixed": {
			"rotation": [-90, 0, 0],
			"translation": [0, 0, -14],
			"scale": [2, 2, 2]
		}
	}
}