{
	"credit": "Made with Blockbench",
	"texture_size": [64, 64],
	"textures": {
		"0": "item/bow/76gunn"
	},
	"elements": [
		{
			"from": [7, 12.5, 11],
			"to": [9, 16.5, 19],
			"rotation": {"angle": 0, "axis": "y", "origin": [15, 20.5, 19]},
			"faces": {
				"east": {"uv": [14.75, 0.5, 10.75, 2.5], "texture": "#0"},
				"west": {"uv": [10.75, 0.5, 14.75, 2.5], "texture": "#0"},
				"up": {"uv": [0, 4.75, 4, 5.75], "rotation": 90, "texture": "#0"},
				"down": {"uv": [10.75, 2.25, 14.75, 2.5], "rotation": 270, "texture": "#0"}
			}
		},
		{
			"from": [8, 16.5, 3.5],
			"to": [8, 19, 15.5],
			"rotation": {"angle": 0, "axis": "y", "origin": [16, 24.5, 11.5]},
			"faces": {
				"north": {"uv": [4, 6, 4.333, 6.333], "texture": "#0"},
				"east": {"uv": [6, 5.75, 0, 7], "texture": "#0"},
				"south": {"uv": [4, 3.333, 6.66667, 6.333], "texture": "#0"},
				"west": {"uv": [0, 5.75, 6, 7], "texture": "#0"},
				"up": {"uv": [6.66667, 3, 10.66667, 5.66667], "rotation": 90, "texture": "#0"},
				"down": {"uv": [3.66667, 6, 3.99867, 6.333], "rotation": 270, "texture": "#0"}
			}
		},
		{
			"from": [8, 8, 11],
			"to": [8, 12.5, 15.5],
			"rotation": {"angle": 0, "axis": "y", "origin": [16, 18, 19]},
			"faces": {
				"north": {"uv": [4, 6, 4.333, 6.333], "texture": "#0"},
				"east": {"uv": [13, 2.5, 10.75, 4.75], "texture": "#0"},
				"south": {"uv": [4, 3.333, 6.66667, 6.333], "texture": "#0"},
				"west": {"uv": [10.75, 2.5, 13, 4.75], "texture": "#0"},
				"up": {"uv": [6.66667, 3, 10.66667, 5.66667], "rotation": 90, "texture": "#0"},
				"down": {"uv": [3.66667, 6, 3.99867, 6.333], "rotation": 270, "texture": "#0"}
			}
		},
		{
			"from": [7, 10, -10.5],
			"to": [9, 17.5, 11],
			"rotation": {"angle": 0, "axis": "y", "origin": [15, 18, -2.5]},
			"faces": {
				"north": {"uv": [15, 0, 16, 3.75], "texture": "#0"},
				"east": {"uv": [10.75, 0, 0, 3.75], "texture": "#0"},
				"south": {"uv": [15, 3.75, 16, 7.5], "texture": "#0"},
				"west": {"uv": [0, 0, 10.75, 3.75], "texture": "#0"},
				"up": {"uv": [0, 3.75, 10.75, 4.75], "rotation": 90, "texture": "#0"},
				"down": {"uv": [0, 3.5, 10.75, 3.75], "rotation": 270, "texture": "#0"}
			}
		},
		{
			"from": [6.75, 7.5, -7],
			"to": [9.25, 10, 0.5],
			"rotation": {"angle": 0, "axis": "y", "origin": [14.75, 15.5, 1]},
			"faces": {
				"north": {"uv": [9.75, 4.75, 11, 6], "texture": "#0"},
				"east": {"uv": [9.75, 4.75, 6, 6], "texture": "#0"},
				"south": {"uv": [9.75, 6, 11, 7.25], "texture": "#0"},
				"west": {"uv": [6, 4.75, 9.75, 6], "texture": "#0"},
				"up": {"uv": [6, 6, 9.75, 6.25], "rotation": 90, "texture": "#0"},
				"down": {"uv": [6, 6.25, 9.75, 7.5], "rotation": 270, "texture": "#0"}
			}
		},
		{
			"from": [7, 8.5, 0.5],
			"to": [9, 10, 9.5],
			"rotation": {"angle": 0, "axis": "y", "origin": [15, 16.5, 8.5]},
			"faces": {
				"north": {"uv": [4, 6, 4.333, 6.333], "texture": "#0"},
				"east": {"uv": [4.5, 7, 0, 7.75], "texture": "#0"},
				"south": {"uv": [4.25, 7, 4.5, 7.75], "texture": "#0"},
				"west": {"uv": [0, 7, 4.5, 7.75], "texture": "#0"},
				"up": {"uv": [6.66667, 3, 10.66667, 5.66667], "rotation": 90, "texture": "#0"},
				"down": {"uv": [0, 7.75, 4.5, 8.75], "rotation": 270, "texture": "#0"}
			}
		},
		{
			"from": [6.25, 14.5, -9.5],
			"to": [9.75, 16.5, 6.5],
			"rotation": {"angle": 0, "axis": "y", "origin": [14.25, 19, -1.5]},
			"faces": {
				"north": {"uv": [0.75, 0.5, 1, 1.5], "texture": "#0"},
				"east": {"uv": [8.5, 0.5, 0.5, 1.5], "texture": "#0"},
				"south": {"uv": [8.25, 0.5, 8.5, 1.5], "texture": "#0"},
				"west": {"uv": [0.5, 0.5, 8.5, 1.5], "texture": "#0"},
				"up": {"uv": [0.5, 0.5, 8.5, 0.75], "rotation": 90, "texture": "#0"},
				"down": {"uv": [0.5, 1.25, 8.5, 1.5], "rotation": 270, "texture": "#0"}
			}
		},
		{
			"from": [6.25, 11, -9.5],
			"to": [9.75, 13, 6.5],
			"rotation": {"angle": 0, "axis": "y", "origin": [14.25, 19, -1.5]},
			"faces": {
				"north": {"uv": [0.75, 2.25, 1, 3.25], "texture": "#0"},
				"east": {"uv": [8.5, 2.25, 0.5, 3.25], "texture": "#0"},
				"south": {"uv": [8.25, 2.25, 8.5, 3.25], "texture": "#0"},
				"west": {"uv": [0.5, 2.25, 8.5, 3.25], "texture": "#0"},
				"up": {"uv": [0.5, 2.25, 8.5, 2.5], "rotation": 90, "texture": "#0"},
				"down": {"uv": [0.5, 3, 8.5, 3.25], "rotation": 270, "texture": "#0"}
			}
		},
		{
			"from": [6, 11.75, 3],
			"to": [10, 13.25, 7.5],
			"rotation": {"angle": 0, "axis": "y", "origin": [14, 19.75, -3]},
			"faces": {
				"north": {"uv": [2.25, 8.75, 4.25, 9.5], "texture": "#0"},
				"east": {"uv": [4.25, 11, 2, 11.75], "texture": "#0"},
				"south": {"uv": [2.25, 8.75, 4.25, 9.5], "texture": "#0"},
				"west": {"uv": [2, 11, 4.25, 11.75], "texture": "#0"},
				"up": {"uv": [0, 9.5, 2.25, 9.75], "rotation": 90, "texture": "#0"},
				"down": {"uv": [0, 9.5, 2.25, 9.75], "rotation": 270, "texture": "#0"}
			}
		},
		{
			"from": [6, 14.25, 3],
			"to": [10, 15.75, 7.5],
			"rotation": {"angle": 0, "axis": "y", "origin": [14, 22.25, -3]},
			"faces": {
				"north": {"uv": [2.25, 8.75, 4.25, 9.5], "texture": "#0"},
				"east": {"uv": [4.25, 11, 2, 11.75], "texture": "#0"},
				"south": {"uv": [2.25, 8.75, 4.25, 9.5], "texture": "#0"},
				"west": {"uv": [2, 11, 4.25, 11.75], "texture": "#0"},
				"up": {"uv": [0, 9.5, 2.25, 9.75], "rotation": 90, "texture": "#0"},
				"down": {"uv": [0, 9.5, 2.25, 9.75], "rotation": 270, "texture": "#0"}
			}
		},
		{
			"from": [7, 6, 11],
			"to": [9, 8, 18.5],
			"rotation": {"angle": 0, "axis": "y", "origin": [15, 14, 19]},
			"faces": {
				"north": {"uv": [11, 4.75, 11.25, 5.75], "texture": "#0"},
				"east": {"uv": [14.75, 4.75, 11, 5.75], "texture": "#0"},
				"south": {"uv": [14.5, 4.75, 14.75, 5.75], "texture": "#0"},
				"west": {"uv": [11, 4.75, 14.75, 5.75], "texture": "#0"},
				"up": {"uv": [11, 4.75, 14.75, 5], "rotation": 90, "texture": "#0"},
				"down": {"uv": [11, 5.5, 14.75, 5.75], "rotation": 270, "texture": "#0"}
			}
		},
		{
			"from": [6.75, 10, 19],
			"to": [9.25, 17, 22],
			"rotation": {"angle": 0, "axis": "y", "origin": [14.75, 18, 27]},
			"faces": {
				"north": {"uv": [4.5, 7, 4.75, 10.5], "texture": "#0"},
				"east": {"uv": [6, 7, 4.5, 10.5], "texture": "#0"},
				"south": {"uv": [6, 7.5, 9.5, 8.75], "rotation": 90, "texture": "#0"},
				"west": {"uv": [4.5, 7, 6, 10.5], "texture": "#0"},
				"up": {"uv": [4.5, 7, 6, 7.25], "rotation": 90, "texture": "#0"},
				"down": {"uv": [4.5, 10.25, 6, 10.5], "rotation": 270, "texture": "#0"}
			}
		},
		{
			"from": [7.5, 9.5, 17.75],
			"to": [8.5, 15.5, 19.75],
			"rotation": {"angle": -45, "axis": "x", "origin": [8.75, 8, 18.5]},
			"faces": {
				"north": {"uv": [0.75, 9.75, 1, 12.75], "texture": "#0"},
				"east": {"uv": [1.75, 9.75, 0.75, 12.74933], "texture": "#0"},
				"south": {"uv": [1.5, 9.75, 1.75, 12.75], "texture": "#0"},
				"west": {"uv": [0.75, 9.75, 1.74966, 12.75], "texture": "#0"},
				"up": {"uv": [0, 0, 1.5, 1.5], "texture": "#0"},
				"down": {"uv": [4.66667, 8.333, 4.99933, 8.66567], "texture": "#0"}
			}
		},
		{
			"from": [7.25, 8, 16.25],
			"to": [8.75, 9.5, 22.25],
			"rotation": {"angle": -45, "axis": "x", "origin": [8.75, 8, 18.5]},
			"faces": {
				"north": {"uv": [0, 0, 1.5, 1.5], "rotation": 180, "texture": "#0"},
				"east": {"uv": [3, 12.75, 0, 13.5], "texture": "#0"},
				"south": {"uv": [4.66667, 8.333, 4.99933, 8.66567], "texture": "#0"},
				"west": {"uv": [0, 12.75, 3, 13.5], "texture": "#0"},
				"up": {"uv": [0, 12.75, 3, 13], "rotation": 90, "texture": "#0"},
				"down": {"uv": [0, 13.25, 3, 13.5], "rotation": 270, "texture": "#0"}
			}
		},
		{
			"from": [7.25, 10, 7.5],
			"to": [8.75, 12.5, 13],
			"rotation": {"angle": 45, "axis": "x", "origin": [8.75, 10, 7.5]},
			"faces": {
				"east": {"uv": [8.75, 8.75, 6, 10], "texture": "#0"},
				"west": {"uv": [6, 8.75, 8.75, 10], "texture": "#0"},
				"up": {"uv": [6, 8.75, 8.75, 9], "rotation": 90, "texture": "#0"},
				"down": {"uv": [6, 9.75, 8.75, 10], "rotation": 270, "texture": "#0"}
			}
		}
	],
	"display": {
		"thirdperson_righthand": {
			"rotation": [1, 0.5, 3.5],
			"translation": [-0.5, -3.5, -2.5],
			"scale": [0.8, 0.8, 0.8]
		},
		"thirdperson_lefthand": {
			"rotation": [1, 0.5, 3.5],
			"translation": [-0.5, -3.5, -2.5],
			"scale": [0.8, 0.8, 0.8]
		},
		"firstperson_righthand": {
			"rotation": [23, 5, 5.5],
			"translation": [4.25, -2.25, -9.5]
		},
		"firstperson_lefthand": {
			"rotation": [23, 5, 5.5],
			"translation": [4.25, -2.25, -9.5]
		},
		"ground": {
			"rotation": [0, 0, 90],
			"translation": [3.75, -0.75, 1.25],
			"scale": [0.8, 0.8, 0.8]
		},
		"gui": {
			"rotation": [-30, 140, 3],
			"translation": [0.5, -3.25, 0],
			"scale": [0.64, 0.64, 0.64]
		},
		"head": {
			"translation": [0, 1.75, -9.25]
		},
		"fixed": {
			"rotation": [0, 90, 0],
			"translation": [2.25, -6.25, -1]
		}
	}
}