{
	"credit": "Made with Blockbench",
	"texture_size": [64, 48],
	"textures": {
		"particle": "item/bow/famas"
	},
	"elements": [
		{
			"from": [7.5, 12.75, 1.75],
			"to": [8.5, 13.75, 6.25],
			"rotation": {"angle": 0, "axis": "x", "origin": [9, 12.75, 11.75]},
			"faces": {
				"north": {"uv": [2.25, 8.33333, 2.75, 9], "texture": "#particle"},
				"east": {"uv": [2.25, 8.33333, 0, 9], "texture": "#particle"},
				"south": {"uv": [0, 0, 0, 0], "texture": "#particle"},
				"west": {"uv": [0, 8.33333, 2.25, 9], "texture": "#particle"},
				"up": {"uv": [0, 9, 2.25, 9.66666], "rotation": 90, "texture": "#particle"},
				"down": {"uv": [0, 9, 2.25, 8.66666], "rotation": 270, "texture": "#particle"}
			}
		},
		{
			"from": [8, 13.75, 12.25],
			"to": [8, 15.25, 13.75],
			"rotation": {"angle": 0, "axis": "x", "origin": [9.5, 10.5, 25.25]},
			"faces": {
				"north": {"uv": [0, 0, 0, 2], "texture": "#particle"},
				"east": {"uv": [7.25, 1, 6.5, 2], "texture": "#particle"},
				"south": {"uv": [0, 0, 0, 2], "texture": "#particle"},
				"west": {"uv": [6.5, 1, 7.25, 2], "texture": "#particle"},
				"up": {"uv": [0, 0, 0, 6], "texture": "#particle"},
				"down": {"uv": [0, 0, 0, 6], "texture": "#particle"}
			}
		},
		{
			"from": [8, 7.75, 9.7],
			"to": [8, 11.75, 15.2],
			"rotation": {"angle": 0, "axis": "x", "origin": [9.5, 4.5, 22.7]},
			"faces": {
				"north": {"uv": [0, 0, 0, 2], "texture": "#particle"},
				"east": {"uv": [4.5, 9.66666, 1.75, 12.33333], "texture": "#particle"},
				"south": {"uv": [0, 0, 0, 2], "texture": "#particle"},
				"west": {"uv": [1.75, 9.66666, 4.5, 12.33333], "texture": "#particle"},
				"up": {"uv": [0, 0, 0, 6], "texture": "#particle"},
				"down": {"uv": [0, 0, 0, 6], "texture": "#particle"}
			}
		},
		{
			"from": [7.25, 7.75, 13.25],
			"to": [8.75, 11.75, 15.25],
			"rotation": {"angle": -22.5, "axis": "x", "origin": [7.25, 11.75, 13.25]},
			"faces": {
				"north": {"uv": [1, 9.66666, 1.75, 12.33333], "texture": "#particle"},
				"east": {"uv": [1, 9.66666, 0, 12.33333], "texture": "#particle"},
				"south": {"uv": [0.75, 9.66666, 1, 12.33333], "texture": "#particle"},
				"west": {"uv": [0, 9.66666, 1, 12.33333], "texture": "#particle"},
				"up": {"uv": [0, 0, 0, 0], "texture": "#particle"},
				"down": {"uv": [0, 12, 1, 12.33333], "rotation": 270, "texture": "#particle"}
			}
		},
		{
			"from": [7.25, 5.25, 19.25],
			"to": [8.75, 10.75, 21.75],
			"rotation": {"angle": 22.5, "axis": "x", "origin": [7.25, 10.75, 21.75]},
			"faces": {
				"north": {"uv": [8.75, 5.33333, 9.5, 9], "texture": "#particle"},
				"east": {"uv": [8.75, 5.33333, 7.5, 9], "texture": "#particle"},
				"south": {"uv": [8.75, 5.33333, 9.5, 9], "texture": "#particle"},
				"west": {"uv": [7.5, 5.33333, 8.75, 9], "texture": "#particle"},
				"up": {"uv": [0, 0, 0, 0], "texture": "#particle"},
				"down": {"uv": [7.5, 8.66666, 8.75, 9], "rotation": 270, "texture": "#particle"}
			}
		},
		{
			"from": [7, 10.75, 17.25],
			"to": [9, 13.75, 22.75],
			"rotation": {"angle": 0, "axis": "x", "origin": [8.5, 13.25, 14.25]},
			"faces": {
				"north": {"uv": [7.5, 0, 7.75, 2], "texture": "#particle"},
				"east": {"uv": [12.25, 5.33333, 9.5, 7.33333], "texture": "#particle"},
				"west": {"uv": [7.5, 0, 10.25, 2], "texture": "#particle"},
				"up": {"uv": [7.5, 5.33333, 10.25, 4], "rotation": 90, "texture": "#particle"},
				"down": {"uv": [7.5, 1.66667, 10.25, 2], "rotation": 270, "texture": "#particle"}
			}
		},
		{
			"from": [7, 11.75, 6.25],
			"to": [9, 13.75, 17.25],
			"rotation": {"angle": 0, "axis": "x", "origin": [8.25, 15.25, 7]},
			"faces": {
				"north": {"uv": [5.5, 1.66667, 6.5, 3], "texture": "#particle"},
				"east": {"uv": [5.5, 1.66667, 0, 3], "texture": "#particle"},
				"west": {"uv": [0, 1.66667, 5.5, 3], "texture": "#particle"},
				"up": {"uv": [0, 5.66667, 5.5, 7], "rotation": 90, "texture": "#particle"},
				"down": {"uv": [0, 4.33333, 5.5, 5.66667], "rotation": 270, "texture": "#particle"}
			}
		},
		{
			"from": [7, 13.75, 6.25],
			"to": [9, 16.25, 17.25],
			"rotation": {"angle": 0, "axis": "x", "origin": [8.25, 17.25, 7]},
			"faces": {
				"north": {"uv": [5.5, 0, 6.5, 1.66667], "texture": "#particle"},
				"east": {"uv": [5.5, 0, 0, 1.66667], "texture": "#particle"},
				"south": {"uv": [6.5, 0, 5.5, 1.66667], "texture": "#particle"},
				"west": {"uv": [0, 0, 5.5, 1.66667], "texture": "#particle"},
				"up": {"uv": [0, 3, 5.5, 4.33333], "rotation": 90, "texture": "#particle"}
			}
		},
		{
			"from": [6.75, 9.75, 22.75],
			"to": [9.25, 14.25, 26.75],
			"rotation": {"angle": 0, "axis": "x", "origin": [8.25, 9.75, 22.75]},
			"faces": {
				"north": {"uv": [13.5, 0, 14.75, 3], "texture": "#particle"},
				"east": {"uv": [12.25, 0, 10.25, 3], "texture": "#particle"},
				"south": {"uv": [12.25, 0, 13.5, 3], "texture": "#particle"},
				"west": {"uv": [10.25, 0, 12.25, 3], "texture": "#particle"},
				"up": {"uv": [10.25, 3, 12.25, 4.66667], "rotation": 90, "texture": "#particle"},
				"down": {"uv": [10.25, 2.66667, 12.25, 3], "rotation": 270, "texture": "#particle"}
			}
		},
		{
			"from": [9, 13.75, 7.75],
			"to": [7, 15.25, 15.75],
			"rotation": {"angle": 0, "axis": "x", "origin": [10.25, 17.25, 8.5]},
			"faces": {
				"north": {"uv": [6.5, 0, 7.5, 1], "texture": "#particle"},
				"south": {"uv": [6.5, 0, 7.5, 1], "texture": "#particle"},
				"up": {"uv": [0, 7, 4, 8.33333], "rotation": 90, "texture": "#particle"}
			}
		}
	],
	"display": {
		"thirdperson_righthand": {
			"rotation": [1, -0.5, 0.5],
			"translation": [-0.25, -3, -4.25],
			"scale": [0.8, 0.8, 0.8]
		},
		"thirdperson_lefthand": {
			"rotation": [1, -0.5, 0.5],
			"translation": [-0.25, -3, -4.25],
			"scale": [0.8, 0.8, 0.8]
		},
		"firstperson_righthand": {
			"rotation": [22.5, 5, 6],
			"translation": [3, -0.75, -10.5]
		},
		"firstperson_lefthand": {
			"rotation": [22.5, 5, 6],
			"translation": [3, -0.75, -10.5]
		},
		"ground": {
			"rotation": [0, 0, 90],
			"translation": [3, -1.5, -5],
			"scale": [0.8, 0.8, 0.8]
		},
		"gui": {
			"rotation": [30, 130, 0],
			"translation": [-3.5, -4, 0],
			"scale": [0.7, 0.7, 0.7]
		},
		"head": {
			"rotation": [90, -67.5, 90],
			"translation": [10, -15.5, 4.5],
			"scale": [1.25, 1.25, 1.25]
		},
		"fixed": {
			"rotation": [0, 90, 0],
			"translation": [-9.5, -5.25, 0.4],
			"scale": [1.6, 1.6, 1.6]
		}
	}
}