{
	"credit": "Made with Blockbench",
	"texture_size": [64, 64],
	"textures": {
		"0": "item/bow/flamethrower",
		"1": "item/bow/flame3",
		"particle": "item/bow/flamethrower"
	},
	"elements": [
		{
			"from": [7.501, 12.75, 15.5],
			"to": [8.499, 13.75, 24.75],
			"rotation": {"angle": 0, "axis": "y", "origin": [15.5, 20.75, 23.5]},
			"faces": {
				"east": {"uv": [9.25, 0, 0, 1], "texture": "#0"},
				"west": {"uv": [0, 0, 9.25, 1], "texture": "#0"},
				"up": {"uv": [0, 1, 9.25, 2], "rotation": 90, "texture": "#0"},
				"down": {"uv": [0, 2, 9.25, 3], "rotation": 270, "texture": "#0"}
			}
		},
		{
			"from": [7.5, 12.75, 13],
			"to": [8.5, 13.75, 15.5],
			"rotation": {"angle": -22.5, "axis": "x", "origin": [8, 13.75, 15.5]},
			"faces": {
				"east": {"uv": [2.5, 3, 0, 4], "texture": "#0"},
				"west": {"uv": [0, 3, 2.5, 4], "texture": "#0"},
				"up": {"uv": [2.5, 3, 5, 4], "rotation": 90, "texture": "#0"},
				"down": {"uv": [5, 3, 7.5, 4], "rotation": 270, "texture": "#0"}
			}
		},
		{
			"from": [7.125, 11.375, 10.5],
			"to": [8.875, 13.125, 13.5],
			"rotation": {"angle": -22.5, "axis": "x", "origin": [7.75, 12, 13.25]},
			"faces": {
				"north": {"uv": [9, 4, 10.75, 5.75], "texture": "#0"},
				"east": {"uv": [3, 4, 0, 5.75], "texture": "#0"},
				"south": {"uv": [10.75, 4, 12.5, 5.75], "texture": "#0"},
				"west": {"uv": [0, 4, 3, 5.75], "texture": "#0"},
				"up": {"uv": [3, 4, 6, 5.75], "rotation": 90, "texture": "#0"},
				"down": {"uv": [6, 4, 9, 5.75], "rotation": 270, "texture": "#0"}
			}
		},
		{
			"from": [7.25, 12, 24.75],
			"to": [8.75, 14.5, 26.75],
			"rotation": {"angle": 22.5, "axis": "x", "origin": [7.25, 13.75, 24.75]},
			"faces": {
				"north": {"uv": [3.5, 8.75, 5, 11.25], "texture": "#0"},
				"east": {"uv": [2, 8.75, 0, 11.25], "texture": "#0"},
				"south": {"uv": [2, 8.75, 3.5, 11.25], "texture": "#0"},
				"west": {"uv": [0, 8.75, 2, 11.25], "texture": "#0"},
				"up": {"uv": [5, 8.75, 6.5, 10.75], "texture": "#0"},
				"down": {"uv": [6.5, 10.75, 8, 8.75], "texture": "#0"}
			}
		},
		{
			"from": [7.625, 13.5, 26.75],
			"to": [8.375, 14.25, 30.5],
			"rotation": {"angle": 22.5, "axis": "x", "origin": [7.5, 13.75, 24.75]},
			"faces": {
				"east": {"uv": [11.75, 8.75, 8, 9.5], "texture": "#0"},
				"south": {"uv": [11.5, 8.75, 11.75, 9.5], "texture": "#0"},
				"west": {"uv": [8, 8.75, 11.75, 9.5], "texture": "#0"},
				"up": {"uv": [8, 9.5, 11.75, 10.25], "rotation": 90, "texture": "#0"},
				"down": {"uv": [11.75, 9.25, 8, 9.5], "rotation": 90, "texture": "#0"}
			}
		},
		{
			"from": [7.975, 12, 26.75],
			"to": [8.025, 13.5, 29.25],
			"rotation": {"angle": 22.5, "axis": "x", "origin": [7.5, 13.75, 24.75]},
			"faces": {
				"east": {"uv": [10.25, 8.25, 11.75, 5.75], "rotation": 90, "texture": "#0"},
				"west": {"uv": [10.25, 5.75, 11.75, 8.25], "rotation": 90, "texture": "#0"}
			}
		},
		{
			"from": [9.225, 8, 23.25],
			"to": [9.275, 11.75, 30],
			"rotation": {"angle": 0, "axis": "x", "origin": [9, 9.5, 21.75]},
			"faces": {
				"east": {"uv": [9.25, 0, 16, 3.75], "texture": "#0"},
				"west": {"uv": [16, 0, 9.25, 3.75], "texture": "#0"}
			}
		},
		{
			"from": [9.225, 10.5, 29],
			"to": [9.275, 12.5, 31.5],
			"rotation": {"angle": 45, "axis": "z", "origin": [9.25, 10.5, 28.625]},
			"faces": {
				"east": {"uv": [8.25, 6.75, 10.75, 8.75], "texture": "#0"},
				"west": {"uv": [10.75, 6.75, 8.25, 8.75], "texture": "#0"}
			}
		},
		{
			"from": [7, 9.25, 9.5],
			"to": [7.05, 13, 15.75],
			"rotation": {"angle": -22.5, "axis": "z", "origin": [7, 12.75, 15.75]},
			"faces": {
				"east": {"uv": [6.25, 12.25, 0, 16], "texture": "#0"},
				"west": {"uv": [0, 12.25, 6.25, 16], "texture": "#0"}
			}
		},
		{
			"from": [6.5, 12.25, 15.75],
			"to": [7.5, 13.25, 24],
			"rotation": {"angle": 0, "axis": "y", "origin": [14.5, 20.25, 23.75]},
			"faces": {
				"north": {"uv": [9.25, 5.75, 10.25, 6.75], "texture": "#0"},
				"east": {"uv": [8.25, 6.75, 0, 7.75], "texture": "#0"},
				"south": {"uv": [8.25, 5.75, 9.25, 6.75], "texture": "#0"},
				"west": {"uv": [0, 6.75, 8.25, 7.75], "texture": "#0"},
				"up": {"uv": [0, 5.75, 8.25, 6.75], "rotation": 90, "texture": "#0"},
				"down": {"uv": [0, 8.75, 8.25, 7.75], "rotation": 270, "texture": "#0"}
			}
		},
		{
			"from": [7.75, 9.75, 19],
			"to": [10.75, 12.75, 23.25],
			"rotation": {"angle": 0, "axis": "y", "origin": [16.25, 18.5, 27]},
			"faces": {
				"north": {"uv": [11.75, 13, 8.75, 16], "texture": "#0"},
				"east": {"uv": [11.75, 10, 16, 13], "texture": "#0"},
				"south": {"uv": [8.75, 13, 11.75, 16], "texture": "#0"},
				"west": {"uv": [16, 10, 11.75, 13], "texture": "#0"},
				"up": {"uv": [11.75, 7, 16, 10], "rotation": 270, "texture": "#0"},
				"down": {"uv": [11.75, 13, 16, 16], "rotation": 90, "texture": "#0"}
			}
		},
		{
			"from": [8.5, 10.5, 23.25],
			"to": [10, 12, 24.5],
			"rotation": {"angle": 0, "axis": "y", "origin": [16.25, 18.5, 27]},
			"faces": {
				"east": {"uv": [10.5, 10.25, 11.75, 11.75], "texture": "#0"},
				"west": {"uv": [8, 10.25, 9.25, 11.75], "texture": "#0"},
				"up": {"uv": [9.25, 10.25, 10.5, 11.75], "rotation": 90, "texture": "#0"}
			}
		},
		{
			"from": [9.975, 10.525, 23.25],
			"to": [8.525, 11.975, 24.5],
			"rotation": {"angle": 0, "axis": "y", "origin": [16.25, 18.5, 27]},
			"faces": {
				"east": {"uv": [9.25, 10.25, 8, 11.75], "texture": "#0"},
				"west": {"uv": [11.75, 10.25, 10.5, 11.75], "texture": "#0"},
				"up": {"uv": [9.25, 11.75, 10.5, 10.25], "rotation": 90, "texture": "#0"}
			}
		},
		{
			"from": [8.375, 10.375, 15.75],
			"to": [10.125, 12.125, 19],
			"rotation": {"angle": 0, "axis": "y", "origin": [16.5, 18.75, 24.75]},
			"faces": {
				"east": {"uv": [14.25, 7, 12.5, 3.75], "rotation": 90, "texture": "#0"},
				"west": {"uv": [14.25, 3.75, 12.5, 7], "rotation": 90, "texture": "#0"},
				"up": {"uv": [14.25, 7, 16, 3.75], "texture": "#0"},
				"down": {"uv": [7, 12.75, 8.75, 16], "texture": "#0"}
			}
		},
		{
			"from": [10.1, 10.4, 15.75],
			"to": [8.4, 12.1, 18.5],
			"rotation": {"angle": 0, "axis": "y", "origin": [16.5, 18.75, 24.75]},
			"faces": {
				"east": {"uv": [14.25, 7, 12.5, 4.25], "rotation": 90, "texture": "#0"},
				"south": {"uv": [6.25, 10.75, 8, 12.5], "texture": "#0"},
				"west": {"uv": [14.25, 4.25, 12.5, 7], "rotation": 90, "texture": "#0"},
				"up": {"uv": [16, 7, 14.25, 4.25], "texture": "#0"},
				"down": {"uv": [8.75, 13.25, 7, 16], "texture": "#0"}
			}
		},
		{
			"from": [8, 6.875, -16],
			"to": [8, 21.875, 14],
			"shade": false,
			"rotation": {"angle": 45, "axis": "z", "origin": [8, 11.125, -5.25]},
			"faces": {
				"north": {"uv": [0, 0, 0, 0], "texture": "#1"},
				"east": {"uv": [16, 0, 0, 8], "texture": "#1"},
				"south": {"uv": [0, 0, 0, 0], "texture": "#1"},
				"west": {"uv": [0, 0, 16, 8], "texture": "#1"},
				"up": {"uv": [0, 0, 0, 0], "texture": "#1"},
				"down": {"uv": [0, 0, 0, 0], "texture": "#1"}
			}
		},
		{
			"from": [8, 6.875, -16],
			"to": [8, 21.875, 14],
			"shade": false,
			"rotation": {"angle": 0, "axis": "y", "origin": [8, 11.125, -5.25]},
			"faces": {
				"north": {"uv": [0, 0, 0, 0], "texture": "#1"},
				"east": {"uv": [16, 0, 0, 8], "texture": "#1"},
				"south": {"uv": [0, 0, 0, 0], "texture": "#1"},
				"west": {"uv": [0, 0, 16, 8], "texture": "#1"},
				"up": {"uv": [0, 0, 0, 0], "texture": "#1"},
				"down": {"uv": [0, 0, 0, 0], "texture": "#1"}
			}
		},
		{
			"from": [8, 6.875, -16],
			"to": [8, 21.875, 14],
			"shade": false,
			"rotation": {"angle": -45, "axis": "z", "origin": [8, 11.125, -5.25]},
			"faces": {
				"north": {"uv": [0, 0, 0, 0], "texture": "#1"},
				"east": {"uv": [16, 0, 0, 8], "texture": "#1"},
				"south": {"uv": [0, 0, 0, 0], "texture": "#1"},
				"west": {"uv": [0, 0, 16, 8], "texture": "#1"},
				"up": {"uv": [0, 0, 0, 0], "texture": "#1"},
				"down": {"uv": [0, 0, 0, 0], "texture": "#1"}
			}
		}
	],
	"display": {
		"thirdperson_righthand": {
			"rotation": [8, -2, 1],
			"translation": [-0.5, -5.25, -29],
			"scale": [1.6, 1.6, 1.6]
		},
		"thirdperson_lefthand": {
			"rotation": [8, -2, 1],
			"translation": [-0.5, -5.25, -29],
			"scale": [1.6, 1.6, 1.6]
		},
		"firstperson_righthand": {
			"rotation": [27.5, 9, 6],
			"translation": [-1, 2.5, -30.5],
			"scale": [2, 2, 2]
		},
		"firstperson_lefthand": {
			"rotation": [27.5, 9, 6],
			"translation": [-1, 2.5, -30.5],
			"scale": [2, 2, 2]
		},
		"ground": {
			"rotation": [0, 0, 90],
			"translation": [6.75, 0.5, -20],
			"scale": [1.6, 1.6, 1.6]
		},
		"gui": {
			"rotation": [30, 130, 0],
			"translation": [0.5, -1.75, 0],
			"scale": [0.4, 0.4, 0.4]
		},
		"head": {
			"rotation": [90, -67.5, 90],
			"translation": [33.25, -11, 7],
			"scale": [2.5, 2.5, 2.5]
		},
		"fixed": {
			"rotation": [0, 90, 0],
			"translation": [-41, -14.5, -1.75],
			"scale": [3.2, 3.2, 3.2]
		}
	}
}