{
	"credit": "Made with Blockbench",
	"texture_size": [64, 64],
	"textures": {
		"0": "item/bow/gauss_gun"
	},
	"elements": [
		{
			"from": [7, 10.5, 21.5],
			"to": [9, 15.5, 27.5],
			"rotation": {"angle": 0, "axis": "y", "origin": [9, 9.5, 28.5]},
			"faces": {
				"north": {"uv": [6.5, 6.5, 6.75, 9], "texture": "#0"},
				"east": {"uv": [9.5, 6.5, 6.5, 9], "texture": "#0"},
				"south": {"uv": [9.5, 6.5, 10.5, 9], "texture": "#0"},
				"west": {"uv": [6.5, 6.5, 9.5, 9], "texture": "#0"},
				"up": {"uv": [6.5, 9, 9.5, 10], "rotation": 90, "texture": "#0"},
				"down": {"uv": [6.5, 8.75, 9.5, 9], "rotation": 90, "texture": "#0"}
			}
		},
		{
			"from": [7, 12.5, 8.5],
			"to": [9, 15.5, 21.5],
			"rotation": {"angle": 0, "axis": "y", "origin": [9, 11.5, 15.5]},
			"faces": {
				"east": {"uv": [6.5, 6.5, 0, 8], "texture": "#0"},
				"west": {"uv": [0, 6.5, 6.5, 8], "texture": "#0"},
				"up": {"uv": [6.5, 6.5, 0, 6.75], "rotation": 270, "texture": "#0"},
				"down": {"uv": [6.5, 7.75, 0, 8], "rotation": 90, "texture": "#0"}
			}
		},
		{
			"from": [7, 14.5, -12],
			"to": [9, 18.5, 11],
			"rotation": {"angle": 0, "axis": "y", "origin": [9, 13.5, -5]},
			"faces": {
				"north": {"uv": [0, 0, 0.25, 2], "texture": "#0"},
				"east": {"uv": [11.5, 0, 0, 2], "texture": "#0"},
				"west": {"uv": [0, 0, 11.5, 2], "texture": "#0"},
				"up": {"uv": [11.5, 2, 0, 3], "rotation": 270, "texture": "#0"},
				"down": {"uv": [0, 0, 0, 0], "texture": "#0"}
			}
		},
		{
			"from": [6, 10, -12],
			"to": [10, 14.5, 8.5],
			"rotation": {"angle": 0, "axis": "y", "origin": [8, 9, -5]},
			"faces": {
				"north": {"uv": [12.25, 10.75, 14.25, 13], "texture": "#0"},
				"east": {"uv": [10.25, 10.75, 0, 13], "texture": "#0"},
				"south": {"uv": [10.25, 10.75, 12.25, 13], "texture": "#0"},
				"west": {"uv": [0, 10.75, 10.25, 13], "texture": "#0"},
				"up": {"uv": [0, 15, 10.25, 15.25], "rotation": 90, "texture": "#0"},
				"down": {"uv": [10.25, 13, 0, 15], "rotation": 90, "texture": "#0"}
			}
		},
		{
			"from": [8, 10, -10],
			"to": [8, 12.5, 8.5],
			"rotation": {"angle": 0, "axis": "y", "origin": [10, 9, -3]},
			"faces": {
				"north": {"uv": [11, 9.66667, 11.25, 11.33333], "texture": "#0"},
				"east": {"uv": [7.5, 9.66667, 11.25, 11.33333], "texture": "#0"},
				"south": {"uv": [11.25, 9.66667, 12.25, 11.33333], "texture": "#0"},
				"west": {"uv": [11.25, 9.66667, 7.5, 11.33333], "texture": "#0"},
				"up": {"uv": [7.5, 11.33333, 11.25, 12.66667], "rotation": 270, "texture": "#0"},
				"down": {"uv": [7.5, 11, 11.25, 11.33333], "rotation": 90, "texture": "#0"}
			}
		},
		{
			"from": [6, 15, -15.5],
			"to": [10, 18.5, -11],
			"rotation": {"angle": 0, "axis": "y", "origin": [8, 14, -8.5]},
			"faces": {
				"north": {"uv": [13.75, 0, 15.75, 1.75], "texture": "#0"},
				"east": {"uv": [13.75, 0, 11.5, 1.75], "texture": "#0"},
				"south": {"uv": [13.5, 0, 13.75, 1.75], "texture": "#0"},
				"west": {"uv": [11.5, 0, 13.75, 1.75], "texture": "#0"},
				"up": {"uv": [11.5, 1.75, 13.75, 3.75], "rotation": 90, "texture": "#0"},
				"down": {"uv": [11.5, 1.75, 13.75, 3.75], "rotation": 270, "texture": "#0"}
			}
		},
		{
			"from": [6, 14.5, -9],
			"to": [10, 17.5, 8],
			"rotation": {"angle": 0, "axis": "y", "origin": [8, 13.5, -2]},
			"faces": {
				"north": {"uv": [8.5, 3, 10.5, 4.5], "texture": "#0"},
				"east": {"uv": [8.5, 3, 0, 4.5], "texture": "#0"},
				"south": {"uv": [8.5, 3, 10.5, 4.5], "texture": "#0"},
				"west": {"uv": [0, 3, 8.5, 4.5], "texture": "#0"},
				"up": {"uv": [0, 4.5, 8.5, 6.50001], "rotation": 90, "texture": "#0"}
			}
		},
		{
			"from": [4, 11.5, -8],
			"to": [6, 16, 1.5],
			"rotation": {"angle": 0, "axis": "y", "origin": [6, 10.5, -1]},
			"faces": {
				"north": {"uv": [12.25, 5.25, 11.25, 7.5], "texture": "#0"},
				"east": {"uv": [15.25, 7.5, 10.5, 9.75], "texture": "#0"},
				"south": {"uv": [11.25, 5.25, 12.25, 7.5], "texture": "#0"},
				"west": {"uv": [10.5, 7.5, 15.25, 9.75], "texture": "#0"},
				"up": {"uv": [10.5, 10.75, 15.25, 9.75], "rotation": 90, "texture": "#0"},
				"down": {"uv": [15.25, 10.75, 10.5, 9.75], "rotation": 90, "texture": "#0"}
			}
		},
		{
			"from": [6, 14.5, 11],
			"to": [10, 19, 15],
			"rotation": {"angle": 0, "axis": "y", "origin": [8, 13.5, 18]},
			"faces": {
				"north": {"uv": [13.75, 1.75, 14, 4], "texture": "#0"},
				"east": {"uv": [15.75, 1.75, 13.75, 4], "texture": "#0"},
				"south": {"uv": [15.5, 1.75, 15.75, 4], "texture": "#0"},
				"west": {"uv": [13.75, 1.75, 15.75, 4], "texture": "#0"},
				"up": {"uv": [13.75, 4, 15.75, 6], "texture": "#0"},
				"down": {"uv": [13.75, 3.75, 15.75, 4], "texture": "#0"}
			}
		},
		{
			"from": [6, 13.5, 15],
			"to": [10, 16.5, 18],
			"rotation": {"angle": 0, "axis": "y", "origin": [8, 12.5, 22]},
			"faces": {
				"north": {"uv": [13.75, 7.5, 15.75, 6], "texture": "#0"},
				"east": {"uv": [12.25, 5.25, 13.75, 6.75], "texture": "#0"},
				"south": {"uv": [11.75, 3.75, 13.75, 5.25], "texture": "#0"},
				"west": {"uv": [13.75, 5.25, 12.25, 6.75], "texture": "#0"},
				"up": {"uv": [13.75, 6, 15.75, 7.5], "rotation": 180, "texture": "#0"},
				"down": {"uv": [11.75, 5.25, 13.75, 3.75], "texture": "#0"}
			}
		},
		{
			"from": [6.25, 16.5, 15],
			"to": [9.75, 18.5, 17],
			"rotation": {"angle": 0, "axis": "y", "origin": [8.25, 15.5, 22]},
			"faces": {
				"east": {"uv": [11.25, 4.5, 10.25, 5.5], "texture": "#0"},
				"south": {"uv": [10.25, 13, 12, 14], "texture": "#0"},
				"west": {"uv": [10.25, 4.5, 11.25, 5.5], "texture": "#0"},
				"up": {"uv": [8.5, 5.5, 10.25, 6.5], "rotation": 180, "texture": "#0"}
			}
		},
		{
			"from": [7.25, 10.5, 18.5],
			"to": [8.75, 12, 21.5],
			"rotation": {"angle": 45, "axis": "x", "origin": [8, 10.5, 21.5]},
			"faces": {
				"east": {"uv": [1.5, 8, 0, 8.75], "texture": "#0"},
				"west": {"uv": [0, 8, 1.5, 8.75], "texture": "#0"},
				"down": {"uv": [1.5, 8, 3, 8.75], "rotation": 90, "texture": "#0"}
			}
		},
		{
			"from": [7.25, 7.5, 13.5],
			"to": [8.75, 12.5, 16],
			"rotation": {"angle": -22.5, "axis": "x", "origin": [8, 12.5, 13.5]},
			"faces": {
				"north": {"uv": [4.5, 8, 5.25, 10.5], "texture": "#0"},
				"east": {"uv": [6.5, 8, 5.25, 10.5], "texture": "#0"},
				"south": {"uv": [3.75, 8, 4.5, 10.5], "texture": "#0"},
				"west": {"uv": [5.25, 8, 6.5, 10.5], "texture": "#0"},
				"down": {"uv": [5.25, 10.25, 6.5, 10.5], "rotation": 270, "texture": "#0"}
			}
		},
		{
			"from": [8, 11, 8.5],
			"to": [8, 12.5, 14.5],
			"rotation": {"angle": 0, "axis": "y", "origin": [9.5, 11, 13]},
			"faces": {
				"north": {"uv": [0, 0, 0, 2], "texture": "#0"},
				"east": {"uv": [3, 8.75, 0, 9.5], "texture": "#0"},
				"south": {"uv": [0, 0, 0, 2], "texture": "#0"},
				"west": {"uv": [0, 8.75, 3, 9.5], "texture": "#0"},
				"up": {"uv": [0, 0, 0, 6], "texture": "#0"},
				"down": {"uv": [0, 0, 0, 6], "texture": "#0"}
			}
		}
	],
	"gui_light": "front",
	"display": {
		"thirdperson_righthand": {
			"rotation": [1, 1, 4],
			"translation": [-0.5, -3.5, -4.25],
			"scale": [0.8, 0.8, 0.8]
		},
		"thirdperson_lefthand": {
			"rotation": [1, 1, 4],
			"translation": [-0.5, -3.5, -4.25],
			"scale": [0.8, 0.8, 0.8]
		},
		"firstperson_righthand": {
			"rotation": [22, 5, 6],
			"translation": [4.25, -2.25, -9.5]
		},
		"firstperson_lefthand": {
			"rotation": [22, 5, 6],
			"translation": [4.25, -2.25, -9.5]
		},
		"ground": {
			"rotation": [0, 0, 90],
			"translation": [3.75, 0.25, 2.5],
			"scale": [0.8, 0.8, 0.8]
		},
		"gui": {
			"rotation": [30, 130, 0],
			"translation": [0.75, -1.75, 0],
			"scale": [0.4, 0.4, 0.4]
		},
		"head": {
			"rotation": [90, -67.5, 90],
			"translation": [-0.5, -22, 5.75],
			"scale": [1.25, 1.25, 1.25]
		},
		"fixed": {
			"rotation": [0, -90, 0],
			"translation": [-6.5, -10.5, -1.2],
			"scale": [1.6, 1.6, 1.6]
		}
	},
	"groups": [
		{
			"name": "group",
			"origin": [6.25, 14.25, -4],
			"color": 0,
			"children": [0, 1, 2, 3, 4, 5, 6, 7, 8, 9, 10, 11, 12, 13]
		}
	]
}