{
	"credit": "Made with Blockbench",
	"textures": {
		"0": "item/bow/luger",
		"particle": "item/bow/luger"
	},
	"elements": [
		{
			"from": [7.25, 15.75, 2],
			"to": [8.75, 17.75, 6.5],
			"rotation": {"angle": 0, "axis": "y", "origin": [15.25, 23.75, 10]},
			"faces": {
				"north": {"uv": [6, 0, 6.5, 2], "texture": "#0"},
				"east": {"uv": [10.5, 0, 6, 2], "texture": "#0"},
				"south": {"uv": [0, 0, 1.5, 1], "texture": "#0"},
				"west": {"uv": [6, 0, 10.5, 2], "texture": "#0"},
				"up": {"uv": [6, 2, 10.5, 3.5], "rotation": 90, "texture": "#0"},
				"down": {"uv": [6, 1.5, 10.5, 2], "rotation": 270, "texture": "#0"}
			}
		},
		{
			"from": [8, 13.25, 2],
			"to": [8, 15.75, 6],
			"rotation": {"angle": 0, "axis": "y", "origin": [16, 21.25, 10]},
			"faces": {
				"north": {"uv": [0, 0, 0, 2.5], "texture": "#0"},
				"east": {"uv": [4, 9, 0, 11.5], "texture": "#0"},
				"south": {"uv": [0, 0, 0, 2.5], "texture": "#0"},
				"west": {"uv": [0, 9, 4, 11.5], "texture": "#0"},
				"up": {"uv": [0, 0, 0, 2.5], "texture": "#0"},
				"down": {"uv": [0, 0, 0, 2.5], "texture": "#0"}
			}
		},
		{
			"from": [8, 17.5, -3.5],
			"to": [8, 18, -2],
			"rotation": {"angle": 0, "axis": "y", "origin": [16, 25.5, 4.5]},
			"faces": {
				"north": {"uv": [0, 0, 0, 1], "texture": "#0"},
				"east": {"uv": [4.5, 7.5, 3, 8], "texture": "#0"},
				"south": {"uv": [0, 0, 0, 1], "texture": "#0"},
				"west": {"uv": [3, 7.5, 4.5, 8], "texture": "#0"},
				"up": {"uv": [0, 0, 0, 1], "texture": "#0"},
				"down": {"uv": [0, 0, 0, 1], "texture": "#0"}
			}
		},
		{
			"from": [7.5, 16.5, -3.5],
			"to": [8.5, 17.5, 2],
			"rotation": {"angle": 0, "axis": "y", "origin": [15.5, 24.5, 4.5]},
			"faces": {
				"north": {"uv": [8.5, 6.5, 9.5, 7.5], "texture": "#0"},
				"east": {"uv": [8.5, 6.5, 3, 7.5], "texture": "#0"},
				"south": {"uv": [7.5, 1.5, 10, 3], "texture": "#0"},
				"west": {"uv": [3, 6.5, 8.5, 7.5], "texture": "#0"},
				"up": {"uv": [3, 6.5, 8.5, 7], "rotation": 90, "texture": "#0"},
				"down": {"uv": [3, 7, 8.5, 7.5], "rotation": 270, "texture": "#0"}
			}
		},
		{
			"from": [7.25, 9.75, 4.5],
			"to": [8.75, 15.75, 7.5],
			"rotation": {"angle": -22.5, "axis": "x", "origin": [8.5, 15.75, 4.5]},
			"faces": {
				"north": {"uv": [4.5, 0, 6, 6], "texture": "#0"},
				"east": {"uv": [3, 0, 0, 6], "texture": "#0"},
				"south": {"uv": [3, 0, 4.5, 6], "texture": "#0"},
				"west": {"uv": [0, 0, 3, 6], "texture": "#0"},
				"up": {"uv": [1.5, 5, 2, 8], "rotation": 180, "texture": "#0"},
				"down": {"uv": [0, 6.5, 3, 8], "rotation": 270, "texture": "#0"}
			}
		},
		{
			"from": [7, 15.5, 6.25],
			"to": [9, 18, 9.25],
			"rotation": {"angle": 0, "axis": "x", "origin": [8.5, 15.5, 6.5]},
			"faces": {
				"north": {"uv": [6, 3.5, 6.5, 6], "texture": "#0"},
				"east": {"uv": [9, 3.5, 6, 6], "texture": "#0"},
				"south": {"uv": [9, 3.5, 11, 6], "texture": "#0"},
				"west": {"uv": [6, 3.5, 9, 6], "texture": "#0"},
				"up": {"uv": [10.5, 0, 13.5, 2], "rotation": 90, "texture": "#0"},
				"down": {"uv": [6, 5.5, 9, 6], "rotation": 270, "texture": "#0"}
			}
		}
	],
	"display": {
		"thirdperson_righthand": {
			"rotation": [1.5, 0.5, 3.5],
			"translation": [0, -5.75, 2.75],
			"scale": [0.8, 0.8, 0.8]
		},
		"thirdperson_lefthand": {
			"rotation": [1.5, 0.5, 3.5],
			"translation": [0, -5.75, 2.75],
			"scale": [0.8, 0.8, 0.8]
		},
		"firstperson_righthand": {
			"rotation": [21, 5.5, 6],
			"translation": [3, -6, -5]
		},
		"firstperson_lefthand": {
			"rotation": [21, 5.5, 6],
			"translation": [3, -6, -5]
		},
		"ground": {
			"rotation": [0, 0, 90],
			"translation": [5.75, -2, 3.25],
			"scale": [0.8, 0.8, 0.8]
		},
		"gui": {
			"rotation": [-35, 135, 5],
			"translation": [3.75, -9.5, 0],
			"scale": [1.25, 1.25, 1.25]
		},
		"head": {
			"translation": [0, -0.5, -0.25]
		},
		"fixed": {
			"rotation": [0, 90, 0],
			"translation": [4.5, -6.5, -0.75]
		}
	}
}