{
	"credit": "Made with Blockbench",
	"texture_size": [64, 48],
	"textures": {
		"particle": "item/bow/m16"
	},
	"elements": [
		{
			"from": [7.5, 13.75, -8],
			"to": [8.5, 14.75, -1.5],
			"rotation": {"angle": 0, "axis": "x", "origin": [9, 13.75, 2]},
			"faces": {
				"north": {"uv": [6.5, 5, 7, 5.66667], "texture": "#particle"},
				"east": {"uv": [6.5, 5, 3.25, 5.66667], "texture": "#particle"},
				"west": {"uv": [3.25, 5, 6.5, 5.66667], "texture": "#particle"},
				"up": {"uv": [3.25, 5.66667, 6.5, 6.33333], "rotation": 90, "texture": "#particle"},
				"down": {"uv": [3.25, 5.33333, 6.5, 5.66667], "rotation": 270, "texture": "#particle"}
			}
		},
		{
			"from": [8, 10.25, 11],
			"to": [8, 11.75, 13.5],
			"rotation": {"angle": 0, "axis": "x", "origin": [9.5, 9.25, 20]},
			"faces": {
				"north": {"uv": [0, 0, 0, 2], "texture": "#particle"},
				"east": {"uv": [3.25, 10, 2, 11], "texture": "#particle"},
				"south": {"uv": [0, 0, 0, 2], "texture": "#particle"},
				"west": {"uv": [2, 10, 3.25, 11], "texture": "#particle"},
				"up": {"uv": [0, 0, 0, 6], "texture": "#particle"},
				"down": {"uv": [0, 0, 0, 6], "texture": "#particle"}
			}
		},
		{
			"from": [8, 14.75, -3],
			"to": [8, 17.25, -1.5],
			"rotation": {"angle": 0, "axis": "x", "origin": [9.5, 11.5, 10]},
			"faces": {
				"north": {"uv": [0, 0, 0, 2], "texture": "#particle"},
				"east": {"uv": [5.25, 6.33333, 4.5, 8], "texture": "#particle"},
				"south": {"uv": [0, 0, 0, 2], "texture": "#particle"},
				"west": {"uv": [4.5, 6.33333, 5.25, 8], "texture": "#particle"},
				"up": {"uv": [0, 0, 0, 6], "texture": "#particle"},
				"down": {"uv": [0, 0, 0, 6], "texture": "#particle"}
			}
		},
		{
			"from": [8, 14.75, 9],
			"to": [8, 17.75, 15.5],
			"rotation": {"angle": 0, "axis": "x", "origin": [9.5, 11.5, 22]},
			"faces": {
				"north": {"uv": [0, 0, 0, 2], "texture": "#particle"},
				"east": {"uv": [3.25, 5.33333, 0, 7.33333], "texture": "#particle"},
				"south": {"uv": [0, 0, 0, 2], "texture": "#particle"},
				"west": {"uv": [0, 5.33333, 3.25, 7.33333], "texture": "#particle"},
				"up": {"uv": [0, 0, 0, 6], "texture": "#particle"},
				"down": {"uv": [0, 0, 0, 6], "texture": "#particle"}
			}
		},
		{
			"from": [8, 14.75, 15.5],
			"to": [8, 15.75, 16.5],
			"rotation": {"angle": 0, "axis": "x", "origin": [9.5, 11.5, 28.5]},
			"faces": {
				"north": {"uv": [0, 0, 0, 2], "texture": "#particle"},
				"east": {"uv": [2, 11.33333, 1.5, 12], "texture": "#particle"},
				"south": {"uv": [0, 0, 0, 2], "texture": "#particle"},
				"west": {"uv": [1.5, 11.33333, 2, 12], "texture": "#particle"},
				"up": {"uv": [0, 0, 0, 6], "texture": "#particle"},
				"down": {"uv": [0, 0, 0, 6], "texture": "#particle"}
			}
		},
		{
			"from": [7, 14.75, 16.5],
			"to": [9, 15.75, 16.5],
			"rotation": {"angle": 0, "axis": "x", "origin": [8.5, 11.5, 29.5]},
			"faces": {
				"north": {"uv": [1, 11.33333, 0, 12], "texture": "#particle"},
				"east": {"uv": [4.25, 5.66667, 3.5, 6.33333], "texture": "#particle"},
				"south": {"uv": [0, 11.33333, 1, 12], "texture": "#particle"},
				"west": {"uv": [3.5, 5.66667, 4.25, 6.33333], "texture": "#particle"},
				"up": {"uv": [0, 0, 0, 6], "texture": "#particle"},
				"down": {"uv": [0, 0, 0, 6], "texture": "#particle"}
			}
		},
		{
			"from": [7.25, 12.75, 17],
			"to": [8.75, 14.75, 20.5],
			"rotation": {"angle": 22.5, "axis": "x", "origin": [8, 12.75, 17]},
			"faces": {
				"east": {"uv": [10.25, 3.66667, 8.5, 5], "texture": "#particle"},
				"west": {"uv": [8.5, 3.66667, 10.25, 5], "texture": "#particle"},
				"down": {"uv": [8.5, 5, 10.25, 6], "rotation": 90, "texture": "#particle"}
			}
		},
		{
			"from": [7.25, 12.75, 20.5],
			"to": [8.75, 15.25, 23.5],
			"rotation": {"angle": 22.5, "axis": "x", "origin": [8, 12.75, 17]},
			"faces": {
				"east": {"uv": [11.75, 3.33333, 10.25, 5], "texture": "#particle"},
				"west": {"uv": [10.25, 3.33333, 11.75, 5], "texture": "#particle"},
				"down": {"uv": [10.25, 5, 11.75, 6], "rotation": 270, "texture": "#particle"}
			}
		},
		{
			"from": [7.25, 7.75, 12.75],
			"to": [8.75, 11.75, 14.75],
			"rotation": {"angle": -22.5, "axis": "x", "origin": [7.25, 11.75, 12.75]},
			"faces": {
				"north": {"uv": [3.75, 7.33333, 4.5, 10], "texture": "#particle"},
				"east": {"uv": [3, 7.33333, 2, 10], "texture": "#particle"},
				"south": {"uv": [3, 7.33333, 3.75, 10], "texture": "#particle"},
				"west": {"uv": [2, 7.33333, 3, 10], "texture": "#particle"},
				"up": {"uv": [0, 0, 0, 0], "texture": "#particle"},
				"down": {"uv": [2, 9.66667, 3, 10], "rotation": 270, "texture": "#particle"}
			}
		},
		{
			"from": [7.25, 7.25, 9],
			"to": [8.75, 11.75, 11.5],
			"rotation": {"angle": 22.5, "axis": "x", "origin": [7.25, 11.75, 11.5]},
			"faces": {
				"north": {"uv": [1.25, 7.33333, 2, 10.33333], "texture": "#particle"},
				"east": {"uv": [1.25, 7.33333, 0, 10.33333], "texture": "#particle"},
				"south": {"uv": [1.25, 7.33333, 2, 10.33333], "texture": "#particle"},
				"west": {"uv": [0, 7.33333, 1.25, 10.33333], "texture": "#particle"},
				"down": {"uv": [0, 10.33333, 1.25, 11.33333], "rotation": 270, "texture": "#particle"}
			}
		},
		{
			"from": [7, 11.75, 9],
			"to": [9, 14.75, 15.5],
			"rotation": {"angle": 0, "axis": "x", "origin": [8.5, 14.25, 18]},
			"faces": {
				"north": {"uv": [0, 0, 0.25, 2], "texture": "#particle"},
				"east": {"uv": [3.25, 3.33333, 0, 5.33333], "texture": "#particle"},
				"south": {"uv": [3, 0, 3.25, 2], "texture": "#particle"},
				"west": {"uv": [0, 0, 3.25, 2], "texture": "#particle"},
				"up": {"uv": [0, 2, 3.25, 3.33333], "rotation": 90, "texture": "#particle"},
				"down": {"uv": [0, 1.66667, 3.25, 2], "rotation": 270, "texture": "#particle"}
			}
		},
		{
			"from": [6.75, 12.75, -1.5],
			"to": [9.25, 15.25, 9],
			"rotation": {"angle": 0, "axis": "x", "origin": [8.25, 15.25, 7.5]},
			"faces": {
				"north": {"uv": [8.5, 0, 9.75, 1.66667], "texture": "#particle"},
				"east": {"uv": [8.5, 0, 3.25, 1.66667], "texture": "#particle"},
				"south": {"uv": [8.5, 0, 9.75, 1.66667], "texture": "#particle"},
				"west": {"uv": [3.25, 0, 8.5, 1.66667], "texture": "#particle"},
				"up": {"uv": [3.5, 1.66667, 8.5, 3.33333], "rotation": 90, "texture": "#particle"},
				"down": {"uv": [3.25, 3.33333, 8.5, 5], "rotation": 270, "texture": "#particle"}
			}
		},
		{
			"from": [7, 12.75, 15.5],
			"to": [9, 14.75, 23],
			"rotation": {"angle": 0, "axis": "x", "origin": [8.5, 12.75, 24.5]},
			"faces": {
				"east": {"uv": [13.5, 0, 9.75, 1.33333], "texture": "#particle"},
				"west": {"uv": [9.75, 0, 13.5, 1.33333], "texture": "#particle"},
				"up": {"uv": [9.75, 1.33333, 13.5, 2.66667], "rotation": 90, "texture": "#particle"},
				"down": {"uv": [9.75, 1, 13.5, 1.33333], "rotation": 270, "texture": "#particle"}
			}
		},
		{
			"from": [7, 10.25, 23],
			"to": [9, 14.75, 24],
			"rotation": {"angle": 0, "axis": "x", "origin": [8.5, 10.25, 32]},
			"faces": {
				"north": {"uv": [13.5, 0, 13.75, 3], "texture": "#particle"},
				"east": {"uv": [14, 0, 13.5, 3], "texture": "#particle"},
				"south": {"uv": [14, 0, 15, 3], "texture": "#particle"},
				"west": {"uv": [13.5, 0, 14, 3], "texture": "#particle"},
				"up": {"uv": [13.5, 0, 14, 0.33333], "rotation": 90, "texture": "#particle"},
				"down": {"uv": [13.5, 2.66667, 14, 3], "rotation": 270, "texture": "#particle"}
			}
		}
	],
	"display": {
		"thirdperson_righthand": {
			"rotation": [1, -0.5, 0.5],
			"translation": [-0.25, -3.5, -3.5],
			"scale": [0.8, 0.8, 0.8]
		},
		"thirdperson_lefthand": {
			"rotation": [1, -0.5, 0.5],
			"translation": [-0.25, -3.5, -3.5],
			"scale": [0.8, 0.8, 0.8]
		},
		"firstperson_righthand": {
			"rotation": [22.5, 5, 6],
			"translation": [3, -0.75, -10.5]
		},
		"firstperson_lefthand": {
			"rotation": [22.5, 5, 6],
			"translation": [3, -0.75, -10.5]
		},
		"ground": {
			"rotation": [0, 0, 90],
			"translation": [3.75, -1.5, -1],
			"scale": [0.8, 0.8, 0.8]
		},
		"gui": {
			"rotation": [-35, 145, 5],
			"translation": [-0.5, -3, 0],
			"scale": [0.73, 0.73, 0.73]
		},
		"head": {
			"rotation": [90, 20, 90],
			"translation": [2.25, -2, 7.5]
		},
		"fixed": {
			"rotation": [0, 90, 0],
			"translation": [0, -4.5, -1]
		}
	}
}