{
	"credit": "Made with Blockbench",
	"textures": {
		"0": "item/bow/scout_pistol",
		"particle": "item/bow/scout_pistol"
	},
	"elements": [
		{
			"from": [7.26, 13.75, 2.75],
			"to": [8.74, 14.25, 7.75],
			"rotation": {"angle": 0, "axis": "y", "origin": [15.25, 21.25, 10.75]},
			"faces": {
				"north": {"uv": [5, 6, 6.5, 6.5], "texture": "#0"},
				"east": {"uv": [5, 6, 0, 6.5], "texture": "#0"},
				"west": {"uv": [0, 6, 5, 6.5], "texture": "#0"},
				"down": {"uv": [0, 6.5, 5, 8], "rotation": 270, "texture": "#0"}
			}
		},
		{
			"from": [8, 12.25, 4.75],
			"to": [8, 13.75, 7.25],
			"rotation": {"angle": 0, "axis": "y", "origin": [16, 19.75, 12.75]},
			"faces": {
				"north": {"uv": [0, 0, 0, 2.5], "texture": "#0"},
				"east": {"uv": [10, 2.5, 7.5, 4], "texture": "#0"},
				"south": {"uv": [0, 0, 0, 2.5], "texture": "#0"},
				"west": {"uv": [7.5, 2.5, 10, 4], "texture": "#0"},
				"up": {"uv": [0, 0, 0, 2.5], "texture": "#0"},
				"down": {"uv": [0, 0, 0, 2.5], "texture": "#0"}
			}
		},
		{
			"from": [8, 16.25, 2.75],
			"to": [8, 16.75, 3.75],
			"rotation": {"angle": 0, "axis": "y", "origin": [16, 24.25, 10.75]},
			"faces": {
				"north": {"uv": [0, 0, 0, 1], "texture": "#0"},
				"east": {"uv": [7.5, 2, 8.5, 2.5], "texture": "#0"},
				"south": {"uv": [0, 0, 0, 1], "texture": "#0"},
				"west": {"uv": [7.5, 2, 8.5, 2.5], "rotation": 180, "texture": "#0"},
				"up": {"uv": [0, 0, 0, 1], "texture": "#0"},
				"down": {"uv": [0, 0, 0, 1], "texture": "#0"}
			}
		},
		{
			"from": [7, 14.25, 2.25],
			"to": [9, 16.25, 9.75],
			"rotation": {"angle": 0, "axis": "y", "origin": [14.75, 22.25, 10.25]},
			"faces": {
				"north": {"uv": [7.5, 0, 9.5, 2], "texture": "#0"},
				"east": {"uv": [16, 4, 8.5, 6], "texture": "#0"},
				"south": {"uv": [7, 0, 7.5, 2], "texture": "#0"},
				"west": {"uv": [0, 4, 7.5, 6], "texture": "#0"},
				"up": {"uv": [8.5, 6, 16, 8], "rotation": 90, "texture": "#0"},
				"down": {"uv": [0, 5.5, 7.5, 6], "rotation": 270, "texture": "#0"}
			}
		},
		{
			"from": [7.25, 10.75, 5.75],
			"to": [8.75, 15.25, 8.75],
			"rotation": {"angle": -22.5, "axis": "x", "origin": [8.25, 16.25, 9.75]},
			"faces": {
				"north": {"uv": [3, 8, 4.5, 12.5], "texture": "#0"},
				"east": {"uv": [3, 8, 0, 12.5], "texture": "#0"},
				"south": {"uv": [4.5, 8, 6, 12.5], "texture": "#0"},
				"west": {"uv": [0, 8, 3, 12.5], "texture": "#0"},
				"down": {"uv": [0, 12.5, 3, 14], "rotation": 270, "texture": "#0"}
			}
		},
		{
			"from": [7.25, 14.25, 8.75],
			"to": [8.75, 16.25, 9.75],
			"rotation": {"angle": -22.5, "axis": "x", "origin": [8.25, 16.25, 9.75]},
			"faces": {
				"east": {"uv": [10.5, 0, 9.5, 2], "texture": "#0"},
				"south": {"uv": [10.5, 0, 12, 2], "texture": "#0"},
				"west": {"uv": [9.5, 0, 10.5, 2], "texture": "#0"},
				"down": {"uv": [12, 0, 13, 1.5], "rotation": 270, "texture": "#0"}
			}
		}
	],
	"display": {
		"thirdperson_righthand": {
			"rotation": [1.5, 0.5, 3],
			"translation": [0, -4.5, 1.5],
			"scale": [0.8, 0.8, 0.8]
		},
		"thirdperson_lefthand": {
			"rotation": [1.5, 0.5, 3],
			"translation": [0, -4.5, 1.5],
			"scale": [0.8, 0.8, 0.8]
		},
		"firstperson_righthand": {
			"rotation": [22, 5, 6],
			"translation": [3, -3.25, -6.25]
		},
		"firstperson_lefthand": {
			"rotation": [22, 5, 6],
			"translation": [3, -3.25, -6.25]
		},
		"ground": {
			"rotation": [0, 0, 90],
			"translation": [4.5, -2, 1],
			"scale": [0.8, 0.8, 0.8]
		},
		"gui": {
			"rotation": [-35, 135, 5],
			"translation": [1, -7.25, 0],
			"scale": [1.4, 1.4, 1.4]
		},
		"head": {
			"translation": [0, 0.25, -0.75]
		},
		"fixed": {
			"rotation": [0, 90, 0],
			"translation": [1.5, -5.25, -0.25]
		}
	}
}