{
	"credit": "Made with Blockbench",
	"texture_size": [32, 48],
	"textures": {
		"0": "item/bow/malorian",
		"particle": "item/bow/malorian"
	},
	"elements": [
		{
			"from": [8, 13.25, 3.25],
			"to": [8, 14.75, 6.25],
			"rotation": {"angle": 0, "axis": "y", "origin": [16, 20.75, 10.5]},
			"faces": {
				"north": {"uv": [0, 0, 0, 2.5], "texture": "#0"},
				"east": {"uv": [12, 2, 9, 3], "texture": "#0"},
				"south": {"uv": [0, 0, 0, 2.5], "texture": "#0"},
				"west": {"uv": [9, 2, 12, 3], "texture": "#0"},
				"up": {"uv": [0, 0, 0, 2.5], "texture": "#0"},
				"down": {"uv": [0, 0, 0, 2.5], "texture": "#0"}
			}
		},
		{
			"from": [8, 17.75, -5.25],
			"to": [8, 18.25, -4.25],
			"rotation": {"angle": 0, "axis": "y", "origin": [16, 25.25, 5.75]},
			"faces": {
				"north": {"uv": [0, 0, 0, 1], "texture": "#0"},
				"east": {"uv": [10, 0, 9, 0.33333], "texture": "#0"},
				"south": {"uv": [0, 0, 0, 1], "texture": "#0"},
				"west": {"uv": [9, 0, 10, 0.33333], "texture": "#0"},
				"up": {"uv": [0, 0, 0, 1], "texture": "#0"},
				"down": {"uv": [0, 0, 0, 1], "texture": "#0"}
			}
		},
		{
			"from": [8, 17.25, 1.75],
			"to": [8, 18.25, 4.25],
			"rotation": {"angle": 0, "axis": "y", "origin": [16, 25.25, 5.75]},
			"faces": {
				"north": {"uv": [0, 0, 0, 1], "texture": "#0"},
				"east": {"uv": [14.5, 2, 12, 2.66666], "texture": "#0"},
				"south": {"uv": [0, 0, 0, 1], "texture": "#0"},
				"west": {"uv": [12, 2, 14.5, 2.66666], "texture": "#0"},
				"up": {"uv": [0, 0, 0, 1], "texture": "#0"},
				"down": {"uv": [0, 0, 0, 1], "texture": "#0"}
			}
		},
		{
			"from": [7, 14.75, 3.25],
			"to": [9, 17.25, 8.75],
			"rotation": {"angle": 0, "axis": "y", "origin": [15, 23.25, 6.75]},
			"faces": {
				"east": {"uv": [14.5, 0.33333, 9, 2], "texture": "#0"},
				"south": {"uv": [14, 0.33333, 14.5, 2], "texture": "#0"},
				"west": {"uv": [9, 0.33333, 14.5, 2], "texture": "#0"},
				"up": {"uv": [9, 3, 14.5, 4.33333], "rotation": 90, "texture": "#0"},
				"down": {"uv": [9, 4.33333, 14.5, 5.66667], "rotation": 270, "texture": "#0"}
			}
		},
		{
			"from": [7.25, 14.25, -5.75],
			"to": [8.75, 15.75, -0.25],
			"rotation": {"angle": 0, "axis": "y", "origin": [15, 23.25, 6.75]},
			"faces": {
				"north": {"uv": [14.5, 0, 16, 0.99999], "texture": "#0"},
				"east": {"uv": [5.5, 1.33334, 0, 2.33333], "texture": "#0"},
				"west": {"uv": [0, 1.33334, 5.5, 2.33333], "texture": "#0"},
				"down": {"uv": [0, 2.33334, 5.5, 3.33333], "rotation": 270, "texture": "#0"}
			}
		},
		{
			"from": [6.25, 13.75, -3.75],
			"to": [7.25, 14.75, -1.25],
			"rotation": {"angle": 0, "axis": "y", "origin": [15, 23.25, 6.75]},
			"faces": {
				"north": {"uv": [11.5, 5.66667, 12.5, 6.33333], "texture": "#0"},
				"east": {"uv": [11.5, 5.66667, 9, 6.33333], "texture": "#0"},
				"south": {"uv": [11.5, 6.33333, 12.5, 7], "texture": "#0"},
				"west": {"uv": [9, 5.66667, 11.5, 6.33333], "texture": "#0"},
				"up": {"uv": [9, 6.33333, 11.5, 7], "rotation": 90, "texture": "#0"},
				"down": {"uv": [9, 7, 11.5, 7.66666], "rotation": 270, "texture": "#0"}
			}
		},
		{
			"from": [7, 12.75, -0.25],
			"to": [9, 15.75, 3.25],
			"rotation": {"angle": 0, "axis": "y", "origin": [15, 23.25, 6.75]},
			"faces": {
				"north": {"uv": [5.5, 1.33334, 6, 3.33334], "texture": "#0"},
				"east": {"uv": [9, 1.33334, 5.5, 3.33334], "texture": "#0"},
				"south": {"uv": [5.5, 1.33334, 6, 3.33334], "texture": "#0"},
				"west": {"uv": [5.5, 1.33334, 9, 3.33334], "texture": "#0"},
				"down": {"uv": [4, 4.66667, 7.5, 6], "rotation": 270, "texture": "#0"}
			}
		},
		{
			"from": [7, 15.75, -5.75],
			"to": [9, 17.75, 3.25],
			"rotation": {"angle": 0, "axis": "y", "origin": [15, 23.25, 6.75]},
			"faces": {
				"north": {"uv": [0, 4.66667, 2, 6], "texture": "#0"},
				"east": {"uv": [9, 0, 0, 1.33333], "texture": "#0"},
				"south": {"uv": [2, 4.66667, 4, 6], "texture": "#0"},
				"west": {"uv": [0, 0, 9, 1.33333], "texture": "#0"},
				"up": {"uv": [0, 3.33333, 9, 4.66667], "rotation": 90, "texture": "#0"},
				"down": {"uv": [0, 1, 9, 1.33333], "rotation": 270, "texture": "#0"}
			}
		},
		{
			"from": [7.25, 10.25, 4.75],
			"to": [8.75, 16.75, 7.75],
			"rotation": {"angle": -22.5, "axis": "x", "origin": [8.75, 17.25, 8.75]},
			"faces": {
				"north": {"uv": [6, 6.33333, 7.5, 10.66667], "texture": "#0"},
				"east": {"uv": [0, 10.66667, 3, 6.33333], "rotation": 180, "texture": "#0"},
				"south": {"uv": [4.5, 6.33333, 6, 10.66667], "texture": "#0"},
				"west": {"uv": [0, 6.33333, 3, 10.66667], "texture": "#0"},
				"down": {"uv": [0, 10.66667, 3, 11.66667], "rotation": 270, "texture": "#0"}
			}
		},
		{
			"from": [7.25, 14.75, 7.75],
			"to": [8.75, 17.25, 8.75],
			"rotation": {"angle": -22.5, "axis": "x", "origin": [8.75, 17.25, 8.75]},
			"faces": {
				"east": {"uv": [4, 6, 3, 7.66667], "texture": "#0"},
				"south": {"uv": [14.5, 2.66667, 16, 4.33334], "texture": "#0"},
				"west": {"uv": [3, 6, 4, 7.66667], "texture": "#0"},
				"down": {"uv": [3, 7.33333, 4, 7.66667], "rotation": 270, "texture": "#0"}
			}
		}
	],
	"display": {
		"thirdperson_righthand": {
			"rotation": [3, 0.5, 3],
			"translation": [0, -5.25, 3.25],
			"scale": [0.8, 0.8, 0.8]
		},
		"thirdperson_lefthand": {
			"rotation": [3, 0.5, 3],
			"translation": [0, -5.25, 3.25],
			"scale": [0.8, 0.8, 0.8]
		},
		"firstperson_righthand": {
			"rotation": [22, 5.5, 6],
			"translation": [1.5, -5, -5]
		},
		"firstperson_lefthand": {
			"rotation": [22, 5.5, 6],
			"translation": [1.5, -5, -5]
		},
		"ground": {
			"rotation": [0, 0, 90],
			"translation": [4.75, -2, 4.5],
			"scale": [0.8, 0.8, 0.8]
		},
		"gui": {
			"rotation": [-35, 135, 5],
			"translation": [4, -7.75, 0],
			"scale": [1.05, 1.05, 1.05]
		},
		"head": {
			"translation": [0, -0.5, -0.25]
		},
		"fixed": {
			"rotation": [0, 90, 0],
			"translation": [6, -5.75, -0.25]
		}
	}
}