{
	"credit": "Made with Blockbench",
	"texture_size": [48, 48],
	"textures": {
		"0": "item/bow/nmauser",
		"particle": "item/bow/nmauser"
	},
	"elements": [
		{
			"from": [7, 13.5, 8.5],
			"to": [9, 15, 12],
			"rotation": {"angle": 0, "axis": "y", "origin": [15, 21.5, 16.5]},
			"faces": {
				"east": {"uv": [4.33333, 2, 2, 3], "texture": "#0"},
				"south": {"uv": [4, 2, 4.33333, 3], "texture": "#0"},
				"west": {"uv": [2, 2, 4.33333, 3], "texture": "#0"},
				"up": {"uv": [2, 2, 4.33333, 2.33333], "rotation": 90, "texture": "#0"},
				"down": {"uv": [2, 2.66667, 4.33333, 3], "rotation": 270, "texture": "#0"}
			}
		},
		{
			"from": [7.25, 15, 5],
			"to": [8.75, 16.5, 11.5],
			"rotation": {"angle": 0, "axis": "y", "origin": [15.25, 23, 13]},
			"faces": {
				"north": {"uv": [0, 0, 0.33333, 1], "texture": "#0"},
				"east": {"uv": [4.33333, 0, 0, 1], "texture": "#0"},
				"south": {"uv": [4.33333, 0, 5.33333, 1], "texture": "#0"},
				"west": {"uv": [0, 0, 4.33333, 1], "texture": "#0"},
				"up": {"uv": [0, 1, 4.33333, 2], "rotation": 90, "texture": "#0"},
				"down": {"uv": [0, 0.66667, 4.33333, 1], "rotation": 270, "texture": "#0"}
			}
		},
		{
			"from": [8, 11.5, 8.5],
			"to": [8, 13.5, 10.5],
			"rotation": {"angle": 0, "axis": "y", "origin": [16, 19.5, 16.5]},
			"faces": {
				"north": {"uv": [0, 0, 0, 2.5], "texture": "#0"},
				"east": {"uv": [3.33333, 3, 2, 4.33333], "texture": "#0"},
				"south": {"uv": [0, 0, 0, 2.5], "texture": "#0"},
				"west": {"uv": [2, 3, 3.33333, 4.33333], "texture": "#0"},
				"up": {"uv": [0, 0, 0, 2.5], "texture": "#0"},
				"down": {"uv": [0, 0, 0, 2.5], "texture": "#0"}
			}
		},
		{
			"from": [8, 16.25, -1.5],
			"to": [8, 17.25, 0],
			"rotation": {"angle": 0, "axis": "y", "origin": [16, 24.25, 6.5]},
			"faces": {
				"north": {"uv": [0, 0, 0, 1], "texture": "#0"},
				"east": {"uv": [6, 1.33333, 5, 2], "texture": "#0"},
				"south": {"uv": [0, 0, 0, 1], "texture": "#0"},
				"west": {"uv": [5, 1.33333, 6, 2], "texture": "#0"},
				"up": {"uv": [0, 0, 0, 1], "texture": "#0"},
				"down": {"uv": [0, 0, 0, 1], "texture": "#0"}
			}
		},
		{
			"from": [8, 14.5, 11.5],
			"to": [8, 16.5, 13],
			"rotation": {"angle": 22.5, "axis": "x", "origin": [8, 14.5, 11.5]},
			"faces": {
				"north": {"uv": [0, 0, 0, 1], "texture": "#0"},
				"east": {"uv": [4.33333, 3, 3.33333, 4.33333], "texture": "#0"},
				"south": {"uv": [0, 0, 0, 1], "texture": "#0"},
				"west": {"uv": [3.33333, 3, 4.33333, 4.33333], "texture": "#0"},
				"up": {"uv": [0, 0, 0, 1], "texture": "#0"},
				"down": {"uv": [0, 0, 0, 1], "texture": "#0"}
			}
		},
		{
			"from": [7.5, 15.25, -2],
			"to": [8.5, 16.25, 5],
			"rotation": {"angle": 0, "axis": "y", "origin": [15.5, 23.25, 6]},
			"faces": {
				"north": {"uv": [4.33333, 1, 5, 1.66667], "texture": "#0"},
				"east": {"uv": [10, 0, 5.33333, 0.66667], "texture": "#0"},
				"south": {"uv": [7.5, 1.5, 10, 3], "texture": "#0"},
				"west": {"uv": [5.33333, 0, 10, 0.66667], "texture": "#0"},
				"up": {"uv": [5.33333, 0.66667, 10, 1.33333], "rotation": 90, "texture": "#0"},
				"down": {"uv": [5.33333, 0.33333, 10, 0.66667], "rotation": 270, "texture": "#0"}
			}
		},
		{
			"from": [7.25, 12.5, 9.5],
			"to": [8.75, 15, 12],
			"rotation": {"angle": -22.5, "axis": "x", "origin": [8.75, 15, 12]},
			"faces": {
				"north": {"uv": [6, 1.33333, 6.33333, 3], "texture": "#0"},
				"east": {"uv": [7.66667, 1.33333, 6, 3], "texture": "#0"},
				"south": {"uv": [7.66667, 1.33333, 8.66667, 3], "texture": "#0"},
				"west": {"uv": [6, 1.33333, 7.66667, 3], "texture": "#0"}
			}
		},
		{
			"from": [7, 9, 9.25],
			"to": [9, 12.5, 12.25],
			"rotation": {"angle": -22.5, "axis": "x", "origin": [8.75, 15, 12]},
			"faces": {
				"north": {"uv": [8, 3, 9.33333, 5.33333], "texture": "#0"},
				"east": {"uv": [8, 3, 6, 5.33333], "texture": "#0"},
				"south": {"uv": [8, 3, 9.33333, 5.33333], "texture": "#0"},
				"west": {"uv": [6, 3, 8, 5.33333], "texture": "#0"},
				"up": {"uv": [6, 3, 8, 3.33333], "rotation": 90, "texture": "#0"},
				"down": {"uv": [8.66667, 1.33333, 10.66667, 2.66667], "rotation": 270, "texture": "#0"}
			}
		},
		{
			"from": [7, 11.5, 5.5],
			"to": [9, 15, 8.5],
			"rotation": {"angle": 0, "axis": "x", "origin": [8.5, 11.5, 5.75]},
			"faces": {
				"north": {"uv": [4.33333, 2, 5.66667, 4.33333], "texture": "#0"},
				"east": {"uv": [2, 2, 0, 4.33333], "texture": "#0"},
				"south": {"uv": [1.66667, 2, 2, 4.33333], "texture": "#0"},
				"west": {"uv": [0, 2, 2, 4.33333], "texture": "#0"},
				"up": {"uv": [0, 2, 2, 2.33333], "rotation": 90, "texture": "#0"},
				"down": {"uv": [0, 4.33333, 2, 5.66667], "rotation": 270, "texture": "#0"}
			}
		}
	],
	"display": {
		"thirdperson_righthand": {
			"rotation": [2.5, 0.5, 4],
			"translation": [0, -4.25, -1.5],
			"scale": [0.8, 0.8, 0.8]
		},
		"thirdperson_lefthand": {
			"rotation": [2.5, 0.5, 4],
			"translation": [0, -4.25, -1.5],
			"scale": [0.8, 0.8, 0.8]
		},
		"firstperson_righthand": {
			"rotation": [23, 4, 6.5],
			"translation": [2.75, -3.25, -6.5]
		},
		"firstperson_lefthand": {
			"rotation": [23, 4, 6.5],
			"translation": [2.75, -3.25, -6.5]
		},
		"ground": {
			"rotation": [0, 0, 90],
			"translation": [4.75, -2, 1.5],
			"scale": [0.8, 0.8, 0.8]
		},
		"gui": {
			"rotation": [-35, 135, 5],
			"translation": [1, -5.75, 0],
			"scale": [1.1, 1.1, 1.1]
		},
		"head": {
			"translation": [0, -0.5, -0.25]
		},
		"fixed": {
			"rotation": [0, 90, 0],
			"translation": [1.75, -5.5, -0.75]
		}
	}
}