{
	"credit": "Made with Blockbench",
	"texture_size": [48, 32],
	"textures": {
		"particle": "item/bow/smg"
	},
	"elements": [
		{
			"from": [7.5, 14.5, -6.25],
			"to": [8.5, 15.5, 3.25],
			"rotation": {"angle": 0, "axis": "x", "origin": [9, 14.5, 3.75]},
			"faces": {
				"north": {"uv": [6.33333, 15, 7, 16], "texture": "#particle"},
				"east": {"uv": [6.33333, 14, 0, 15], "texture": "#particle"},
				"south": {"uv": [13.75, 0, 14.25, 0.66667], "texture": "#particle"},
				"west": {"uv": [0, 14, 6.33333, 15], "texture": "#particle"},
				"up": {"uv": [0, 15, 6.33333, 16], "rotation": 90, "texture": "#particle"},
				"down": {"uv": [0, 14.5, 6.33333, 15], "rotation": 270, "texture": "#particle"}
			}
		},
		{
			"from": [8, 11, 3.25],
			"to": [8, 13, 9.75],
			"rotation": {"angle": 0, "axis": "x", "origin": [9.5, 11, 12.25]},
			"faces": {
				"north": {"uv": [0, 0, 0, 2], "texture": "#particle"},
				"east": {"uv": [14, 0, 9.66667, 2], "texture": "#particle"},
				"south": {"uv": [0, 0, 0, 2], "texture": "#particle"},
				"west": {"uv": [9.66667, 0, 14, 2], "texture": "#particle"},
				"up": {"uv": [0, 0, 0, 6], "texture": "#particle"},
				"down": {"uv": [0, 0, 0, 6], "texture": "#particle"}
			}
		},
		{
			"from": [7, 15.5, -4.75],
			"to": [9, 17.5, -4.75],
			"rotation": {"angle": 0, "axis": "x", "origin": [8.5, 15.5, 4.25]},
			"faces": {
				"north": {"uv": [2.66667, 12, 4, 14], "texture": "#particle"},
				"east": {"uv": [4.66667, 7.5, 4, 8.5], "texture": "#particle"},
				"south": {"uv": [4, 12, 2.66667, 14], "texture": "#particle"},
				"west": {"uv": [4, 7.5, 4.66667, 8.5], "texture": "#particle"},
				"up": {"uv": [0, 0, 0, 6], "texture": "#particle"},
				"down": {"uv": [0, 0, 0, 6], "texture": "#particle"}
			}
		},
		{
			"from": [7.5, 15.5, 8.25],
			"to": [7.5, 17, 11.25],
			"rotation": {"angle": 0, "axis": "x", "origin": [9, 15.5, 17.25]},
			"faces": {
				"north": {"uv": [0, 0, 0, 2], "texture": "#particle"},
				"east": {"uv": [4.66667, 6, 2.66667, 7.5], "texture": "#particle"},
				"south": {"uv": [0, 0, 0, 2], "texture": "#particle"},
				"west": {"uv": [2.66667, 6, 4.66667, 7.5], "texture": "#particle"},
				"up": {"uv": [0, 0, 0, 6], "texture": "#particle"},
				"down": {"uv": [0, 0, 0, 6], "texture": "#particle"}
			}
		},
		{
			"from": [8.5, 15.5, 8.25],
			"to": [8.5, 17, 11.25],
			"rotation": {"angle": 0, "axis": "x", "origin": [10, 15.5, 17.25]},
			"faces": {
				"north": {"uv": [0, 0, 0, 2], "texture": "#particle"},
				"east": {"uv": [4.66667, 6, 2.66667, 7.5], "texture": "#particle"},
				"south": {"uv": [0, 0, 0, 2], "texture": "#particle"},
				"west": {"uv": [2.66667, 6, 4.66667, 7.5], "texture": "#particle"},
				"up": {"uv": [0, 0, 0, 6], "texture": "#particle"},
				"down": {"uv": [0, 0, 0, 6], "texture": "#particle"}
			}
		},
		{
			"from": [6, 14.5, 7.75],
			"to": [7, 15, 7.75],
			"rotation": {"angle": 0, "axis": "x", "origin": [7.5, 10.5, 16.75]},
			"faces": {
				"north": {"uv": [4, 13.5, 4.66667, 14], "rotation": 180, "texture": "#particle"},
				"east": {"uv": [0, 10.33333, 2.5, 11.33333], "texture": "#particle"},
				"south": {"uv": [4.66667, 13.5, 5.33334, 14], "texture": "#particle"},
				"west": {"uv": [2.5, 10.33333, 0, 11.33333], "texture": "#particle"},
				"up": {"uv": [0, 0, 0, 6], "texture": "#particle"},
				"down": {"uv": [0, 0, 0, 6], "texture": "#particle"}
			}
		},
		{
			"from": [7.25, 8.5, 9.25],
			"to": [8.75, 13, 11.25],
			"rotation": {"angle": -22.5, "axis": "x", "origin": [7.25, 13, 9.25]},
			"faces": {
				"north": {"uv": [7.66667, 0, 8.66667, 4.5], "texture": "#particle"},
				"east": {"uv": [7.66666, 0, 6.33333, 4.5], "texture": "#particle"},
				"south": {"uv": [8.66667, 0, 9.66667, 4.5], "texture": "#particle"},
				"west": {"uv": [6.33333, 0, 7.66666, 4.5], "texture": "#particle"},
				"up": {"uv": [6.33333, 0, 7.66667, 0.5], "rotation": 90, "texture": "#particle"},
				"down": {"uv": [6.33333, 4, 7.66666, 4.5], "rotation": 270, "texture": "#particle"}
			}
		},
		{
			"from": [7, 13, 3.25],
			"to": [9, 15.5, 11.25],
			"rotation": {"angle": 0, "axis": "x", "origin": [8.75, 14.5, 5.25]},
			"faces": {
				"north": {"uv": [14.66667, 0, 16, 2.5], "texture": "#particle"},
				"east": {"uv": [11.33333, 9, 6, 11.5], "texture": "#particle"},
				"south": {"uv": [14.66667, 2.5, 16, 5], "texture": "#particle"},
				"west": {"uv": [0, 0, 5.33333, 2.5], "texture": "#particle"},
				"up": {"uv": [6, 4.5, 11.33333, 6.5], "rotation": 90, "texture": "#particle"},
				"down": {"uv": [0, 2, 5.33333, 2.5], "rotation": 270, "texture": "#particle"}
			}
		},
		{
			"from": [7.5, 5, 4.25],
			"to": [8.5, 13, 6.25],
			"rotation": {"angle": 0, "axis": "x", "origin": [8.5, 10, 7.25]},
			"faces": {
				"north": {"uv": [1.33333, 6, 2, 14], "texture": "#particle"},
				"east": {"uv": [1.33333, 6, 0, 14], "texture": "#particle"},
				"south": {"uv": [2, 6, 2.66667, 14], "texture": "#particle"},
				"west": {"uv": [0, 6, 1.33333, 14], "texture": "#particle"},
				"up": {"uv": [0, 6, 1.33333, 6.5], "texture": "#particle"},
				"down": {"uv": [0, 13.5, 1.33333, 14], "rotation": 270, "texture": "#particle"}
			}
		}
	],
	"display": {
		"thirdperson_righthand": {
			"rotation": [2, -1, -1.5],
			"translation": [-0.25, -3.75, -0.5],
			"scale": [0.8, 0.8, 0.8]
		},
		"thirdperson_lefthand": {
			"rotation": [2, -1, -1.5],
			"translation": [-0.25, -3.75, -0.5],
			"scale": [0.8, 0.8, 0.8]
		},
		"firstperson_righthand": {
			"rotation": [22, 5, 6],
			"translation": [3, -3.25, -6.25]
		},
		"firstperson_lefthand": {
			"rotation": [22, 5, 6],
			"translation": [3, -3.25, -6.25]
		},
		"ground": {
			"rotation": [0, 0, 90],
			"translation": [3, -1.75, 3],
			"scale": [0.8, 0.8, 0.8]
		},
		"gui": {
			"rotation": [-35, 145, 5],
			"translation": [2, -5.75, 0],
			"scale": [0.95, 0.95, 0.95]
		},
		"head": {
			"rotation": [90, 20, 90],
			"translation": [5.25, -6.25, 7.5]
		},
		"fixed": {
			"rotation": [0, 90, 0],
			"translation": [4.75, -4.5, -1]
		}
	}
}