{
	"credit": "Made with Blockbench",
	"texture_size": [64, 64],
	"textures": {
		"0": "item/bow/stickybomb_launcher",
		"particle": "item/bow/stickybomb_launcher"
	},
	"elements": [
		{
			"from": [6.5, 13, 12],
			"to": [9.5, 16, 18],
			"rotation": {"angle": 0, "axis": "y", "origin": [6.5, 13, 12]},
			"faces": {
				"east": {"uv": [11, 10.5, 8, 12], "texture": "#0"},
				"south": {"uv": [11, 10.5, 12.5, 12], "texture": "#0"},
				"west": {"uv": [13, 11.5, 16, 13], "texture": "#0"},
				"up": {"uv": [8, 7.5, 11, 9], "rotation": 90, "texture": "#0"},
				"down": {"uv": [8, 10.25, 11, 10.5], "rotation": 270, "texture": "#0"}
			}
		},
		{
			"from": [6.5, 13.5, 18],
			"to": [9.5, 16, 19],
			"rotation": {"angle": 0, "axis": "y", "origin": [6.75, 13.25, 18]},
			"faces": {
				"east": {"uv": [11.5, 3.75, 11, 5], "texture": "#0"},
				"west": {"uv": [11, 3.75, 11.5, 5], "texture": "#0"},
				"up": {"uv": [11.5, 3.75, 12, 5.25], "rotation": 90, "texture": "#0"}
			}
		},
		{
			"from": [9.499, 13.499, 18],
			"to": [6.501, 15.999, 19],
			"rotation": {"angle": 0, "axis": "y", "origin": [9.75, 13.25, 18]},
			"faces": {
				"east": {"uv": [12.5, 3.75, 12, 5], "texture": "#0"},
				"west": {"uv": [12, 3.75, 12.5, 5], "texture": "#0"},
				"up": {"uv": [12.5, 5.25, 13, 3.75], "rotation": 90, "texture": "#0"}
			}
		},
		{
			"from": [7.2, 16.75, -1.5],
			"to": [7.3, 18.75, 0.5],
			"rotation": {"angle": 0, "axis": "y", "origin": [7.15, 16.75, -1.5]},
			"faces": {
				"east": {"uv": [12, 12, 13, 13], "texture": "#0"},
				"west": {"uv": [12, 12, 13, 13], "texture": "#0"}
			}
		},
		{
			"from": [8.7, 16.75, -1.5],
			"to": [8.8, 18.75, 0.5],
			"rotation": {"angle": 0, "axis": "y", "origin": [8.65, 16.75, -1.5]},
			"faces": {
				"east": {"uv": [12, 12, 13, 13], "texture": "#0"},
				"west": {"uv": [12, 12, 13, 13], "texture": "#0"}
			}
		},
		{
			"from": [7.95, 10.5, 11],
			"to": [8.05, 13, 15],
			"rotation": {"angle": 0, "axis": "y", "origin": [8, 12.5, 11]},
			"faces": {
				"east": {"uv": [12, 12, 10, 13.25], "texture": "#0"},
				"west": {"uv": [10, 12, 12, 13.25], "texture": "#0"}
			}
		},
		{
			"from": [3.5, 9.5, 5.5],
			"to": [3.6, 13, 10.5],
			"rotation": {"angle": -22.5, "axis": "z", "origin": [3.5, 13, 5.5]},
			"faces": {
				"east": {"uv": [13, 3.75, 15.5, 5.5], "texture": "#0"},
				"west": {"uv": [13, 3.75, 15.5, 5.5], "texture": "#0"}
			}
		},
		{
			"from": [5, 14.5, 14.5],
			"to": [6.5, 15.5, 15.5],
			"rotation": {"angle": -22.5, "axis": "z", "origin": [6.5, 14.5, 12.5]},
			"faces": {
				"north": {"uv": [5.5, 11.25, 5, 12], "rotation": 90, "texture": "#0"},
				"south": {"uv": [5.5, 12, 5, 11.25], "rotation": 90, "texture": "#0"},
				"west": {"uv": [6.5, 11.25, 7, 11.75], "texture": "#0"},
				"up": {"uv": [5.5, 12, 6, 11.25], "rotation": 90, "texture": "#0"},
				"down": {"uv": [6.5, 12, 6, 11.25], "rotation": 90, "texture": "#0"}
			}
		},
		{
			"from": [7.25, 7.5, 14],
			"to": [8.75, 13, 17],
			"rotation": {"angle": -22.5, "axis": "x", "origin": [7.25, 13, 14]},
			"faces": {
				"north": {"uv": [14.5, 13.25, 14.75, 16], "texture": "#0"},
				"east": {"uv": [16, 13.25, 14.5, 16], "texture": "#0"},
				"south": {"uv": [13.75, 13.25, 14.5, 16], "texture": "#0"},
				"west": {"uv": [14.5, 13.25, 16, 16], "texture": "#0"},
				"down": {"uv": [14.5, 15.75, 16, 16], "rotation": 270, "texture": "#0"}
			}
		},
		{
			"from": [7.251, 7.25, -1],
			"to": [8.749, 10.75, 1.5],
			"rotation": {"angle": -22.5, "axis": "x", "origin": [7.25, 10.75, -1]},
			"faces": {
				"north": {"uv": [12, 13.75, 12.25, 15.5], "texture": "#0"},
				"east": {"uv": [13.25, 13.75, 12, 15.5], "texture": "#0"},
				"south": {"uv": [13, 13.75, 13.25, 15.5], "texture": "#0"},
				"west": {"uv": [12, 13.75, 13.25, 15.5], "texture": "#0"},
				"down": {"uv": [12, 15.25, 13.25, 15.5], "rotation": 90, "texture": "#0"}
			}
		},
		{
			"from": [7.25, 10.75, -1],
			"to": [8.75, 12.25, 1.5],
			"rotation": {"angle": 0, "axis": "x", "origin": [7.25, 15.75, -1]},
			"faces": {
				"north": {"uv": [12, 13, 12.25, 13.75], "rotation": 270, "texture": "#0"},
				"east": {"uv": [13.25, 13, 12, 13.75], "texture": "#0"},
				"south": {"uv": [13, 13, 13.25, 13.75], "texture": "#0"},
				"west": {"uv": [12, 13, 13.25, 13.75], "texture": "#0"}
			}
		},
		{
			"from": [6, 12.5, 2],
			"to": [10, 16.5, 12],
			"rotation": {"angle": 0, "axis": "y", "origin": [6, 12.5, 2]},
			"faces": {
				"east": {"uv": [5, 14, 0, 16], "texture": "#0"},
				"south": {"uv": [10, 14, 12, 16], "texture": "#0"},
				"west": {"uv": [0, 0, 5, 2], "texture": "#0"},
				"up": {"uv": [0, 12, 5, 14], "rotation": 90, "texture": "#0"},
				"down": {"uv": [0, 6, 5, 8], "rotation": 270, "texture": "#0"}
			}
		},
		{
			"from": [5.75, 12.25, -2],
			"to": [10.25, 16.75, 2],
			"rotation": {"angle": 0, "axis": "y", "origin": [5.75, 12.25, -2.5]},
			"faces": {
				"north": {"uv": [11.75, 5.5, 14, 7.75], "texture": "#0"},
				"east": {"uv": [16, 5.5, 14, 7.75], "texture": "#0"},
				"south": {"uv": [11.75, 7.75, 14, 10], "texture": "#0"},
				"west": {"uv": [14, 5.5, 16, 7.75], "texture": "#0"},
				"up": {"uv": [14, 7.75, 16, 10], "rotation": 90, "texture": "#0"},
				"down": {"uv": [14, 7.5, 16, 7.75], "rotation": 270, "texture": "#0"}
			}
		},
		{
			"from": [3.5, 7, 5],
			"to": [11, 14.5, 11],
			"rotation": {"angle": 0, "axis": "y", "origin": [3.5, 7, 5]},
			"faces": {
				"north": {"uv": [15.5, 0, 11.75, 3.75], "texture": "#0"},
				"east": {"uv": [11, 3.75, 8, 7.5], "texture": "#0"},
				"south": {"uv": [8, 0, 11.75, 3.75], "texture": "#0"},
				"west": {"uv": [5, 3.75, 8, 7.5], "texture": "#0"},
				"up": {"uv": [5, 0, 8, 3.75], "rotation": 90, "texture": "#0"},
				"down": {"uv": [5, 7.5, 8, 11.25], "rotation": 90, "texture": "#0"}
			}
		}
	],
	"display": {
		"thirdperson_righthand": {
			"rotation": [2, 0.5, 3.5],
			"translation": [0, -3.5, -4],
			"scale": [0.8, 0.8, 0.8]
		},
		"thirdperson_lefthand": {
			"rotation": [2, 0.5, 3.5],
			"translation": [0, -3.5, -4],
			"scale": [0.8, 0.8, 0.8]
		},
		"firstperson_righthand": {
			"rotation": [23, 5, 6],
			"translation": [3.25, -1, -13]
		},
		"firstperson_lefthand": {
			"rotation": [23, 5, 6],
			"translation": [3.25, -1, -13]
		},
		"ground": {
			"rotation": [0, 0, 90],
			"translation": [3.5, 1, -0.5],
			"scale": [0.8, 0.8, 0.8]
		},
		"gui": {
			"rotation": [30, 130, 0],
			"translation": [0, -2.75, 0],
			"scale": [0.7, 0.7, 0.7]
		},
		"head": {
			"rotation": [90, -67.5, 90],
			"translation": [2.5, -15.5, 7],
			"scale": [1.25, 1.25, 1.25]
		},
		"fixed": {
			"rotation": [0, 90, 0],
			"translation": [-0.75, -5.25, -1.6],
			"scale": [1.6, 1.6, 1.6]
		}
	}
}