{
	"credit": "Made with Blockbench",
	"texture_size": [64, 48],
	"textures": {
		"particle": "item/bow/tommy"
	},
	"elements": [
		{
			"from": [7.5, 14.25, -4.5],
			"to": [8.5, 15.25, 6.5],
			"rotation": {"angle": 0, "axis": "x", "origin": [9, 14.25, 5.5]},
			"faces": {
				"north": {"uv": [5.5, 6.66667, 6, 7.33333], "texture": "#particle"},
				"east": {"uv": [5.5, 6, 0, 6.66667], "texture": "#particle"},
				"south": {"uv": [13.75, 0, 14.25, 0.66667], "texture": "#particle"},
				"west": {"uv": [0, 6, 5.5, 6.66667], "texture": "#particle"},
				"up": {"uv": [0, 6.66667, 5.5, 7.33333], "rotation": 90, "texture": "#particle"},
				"down": {"uv": [0, 6.33333, 5.5, 6.66667], "rotation": 270, "texture": "#particle"}
			}
		},
		{
			"from": [8, 10.5, 10.5],
			"to": [8, 13, 16.5],
			"rotation": {"angle": 0, "axis": "x", "origin": [9.5, 10.5, 19.5]},
			"faces": {
				"north": {"uv": [0, 0, 0, 2], "texture": "#particle"},
				"east": {"uv": [15.25, 0, 12.25, 1.66667], "texture": "#particle"},
				"south": {"uv": [0, 0, 0, 2], "texture": "#particle"},
				"west": {"uv": [12.25, 0, 15.25, 1.66667], "texture": "#particle"},
				"up": {"uv": [0, 0, 0, 6], "texture": "#particle"},
				"down": {"uv": [0, 0, 0, 6], "texture": "#particle"}
			}
		},
		{
			"from": [8.75, 14.25, 16],
			"to": [8.75, 15.75, 18.5],
			"rotation": {"angle": -22.5, "axis": "x", "origin": [8.75, 15.5, 16]},
			"faces": {
				"north": {"uv": [0, 0, 0, 2], "texture": "#particle"},
				"east": {"uv": [0, 7.33333, 1.25, 8.33333], "texture": "#particle"},
				"south": {"uv": [1.25, 7.33333, 2, 8.33333], "texture": "#particle"},
				"west": {"uv": [2.5, 7.33333, 1.25, 8.33333], "texture": "#particle"},
				"up": {"uv": [0, 8.33333, 1.25, 9.33333], "rotation": 270, "texture": "#particle"},
				"down": {"uv": [0, 0, 0, 6], "texture": "#particle"}
			}
		},
		{
			"from": [7.25, 14.25, 16],
			"to": [7.25, 15.75, 18.5],
			"rotation": {"angle": -22.5, "axis": "x", "origin": [7.25, 15.5, 16]},
			"faces": {
				"north": {"uv": [0, 0, 0, 2], "texture": "#particle"},
				"east": {"uv": [1.25, 7.33333, 2.5, 8.33333], "texture": "#particle"},
				"south": {"uv": [1.25, 7.33333, 2, 8.33333], "texture": "#particle"},
				"west": {"uv": [1.25, 7.33333, 0, 8.33333], "texture": "#particle"},
				"up": {"uv": [0, 8.33333, 1.25, 9.33333], "rotation": 270, "texture": "#particle"},
				"down": {"uv": [0, 0, 0, 6], "texture": "#particle"}
			}
		},
		{
			"from": [8, 15.25, -4.5],
			"to": [8, 16.25, -3.5],
			"rotation": {"angle": 0, "axis": "x", "origin": [9.5, 15.25, 4.5]},
			"faces": {
				"north": {"uv": [0, 0, 0, 2], "texture": "#particle"},
				"east": {"uv": [6, 6, 5.5, 6.66667], "texture": "#particle"},
				"south": {"uv": [0, 0, 0, 2], "texture": "#particle"},
				"west": {"uv": [5.5, 6, 6, 6.66667], "texture": "#particle"},
				"up": {"uv": [0, 0, 0, 6], "texture": "#particle"},
				"down": {"uv": [0, 0, 0, 6], "texture": "#particle"}
			}
		},
		{
			"from": [8, 15.5, 13],
			"to": [8, 16.5, 14],
			"rotation": {"angle": 0, "axis": "x", "origin": [9.5, 15.5, 22]},
			"faces": {
				"north": {"uv": [1.75, 2, 2.25, 2.33333], "rotation": 180, "texture": "#particle"},
				"east": {"uv": [12.75, 5.33333, 12.25, 6], "texture": "#particle"},
				"south": {"uv": [1.75, 2, 2.25, 2.33333], "texture": "#particle"},
				"west": {"uv": [12.25, 5.33333, 12.75, 6], "texture": "#particle"},
				"up": {"uv": [0, 0, 0, 6], "texture": "#particle"},
				"down": {"uv": [0, 0, 0, 6], "texture": "#particle"}
			}
		},
		{
			"from": [7, 13, 1.5],
			"to": [9, 14, 6.5],
			"rotation": {"angle": 0, "axis": "x", "origin": [8.5, 13, 10.5]},
			"faces": {
				"north": {"uv": [10.5, 13.33333, 11.5, 14], "texture": "#particle"},
				"east": {"uv": [9, 15.33333, 6.5, 16], "texture": "#particle"},
				"south": {"uv": [3.5, 9.66667, 3.75, 11], "texture": "#particle"},
				"west": {"uv": [6.5, 15.33333, 9, 16], "texture": "#particle"},
				"up": {"uv": [6.5, 12.66667, 9, 14], "rotation": 90, "texture": "#particle"},
				"down": {"uv": [6.5, 15.66667, 9, 16], "rotation": 270, "texture": "#particle"}
			}
		},
		{
			"from": [7.25, 8, 11.75],
			"to": [8.75, 13, 14.25],
			"rotation": {"angle": -22.5, "axis": "x", "origin": [7.25, 13, 11.75]},
			"faces": {
				"north": {"uv": [10.75, 9, 11.5, 12.33333], "texture": "#particle"},
				"east": {"uv": [10.75, 9, 9.5, 12.33333], "texture": "#particle"},
				"south": {"uv": [10.5, 9, 10.75, 12.33333], "texture": "#particle"},
				"west": {"uv": [9.5, 9, 10.75, 12.33333], "texture": "#particle"},
				"up": {"uv": [3.5, 5.66667, 8, 7.33333], "rotation": 90, "texture": "#particle"},
				"down": {"uv": [9.5, 12, 10.75, 12.33333], "rotation": 270, "texture": "#particle"}
			}
		},
		{
			"from": [7.25, 8.5, 2],
			"to": [8.75, 13, 4.5],
			"rotation": {"angle": -22.5, "axis": "x", "origin": [7.25, 13, 2]},
			"faces": {
				"north": {"uv": [7.5, 9, 8.25, 12], "texture": "#particle"},
				"east": {"uv": [9.5, 9, 8.25, 12], "texture": "#particle"},
				"south": {"uv": [9.25, 9, 9.5, 12], "texture": "#particle"},
				"west": {"uv": [8.25, 9, 9.5, 12], "texture": "#particle"},
				"up": {"uv": [8.25, 9, 9.5, 9.33333], "rotation": 90, "texture": "#particle"},
				"down": {"uv": [8.25, 11.66667, 9.5, 12], "rotation": 270, "texture": "#particle"}
			}
		},
		{
			"from": [7, 13, 6.5],
			"to": [9, 15.5, 19.5],
			"rotation": {"angle": 0, "axis": "x", "origin": [8.5, 13, 15.5]},
			"faces": {
				"north": {"uv": [6.5, 0, 7.5, 1.66667], "texture": "#particle"},
				"east": {"uv": [12.75, 6, 6.25, 7.66667], "texture": "#particle"},
				"south": {"uv": [6.5, 1.66667, 7.5, 3.33333], "texture": "#particle"},
				"west": {"uv": [0, 0, 6.5, 1.66667], "texture": "#particle"},
				"up": {"uv": [6.25, 7.66667, 12.75, 9], "rotation": 90, "texture": "#particle"},
				"down": {"uv": [0, 4.66667, 6.5, 6], "rotation": 270, "texture": "#particle"}
			}
		},
		{
			"from": [7, 11, 16.5],
			"to": [9, 13, 19.5],
			"rotation": {"angle": 0, "axis": "x", "origin": [8.5, 11, 25.5]},
			"faces": {
				"north": {"uv": [7.5, 14, 7.75, 15.33333], "texture": "#particle"},
				"east": {"uv": [9, 14, 7.5, 15.33333], "texture": "#particle"},
				"south": {"uv": [8.75, 14, 9, 15.33333], "texture": "#particle"},
				"west": {"uv": [7.5, 14, 9, 15.33333], "texture": "#particle"},
				"up": {"uv": [0, 3.33333, 6.75, 5], "rotation": 270, "texture": "#particle"},
				"down": {"uv": [7.5, 15, 9, 15.33333], "rotation": 270, "texture": "#particle"}
			}
		},
		{
			"from": [7, 8.5, 20.5],
			"to": [9, 13, 27.5],
			"rotation": {"angle": 0, "axis": "x", "origin": [8.5, 8.5, 29.5]},
			"faces": {
				"north": {"uv": [11.5, 11.66667, 11.75, 14.66667], "texture": "#particle"},
				"east": {"uv": [15, 11.66667, 11.5, 14.66667], "texture": "#particle"},
				"south": {"uv": [15, 11.66667, 16, 14.66667], "texture": "#particle"},
				"west": {"uv": [11.5, 11.66667, 15, 14.66667], "texture": "#particle"},
				"up": {"uv": [11.5, 14.66667, 15, 16], "rotation": 90, "texture": "#particle"},
				"down": {"uv": [11.5, 14.33333, 15, 14.66667], "rotation": 270, "texture": "#particle"}
			}
		},
		{
			"from": [7.25, 11, 17.25],
			"to": [8.75, 14, 22.25],
			"rotation": {"angle": 22.5, "axis": "x", "origin": [6.75, 11, 17.25]},
			"faces": {
				"north": {"uv": [6.5, 0, 6.75, 1.66667], "texture": "#particle"},
				"east": {"uv": [11.5, 14, 9, 16], "texture": "#particle"},
				"south": {"uv": [0, 0, 0.25, 1.66667], "texture": "#particle"},
				"west": {"uv": [9, 14, 11.5, 16], "texture": "#particle"},
				"up": {"uv": [9, 14, 11.5, 14.33333], "rotation": 90, "texture": "#particle"},
				"down": {"uv": [9, 15.66667, 11.5, 16], "rotation": 270, "texture": "#particle"}
			}
		},
		{
			"from": [4.75, 7.5, 8],
			"to": [11.25, 14, 10.5],
			"rotation": {"angle": 0, "axis": "x", "origin": [5.75, 12, 11]},
			"faces": {
				"north": {"uv": [12.75, 3, 16, 7.33333], "texture": "#particle"},
				"east": {"uv": [16, 7.33333, 14.75, 11.66667], "texture": "#particle"},
				"south": {"uv": [12.75, 3, 16, 7.33333], "texture": "#particle"},
				"west": {"uv": [14.75, 7.33333, 16, 11.66667], "texture": "#particle"},
				"up": {"uv": [14.75, 7.33333, 16, 11.66667], "rotation": 90, "texture": "#particle"},
				"down": {"uv": [14.75, 7.33333, 16, 11.66667], "rotation": 270, "texture": "#particle"}
			}
		}
	],
	"display": {
		"thirdperson_righthand": {
			"rotation": [2, 1, -1],
			"translation": [-0.75, -3.25, -4],
			"scale": [0.8, 0.8, 0.8]
		},
		"thirdperson_lefthand": {
			"rotation": [2, 1, -1],
			"translation": [-0.75, -3.25, -4],
			"scale": [0.8, 0.8, 0.8]
		},
		"firstperson_righthand": {
			"rotation": [22, 5, 6],
			"translation": [3.5, -1, -11]
		},
		"firstperson_lefthand": {
			"rotation": [22, 5, 6],
			"translation": [3.5, -1, -11]
		},
		"ground": {
			"rotation": [0, 0, 90],
			"translation": [3.75, -0.75, -3.75],
			"scale": [0.8, 0.8, 0.8]
		},
		"gui": {
			"rotation": [-35, 145, 5],
			"translation": [-1.75, -1, 0],
			"scale": [0.66, 0.66, 0.66]
		},
		"head": {
			"rotation": [90, 20, 90],
			"translation": [2.25, -2, 7.5]
		},
		"fixed": {
			"rotation": [0, 90, 0],
			"translation": [-3.75, -4.5, -1]
		}
	}
}