{
	"credit": "Made with Blockbench",
	"parent": "block/block",
	"textures": {
		"0": "create:./spout",
		"particle": "create:./copper_plating"
	},
	"elements": [
		{
			"name": "Top 1",
			"from": [2, 14, 2],
			"to": [14, 16, 14],
			"rotation": {"angle": 0, "axis": "y", "origin": [8, 8, -23]},
			"faces": {
				"north": {"uv": [1, 0, 7, 1], "texture": "#0", "cullface": "north"},
				"east": {"uv": [1, 0, 7, 1], "texture": "#0", "cullface": "east"},
				"south": {"uv": [1, 0, 7, 1], "texture": "#0", "cullface": "south"},
				"west": {"uv": [1, 0, 7, 1], "texture": "#0", "cullface": "west"},
				"up": {"uv": [1, 9, 7, 15], "texture": "#0"}
			}
		},
		{
			"name": "Top 2",
			"from": [1, 12, 1],
			"to": [15, 14, 15],
			"rotation": {"angle": 0, "axis": "y", "origin": [7, 6, -24]},
			"faces": {
				"north": {"uv": [0.5, 1, 7.5, 2], "texture": "#0", "cullface": "north"},
				"east": {"uv": [0.5, 1, 7.5, 2], "texture": "#0", "cullface": "east"},
				"south": {"uv": [0.5, 1, 7.5, 2], "texture": "#0", "cullface": "south"},
				"west": {"uv": [0.5, 1, 7.5, 2], "texture": "#0", "cullface": "west"},
				"up": {"uv": [0.5, 8.5, 7.5, 15.5], "texture": "#0"},
				"down": {"uv": [0.5, 8.5, 7.5, 15.5], "texture": "#0", "cullface": "down"}
			}
		},
		{
			"name": "Bottom",
			"from": [2, 0, 2],
			"to": [14, 2, 14],
			"rotation": {"angle": 0, "axis": "y", "origin": [8, 8, -23]},
			"faces": {
				"north": {"uv": [1, 7, 7, 8], "texture": "#0", "cullface": "north"},
				"east": {"uv": [1, 7, 7, 8], "texture": "#0", "cullface": "east"},
				"south": {"uv": [1, 7, 7, 8], "texture": "#0", "cullface": "south"},
				"west": {"uv": [1, 7, 7, 8], "texture": "#0", "cullface": "west"},
				"down": {"uv": [9, 9, 15, 15], "texture": "#0", "cullface": "down"}
			}
		},
		{
			"name": "Bottom 2",
			"from": [1, 2, 1],
			"to": [15, 4, 15],
			"rotation": {"angle": 0, "axis": "y", "origin": [7, -4, -24]},
			"faces": {
				"north": {"uv": [0.5, 6, 7.5, 7], "texture": "#0", "cullface": "north"},
				"east": {"uv": [1, 6, 7.5, 7], "texture": "#0", "cullface": "east"},
				"south": {"uv": [0.5, 6, 7.5, 7], "texture": "#0", "cullface": "south"},
				"west": {"uv": [0.5, 6, 7.5, 7], "texture": "#0", "cullface": "west"},
				"up": {"uv": [8.5, 8.5, 15.5, 15.5], "texture": "#0"},
				"down": {"uv": [0.5, 8.5, 7.5, 15.5], "texture": "#0", "cullface": "down"}
			}
		},
		{
			"name": "Window",
			"from": [2, 4, 6],
			"to": [2, 12, 10],
			"faces": {
				"north": {"uv": [0, 0, 0, 0], "texture": "#0"},
				"east": {"uv": [9, 0, 11, 4], "texture": "#0", "cullface": "west"},
				"south": {"uv": [0, 0, 0, 0], "texture": "#0"},
				"west": {"uv": [9, 0, 11, 4], "texture": "#0", "cullface": "west"},
				"up": {"uv": [0, 0, 0, 0], "texture": "#0"},
				"down": {"uv": [0, 0, 0, 0], "texture": "#0"}
			}
		},
		{
			"name": "Window",
			"from": [6, 4, 2],
			"to": [10, 12, 2],
			"faces": {
				"north": {"uv": [9, 0, 11, 4], "texture": "#0", "cullface": "west"},
				"east": {"uv": [0, 0, 0, 0], "texture": "#0", "cullface": "west"},
				"south": {"uv": [9, 0, 11, 4], "texture": "#0", "cullface": "west"},
				"west": {"uv": [0, 0, 0, 0], "texture": "#0", "cullface": "west"},
				"up": {"uv": [0, 0, 0, 0], "rotation": 90, "texture": "#0"},
				"down": {"uv": [0, 0, 0, 0], "rotation": 270, "texture": "#0"}
			}
		},
		{
			"name": "Window",
			"from": [14, 4, 6],
			"to": [14, 12, 10],
			"faces": {
				"north": {"uv": [0, 0, 0, 0], "texture": "#0", "cullface": "west"},
				"east": {"uv": [9, 0, 11, 4], "texture": "#0", "cullface": "west"},
				"south": {"uv": [0, 0, 0, 0], "texture": "#0", "cullface": "west"},
				"west": {"uv": [9, 0, 11, 4], "texture": "#0", "cullface": "west"},
				"up": {"uv": [0, 0, 0, 0], "rotation": 180, "texture": "#0"},
				"down": {"uv": [0, 0, 0, 0], "rotation": 180, "texture": "#0"}
			}
		},
		{
			"name": "Window",
			"from": [6, 4, 14],
			"to": [10, 12, 14],
			"faces": {
				"north": {"uv": [9, 0, 11, 4], "texture": "#0", "cullface": "west"},
				"east": {"uv": [0, 0, 0, 0], "texture": "#0", "cullface": "west"},
				"south": {"uv": [9, 0, 11, 4], "texture": "#0", "cullface": "west"},
				"west": {"uv": [0, 0, 0, 0], "texture": "#0", "cullface": "west"},
				"up": {"uv": [0, 0, 0, 0], "rotation": 270, "texture": "#0"},
				"down": {"uv": [0, 0, 0, 0], "rotation": 90, "texture": "#0"}
			}
		},
		{
			"name": "SideLeft",
			"from": [1, 4, 1],
			"to": [2, 12, 6],
			"faces": {
				"east": {"uv": [5, 2, 7.5, 6], "texture": "#0", "cullface": "west"},
				"south": {"uv": [7, 4.5, 7.5, 5], "texture": "#0", "cullface": "west"},
				"west": {"uv": [0.5, 2, 3, 6], "texture": "#0", "cullface": "west"}
			}
		},
		{
			"name": "SideLeft",
			"from": [10, 4, 1],
			"to": [15, 12, 2],
			"faces": {
				"north": {"uv": [0.5, 2, 3, 6], "texture": "#0", "cullface": "west"},
				"south": {"uv": [5, 2, 7.5, 6], "texture": "#0", "cullface": "west"},
				"west": {"uv": [7, 4.5, 7.5, 5], "texture": "#0", "cullface": "west"}
			}
		},
		{
			"name": "SideLeft",
			"from": [14, 4, 10],
			"to": [15, 12, 15],
			"faces": {
				"north": {"uv": [7, 4.5, 7.5, 5], "texture": "#0", "cullface": "west"},
				"east": {"uv": [0.5, 2, 3, 6], "texture": "#0", "cullface": "west"},
				"west": {"uv": [5, 2, 7.5, 6], "texture": "#0", "cullface": "west"}
			}
		},
		{
			"name": "SideLeft",
			"from": [1, 4, 14],
			"to": [6, 12, 15],
			"faces": {
				"north": {"uv": [5, 2, 7.5, 6], "texture": "#0", "cullface": "west"},
				"east": {"uv": [7, 4.5, 7.5, 5], "texture": "#0", "cullface": "west"},
				"south": {"uv": [0.5, 2, 3, 6], "texture": "#0", "cullface": "west"}
			}
		},
		{
			"name": "SideRight",
			"from": [1, 4, 10],
			"to": [2, 12, 15],
			"faces": {
				"north": {"uv": [7, 3.5, 7.5, 4], "texture": "#0", "cullface": "west"},
				"east": {"uv": [0.5, 2, 3, 6], "texture": "#0", "cullface": "west"},
				"west": {"uv": [5, 2, 7.5, 6], "texture": "#0", "cullface": "west"}
			}
		},
		{
			"name": "SideRight",
			"from": [1, 4, 1],
			"to": [6, 12, 2],
			"faces": {
				"north": {"uv": [5, 2, 7.5, 6], "texture": "#0", "cullface": "west"},
				"east": {"uv": [7, 3.5, 7.5, 4], "texture": "#0", "cullface": "west"},
				"south": {"uv": [0.5, 2, 3, 6], "texture": "#0", "cullface": "west"}
			}
		},
		{
			"name": "SideRight",
			"from": [14, 4, 1],
			"to": [15, 12, 6],
			"faces": {
				"east": {"uv": [5, 2, 7.5, 6], "texture": "#0", "cullface": "west"},
				"south": {"uv": [7, 3.5, 7.5, 4], "texture": "#0", "cullface": "west"},
				"west": {"uv": [0.5, 2, 3, 6], "texture": "#0", "cullface": "west"}
			}
		},
		{
			"name": "SideRight",
			"from": [10, 4, 14],
			"to": [15, 12, 15],
			"faces": {
				"north": {"uv": [0.5, 2, 3, 6], "texture": "#0", "cullface": "west"},
				"south": {"uv": [5, 2, 7.5, 6], "texture": "#0", "cullface": "west"},
				"west": {"uv": [7, 3.5, 7.5, 4], "texture": "#0", "cullface": "west"}
			}
		},
		{
			"from": [4, -2, 4],
			"to": [12, 0, 12],
			"rotation": {"angle": 0, "axis": "y", "origin": [15.5, 5.5, 15.5]},
			"faces": {
				"north": {"uv": [12, 6, 16, 7], "texture": "#0"},
				"east": {"uv": [12, 6, 16, 7], "texture": "#0"},
				"south": {"uv": [12, 6, 16, 7], "texture": "#0"},
				"west": {"uv": [12, 6, 16, 7], "texture": "#0"},
				"down": {"uv": [12, 2, 16, 6], "texture": "#0"}
			}
		},
		{
			"from": [5, -4, 5],
			"to": [11, -2, 11],
			"rotation": {"angle": 0, "axis": "y", "origin": [16.5, 3.5, 16.5]},
			"faces": {
				"north": {"uv": [12.5, 7, 15.5, 8], "texture": "#0"},
				"east": {"uv": [12.5, 7, 15.5, 8], "texture": "#0"},
				"south": {"uv": [12.5, 7, 15.5, 8], "texture": "#0"},
				"west": {"uv": [12.5, 7, 15.5, 8], "texture": "#0"},
				"down": {"uv": [12.5, 2.5, 15.5, 5.5], "texture": "#0"}
			}
		},
		{
			"from": [6, -7, 6],
			"to": [10, -4, 10],
			"rotation": {"angle": 0, "axis": "y", "origin": [16.5, 3.5, 16.5]},
			"faces": {
				"north": {"uv": [12, 0.5, 14, 2], "texture": "#0"},
				"east": {"uv": [12, 0.5, 14, 2], "texture": "#0"},
				"south": {"uv": [12, 0.5, 14, 2], "texture": "#0"},
				"west": {"uv": [12, 0.5, 14, 2], "texture": "#0"},
				"down": {"uv": [14, 0, 16, 2], "texture": "#0"}
			}
		}
	],
	"display": {
		"thirdperson_righthand": {
			"rotation": [75, 45, 0],
			"translation": [0, 2.5, 0],
			"scale": [0.375, 0.375, 0.375]
		},
		"thirdperson_lefthand": {
			"rotation": [75, 45, 0],
			"translation": [0, 2.5, 0],
			"scale": [0.375, 0.375, 0.375]
		},
		"firstperson_righthand": {
			"rotation": [0, 45, 0],
			"translation": [0, 2.75, 0],
			"scale": [0.4, 0.4, 0.4]
		},
		"firstperson_lefthand": {
			"rotation": [0, 225, 0],
			"translation": [0, 2.75, 0],
			"scale": [0.4, 0.4, 0.4]
		},
		"ground": {
			"translation": [0, 3, 0],
			"scale": [0.25, 0.25, 0.25]
		},
		"gui": {
			"rotation": [30, 225, 0],
			"translation": [0, 1, 0],
			"scale": [0.625, 0.625, 0.625]
		},
		"head": {
			"rotation": [90, 0, 0],
			"scale": [1.23047, 1.23047, 1.23047]
		},
		"fixed": {
			"rotation": [90, 0, 0],
			"translation": [0, 0, -14.5],
			"scale": [2.06055, 2.06055, 2.06055]
		}
	}
}