{
	"credit": "Made with Blockbench",
	"texture_size": [4, 4],
	"textures": {
		"1": "./smart",
		"2": "./pdc",
		"particle": "./texture"
	},
	"elements": [
		{
			"from": [6, 0, 4],
			"to": [10, 1, 11],
			"faces": {
				"north": {"uv": [0, 8, 4, 9], "texture": "#1"},
				"east": {"uv": [0, 7, 7, 8], "texture": "#1"},
				"south": {"uv": [8, 0, 12, 1], "texture": "#1"},
				"west": {"uv": [7, 7, 14, 8], "texture": "#1"},
				"up": {"uv": [4, 7, 0, 0], "texture": "#1"},
				"down": {"uv": [8, 0, 4, 7], "texture": "#1"}
			}
		},
		{
			"from": [6.5, -0.05, 9.5],
			"to": [8.5, 0.95, 10.5],
			"faces": {
				"north": {"uv": [8, 1, 10, 2], "texture": "#1"},
				"east": {"uv": [8, 4, 9, 5], "texture": "#1"},
				"south": {"uv": [8, 2, 10, 3], "texture": "#1"},
				"west": {"uv": [8, 5, 9, 6], "texture": "#1"},
				"up": {"uv": [10, 4, 8, 3], "texture": "#1"},
				"down": {"uv": [6, 8, 4, 9], "texture": "#1"}
			}
		},
		{
			"from": [7, -0.001, 6.5],
			"to": [9, -0.001, 8.5],
			"faces": {
				"north": {"uv": [0, 0, 8, 0], "texture": "#2"},
				"east": {"uv": [0, 0, 8, 0], "texture": "#2"},
				"south": {"uv": [0, 0, 8, 0], "texture": "#2"},
				"west": {"uv": [0, 0, 8, 0], "texture": "#2"},
				"up": {"uv": [8, 8, 0, 0], "texture": "#2"},
				"down": {"uv": [8, 8, 0, 16], "texture": "#2"}
			}
		}
	],
	"display": {
		"thirdperson_righthand": {
			"rotation": [-90, 0, 90],
			"translation": [-7.5, 3.25, 0]
		},
		"thirdperson_lefthand": {
			"rotation": [-90, 0, 90],
			"translation": [-7.5, 3.25, 0]
		},
		"firstperson_righthand": {
			"rotation": [-101, 8, 144],
			"translation": [-0.5, 7.5, 4.25],
			"scale": [4, 4, 4]
		},
		"firstperson_lefthand": {
			"rotation": [-101, 8, 144],
			"translation": [-0.5, 7.5, 4.25],
			"scale": [4, 4, 4]
		},
		"ground": {
			"translation": [0, 4.5, 0]
		},
		"gui": {
			"rotation": [-75.15, -15.98, -139.33],
			"translation": [7.25, 0.5, 0],
			"scale": [1.72852, 1.72852, 1.72852]
		},
		"head": {
			"rotation": [-90, 90, -180],
			"translation": [0.75, -2.5, 4.75],
			"scale": [1.55469, 1.55469, 1.55469]
		},
		"fixed": {
			"rotation": [-90, 0, 0],
			"translation": [0, 0, -13.5],
			"scale": [1.87305, 1.87305, 1.87305]
		}
	}
}