{
    "providers": [
        {
         "type": "ttf",
         "file": "minecraft:headsanywhere.ttf",
		 "shift": [0, 0],
		 "size": 11.0,
		 "oversample": 2.0,
		 "skip": ""
        },       
		{
         "type":"bitmap",
         "file":"minecraft:font/vanilcalogo.png",
         "ascent":40,
         "height":80,
         "chars": [
            "\u01B1"
            ]
        },
        {
	     "type": "bitmap",
         "file": "minecraft:font/tps.png",
         "ascent": 10,
         "height": 11,
         "chars": [
            "\u03E2"
            ]
        },
        {
         "type": "bitmap",  	
         "file": "minecraft:font/players.png",
		 "ascent": 9,
         "height": 11,
         "chars": [
            "\u0298"
            ]       
		},
        {
         "type": "bitmap",
         "file": "minecraft:font/ping.png",
		 "ascent": 9,
         "height": 11,
         "chars": [
            "\u03E6"
            ]
		},		
        {
         "type": "bitmap",
         "file": "minecraft:font/time.png",
		 "ascent": 9,
         "height": 11,
         "chars": [
            "\u02A8"
            ]
		},
        {	
         "type": "bitmap",
         "file": "icons:menu/menu_icons.png",
         "ascent": 13,
         "height": 20,
         "chars": [
            "\uDB80\uDC00\uDB80\uDC01\uDB80\uDC02\uDB80\uDC03\uDB80\uDC04\uDB80\uDC05\uDB80\uDC06\uDB80\uDC07\uDB80\uDC08\uDB80\uDC09\uDB80\uDC0A\uDB80\uDC0B",
            "\uDB80\uDC0C\uDB80\uDC0D\uDB80\uDC0E\uDB80\uDC0F\uDB80\uDC10\uDB80\uDC11\uDB80\uDC12\uDB80\uDC13\uDB80\uDC14\uDB80\uDC15\uDB80\uDC16\uDB80\uDC17",
            "\uDB80\uDC18\uDB80\uDC19\uDB80\uDC1A\uDB80\uDC1B\uDB80\uDC1C\uDB80\uDC1D\uDB80\uDC1E\uDB80\uDC1F\uDB80\uDC20\uDB80\uDC21\uDB80\uDC22\uDB80\uDC23",
            "\uDB80\uDC24\uDB80\uDC25\uDB80\uDC26\uDB80\uDC27\uDB80\uDC28\uDB80\uDC29\uDB80\uDC2A\uDB80\uDC2B\uDB80\uDC2C\uDB80\uDC2D\uDB80\uDC2E\uDB80\uDC2F",
            "\uDB80\uDC30\uDB80\uDC31\uDB80\uDC32\uDB80\uDC33\uDB80\uDC34\uDB80\uDC35\uDB80\uDC36\uDB80\uDC37\uDB80\uDC38\uDB80\uDC39\uDB80\uDC3A\uDB80\uDC3B",
            "\uDB80\uDC3C\uDB80\uDC3D\uDB80\uDC3E\uDB80\uDC3F\uDB80\uDC40\uDB80\uDC41\uDB80\uDC42\uDB80\uDC43\uDB80\uDC44\uDB80\uDC45\uDB80\uDC46\uDB80\uDC47",
            "\uDB80\uDC48\uDB80\uDC49\uDB80\uDC4A\uDB80\uDC4B\uDB80\uDC4C\uDB80\uDC4D\uDB80\uDC4E\uDB80\uDC4F\uDB80\uDC50\uDB80\uDC51\uDB80\uDC52\uDB80\uDC53",
            "\uDB80\uDC54\uDB80\uDC55\uDB80\uDC56\uDB80\uDC57\uDB80\uDC58\uDB80\uDC59\uDB80\uDC5A\uDB80\uDC5B\uDB80\uDC5C\uDB80\uDC5D\uDB80\uDC5E\uDB80\uDC5F",		
            "\uDB80\uDC60\uDB80\uDC61\uDB80\uDC62\uDB80\uDC63\uDB80\uDC64\uDB80\uDC65\uDB80\uDC66\uDB80\uDC67\uDB80\uDC68\uDB80\uDC69\uDB80\uDC6A\uDB80\uDC6B",
            "\uDB80\uDC6C\uDB80\uDC6D\uDB80\uDC6E\uDB80\uDC6F\uDB80\uDC70\uDB80\uDC71\uDB80\uDC72\uDB80\uDC73\uDB80\uDC74\uDB80\uDC75\uDB80\uDC76\uDB80\uDC77",
            "\uDB80\uDC78\uDB80\uDC79\uDB80\uDC7A\uDB80\uDC7B\uDB80\uDC7C\uDB80\uDC7D\uDB80\uDC7E\uDB80\uDC7F\uDB80\uDC80\uDB80\uDC81\uDB80\uDC82\uDB80\uDC83",			
            "\uDB80\uDC84\uDB80\uDC85\uDB80\uDC86\uDB80\uDC87\uDB80\uDC88\uDB80\uDC89\uDB80\uDC8A\uDB80\uDC8B\uDB80\uDC8C\uDB80\uDC8D\uDB80\uDC8E\uDB80\uDC8F"
            ]
        },
		{
         "type": "bitmap",
         "file": "icons:menu/gamemenulogo.png",
         "ascent": 40,
         "height": 60,
         "chars": [
            "\uDB80\uDC90"
            ]
        },	
        {
         "type": "bitmap",
         "file": "icons:item/tooltip/attributes.png",
         "ascent": 8,
         "height": 9,
         "chars": [
            "\uDB80\uDCFD\uDB80\uDCFE\uDB80\uDCFF\uDB80\uDD00\uDB80\uDD01\uDB80\uDD02\uDB80\uDD03\uDB80\uDD04\uDB80\uDD05\uDB80\uDD06",
            "\uDB80\uDD07\uDB80\uDD08\uDB80\uDD09\uDB80\uDD0A\uDB80\uDD0B\uDB80\uDD0C\uDB80\uDD0D\uDB80\uDD0E\uDB80\uDD0F\uDB80\uDD10"
            ]
        },
        {
         "type": "bitmap",
         "file": "icons:item/tooltip/enchantments.png",
         "ascent": 8,
         "height": 9,
         "chars": [
            "\uDB80\uDD25\uDB80\uDD26\uDB80\uDD27\uDB80\uDD28\uDB80\uDD29\uDB80\uDD2A\uDB80\uDD2B\uDB80\uDD2C",
            "\uDB80\uDD2D\uDB80\uDD2E\uDB80\uDD2F\uDB80\uDD30\uDB80\uDD31\uDB80\uDD32\uDB80\uDD33\uDB80\uDD34"
            ]
        },		
        {
         "type": "bitmap",
         "file": "icons:item/tooltip/pattern.png",
         "ascent": 8,
         "height": 8,
         "chars": [
            "\uDB80\uDD45\uDB80\uDD46\uDB80\uDD47\uDB80\uDD48\uDB80\uDD49\uDB80\uDD4A"
            ]
        },
        {
         "type": "bitmap",
         "file": "icons:item/tooltip/food.png",
         "ascent": 8,
         "height": 9,
         "chars": [
            "\uDB80\uDD51\uDB80\uDD52\uDB80\uDD53\uDB80\uDD54",
            "\uDB80\uDD55\uDB80\uDD56\uDB80\uDD57\uDB80\uDD58",
            "\uDB80\uDD59\uDB80\uDD5A\uDB80\uDD5B\uDB80\uDD5C",
            "\uDB80\uDD5D\uDB80\uDD5E\uDB80\uDD5F\uDB80\uDD60",
			"\uDB80\uDD61\uDB80\uDD62\uDB80\uDD63\uDB80\uDD64",
			"\uDB80\uDD65\uDB80\uDD66\uDB80\uDD67\uDB80\uDD68",
			"\uDB80\uDD69\uDB80\uDD6A\uDB80\uDD6B\uDB80\uDD6C",
			"\uDB80\uDD6D\uDB80\uDD6E\uDB80\uDD6F\uDB80\uDD70",
            "\uDB80\uDD71\uDB80\uDD72\uDB80\uDD73\uDB80\uDD74",
            "\uDB80\uDD75\uDB80\uDD76\uDB80\uDD77\uDB80\uDD78",
			"\uDB80\uDD79\uDB80\uDD7A\uDB80\uDD7B\uDB80\uDD7C",
			"\uDB80\uDD7D\uDB80\uDD7E\uDB80\uDD7F\uDB80\uDD80",
			"\uDB80\uDD81\uDB80\uDD82\uDB80\uDD83\uDB80\uDD84",
			"\uDB80\uDD85\uDB80\uDD86\uDB80\uDD87\uDB80\uDD88"	
            ]
        },
		{
         "type": "bitmap",
         "file": "icons:item/tooltip/effects.png",
         "ascent": 9,
         "height": 10,
         "chars": [
			"\uDB80\uDD89\uDB80\uDD8A\uDB80\uDD8B\uDB80\uDD8C\uDB80\uDD8D\uDB80\uDD8E\uDB80\uDD8F\uDB80\uDD90",	
            "\uDB80\uDD91\uDB80\uDD92\uDB80\uDD93\uDB80\uDD94\uDB80\uDD95\uDB80\uDD96\uDB80\uDD97\uDB80\uDD98",
			"\uDB80\uDD99\uDB80\uDD9A\uDB80\uDD9B\uDB80\uDD9C\uDB80\uDD9D\uDB80\uDD9E\uDB80\uDD9F\uDB80\uDDA0",
			"\uDB80\uDDA1\uDB80\uDDA2\uDB80\uDDA3\uDB80\uDDA4\uDB80\uDDA5\uDB80\uDDA6\uDB80\uDDA7\uDB80\uDDA8",
			"\uDB80\uDDA9\uDB80\uDDAA\uDB80\uDDAB\uDB80\uDDAC\uDB80\uDDAD\uDB80\uDDAE\uDB80\uDDAF\uDB80\uDDB0"
            ]
        },
        {
         "type": "bitmap",
         "file": "icons:item/tooltip/discs.png",
         "ascent": 8,
         "height": 10,
         "chars": [
            "\uDB80\uDDB1\uDB80\uDDB2\uDB80\uDDB3\uDB80\uDDB4\uDB80\uDDB5\uDB80\uDDB6\uDB80\uDDB7",
            "\uDB80\uDDB8\uDB80\uDDB9\uDB80\uDDBA\uDB80\uDDBB\uDB80\uDDBC\uDB80\uDDBD\uDB80\uDDBE",
            "\uDB80\uDDBF\uDB80\uDDC0\uDB80\uDDC1\uDB80\uDDC2\uDB80\uDDC3\uDB80\uDDC4\uDB80\uDDC5"			
            ]
        },
        {
         "type": "bitmap",
         "file": "icons:gui/item_groups.png",
         "ascent": 8,
         "height": 10,
         "chars": [
            "\uDB80\uDDC6\uDB80\uDDC7\uDB80\uDDC8\uDB80\uDDC9\uDB80\uDDCA\uDB80\uDDCB",
			"\uDB80\uDDCC\uDB80\uDDCD\uDB80\uDDCE\uDB80\uDDCF\uDB80\uDDD0\uDB80\uDDD1"
            ]
        },		
        {
         "type": "bitmap",
         "file": "icons:item/firework/dye.png",
         "ascent": 8,
         "height": 9,
         "chars": [
            "\uDB80\uDDEC\uDB80\uDDED\uDB80\uDDEE\uDB80\uDDEF",
            "\uDB80\uDDF0\uDB80\uDDF1\uDB80\uDDF2\uDB80\uDDF3",
            "\uDB80\uDDF4\uDB80\uDDF5\uDB80\uDDF6\uDB80\uDDF7",
            "\uDB80\uDDF8\uDB80\uDDF9\uDB80\uDDFA\uDB80\uDDFB"			
            ]
        },
        {
         "type": "bitmap",
         "file": "icons:item/firework/shape.png",
         "ascent": 8,
         "height": 9,
         "chars": [
            "\uDB80\uDDFC\uDB80\uDDFD\uDB80\uDDFE\uDB80\uDDFF\uDB80\uDE00\uDB80\uDE01",
            "\uDB80\uDE02\uDB80\uDE03\uDB80\uDE04\uDB80\uDE05\uDB80\uDE06\uDB80\uDE07"		
            ]
        },
        {
         "type": "bitmap",
         "file": "icons:chat/gamemodes.png",
         "ascent": 8,
         "height": 9,
         "chars": [
            "\uDB80\uDE0B\uDB80\uDE0C\uDB80\uDE0D\uDB80\uDE0E\uDB80\uDE0F"	
            ]
        },
        {
         "type": "bitmap",
         "file": "icons:gui/anvil_enchantingtable.png",
         "ascent": 8,
         "height": 10,
         "chars": [
            "\uDB80\uDE10\uDB80\uDE11\uDB80\uDE12\uDB80\uDE13"	
            ]
        },
        {
         "type": "bitmap",
         "file": "icons:advancement/advancement_groups.png",
         "ascent": 8,
         "height": 10,
         "chars": [
            "\uDB80\uDE15\uDB80\uDE16\uDB80\uDE17\uDB80\uDE18\uDB80\uDE19"	
            ]
        },
        {
         "type": "bitmap",
         "file": "icons:advancement/advancement_categories.png",
         "ascent": 11,
         "height": 15,
         "chars": [
            "\uDB80\uDE1A\uDB80\uDE1B\uDB80\uDE1C"	
            ]
        },
        {
         "type": "bitmap",
         "file": "icons:chat/advancement_categories.png",
         "ascent": 8,
         "height": 9,
         "chars": [
            "\uDB80\uDE1D\uDB80\uDE1E\uDB80\uDE1F"	
            ]
        },
        {
         "type": "bitmap",
         "file": "icons:chat/message_type.png",
         "ascent": 7,
         "height": 7,
         "chars": [
            "\uDB80\uDE20\uDB80\uDE21\uDB80\uDE22\uDB80\uDE23\uDB80\uDE24\uDB80\uDE25\uDB80\uDE26\uDB80\uDE27"	
            ]
        },
        {
         "type": "bitmap",
         "file": "icons:item/tooltip/levels.png",
         "ascent": 15,
         "height": 24,
         "chars": [
            "\uDB80\uDE28\uDB80\uDE29\uDB80\uDE2A\uDB80\uDE2B\uDB80\uDE2C",
			"\uDB80\uDE2D\uDB80\uDE2E\uDB80\uDE2F\uDB80\uDE30\uDB80\uDE31"
            ]
        },				
        {
         "type": "bitmap",
         "file": "icons:menu/biomes.png",
         "ascent": 11,
         "height": 16,
         "chars": [
			"\uDBC0\uDCE6\uDBC0\uDCE7\uDBC0\uDCE8\uDBC0\uDCE9\uDBC0\uDCEA\uDBC0\uDCEB\uDBC0\uDCEC\uDBC0\uDCED",
			"\uDBC0\uDCEE\uDBC0\uDCEF\uDBC0\uDCF0\uDBC0\uDCF1\uDBC0\uDCF2\uDBC0\uDCF3\uDBC0\uDCF4\uDBC0\uDCF5",
			"\uDBC0\uDCF6\uDBC0\uDCF7\uDBC0\uDCF8\uDBC0\uDCF9\uDBC0\uDCFA\uDBC0\uDCFB\uDBC0\uDCFC\uDBC0\uDCFD",
			"\uDBC0\uDDFE\uDBC0\uDDFF\uDBC0\uDD00\uDBC0\uDD01\uDBC0\uDD02\uDBC0\uDD03\uDBC0\uDD04\uDBC0\uDD05",
			"\uDBC0\uDD06\uDBC0\uDD07\uDBC0\uDD08\uDBC0\uDD09\uDBC0\uDD0A\uDBC0\uDD0B\uDBC0\uDD0C\uDBC0\uDD0D",
			"\uDBC0\uDD0E\uDBC0\uDD0F\uDBC0\uDD10\uDBC0\uDD11\uDBC0\uDD12\uDBC0\uDD13\uDBC0\uDD14\uDBC0\uDD15",
			"\uDBC0\uDD16\uDBC0\uDD17\uDBC0\uDD18\uDBC0\uDD19\uDBC0\uDD1A\uDBC0\uDD1B\uDBC0\uDD1C\uDBC0\uDD1D",			
			"\uDBC0\uDD1E\uDBC0\uDD1F\uDBC0\uDD20\uDBC0\uDD21\uDBC0\uDD22\uDBC0\uDD23\uDBC0\uDD24\uDBC0\uDD25"
			]
		},
        {
         "type": "bitmap",
         "file": "icons:menu/rp_icon.png",
         "ascent": 9,
         "height": 9,
         "chars": [
			"\uDC0C\uDB81\uDC0D\uDB81\uDC0E\uDB81\uDC0F"
			]
		},			
        {
         "type": "bitmap",
         "file": "icons:item/spawneggs/mobs.png",
         "ascent": 36,
         "height": 36,
         "chars": [
            "\uDBC1\uDC10\uDBC1\uDC11\uDBC1\uDC12\uDBC1\uDC13\uDBC1\uDC14\uDBC1\uDC16\uDBC1\uDC17\uDBC1\uDC18\uDBC1\uDC19\uDBC1\uDC1A",
			"\uDBC1\uDC1B\uDBC1\uDC1C\uDBC1\uDC1D\uDBC1\uDC1E\uDBC1\uDC1F\uDBC1\uDC20\uDBC1\uDC21\uDBC1\uDC22\uDBC1\uDC23\uDBC1\uDC24",
			"\uDBC1\uDC25\uDBC1\uDC26\uDBC1\uDC27\uDBC1\uDC28\uDBC1\uDC29\uDBC1\uDC2A\uDBC1\uDC2B\uDBC1\uDC2C\uDBC1\uDC2E\uDBC1\uDC2F",
			"\uDBC1\uDC30\uDBC1\uDC31\uDBC1\uDC32\uDBC1\uDC33\uDBC1\uDC34\uDBC1\uDC35\uDBC1\uDC36\uDBC1\uDC37\uDBC1\uDC38\uDBC1\uDC39",
			"\uDBC1\uDC3A\uDBC1\uDC3C\uDBC1\uDC3E\uDBC1\uDC3F\uDBC1\uDC40\uDBC1\uDC41\uDBC1\uDC42\uDBC1\uDC43\uDBC1\uDC44\uDBC1\uDC45",
			"\uDBC1\uDC47\uDBC1\uDC48\uDBC1\uDC49\uDBC1\uDC4A\uDBC1\uDC4B\uDBC1\uDC4C\uDBC1\uDC4D\uDBC1\uDC4E\uDBC1\uDC4F\uDBC1\uDC51",
			"\uDBC1\uDC52\uDBC1\uDC53\uDBC1\uDC54\uDBC1\uDC55\uDBC1\uDC56\uE000\uE000\uE000\uE000\uE000",
			"\uE000\uE000\uE000\uE000\uE000\uE000\uE000\uE000\uE000\uE000",
			"\uE000\uE000\uE000\uE000\uE000\uE000\uE000\uE000\uE000\uE000",
			"\uE000\uE000\uE000\uE000\uE000\uE000\uE000\uE000\uE000\uE000"			
            ]
        },
        {
         "type": "bitmap",
         "file": "icons:item/spawneggs/mobs2.png",
         "ascent": 10,
         "height": 10,
         "chars": [
            "\uDBC1\uDC15\uDBC1\uDC2D\uDBC1\uDC3B\uDBC1\uDC3D\uDBC1\uDC46\uDBC1\uDC50\uE000\uE000\uE000\uE000"		
            ]
        },
		{
         "type": "bitmap",
         "file": "icons:chat/commands.png",
         "ascent": 7,
         "height": 7,
         "chars": [
			"\uDBFF\uDFA8\uDBFF\uDFA9\uDBFF\uDFBA\uDBFF\uDFBB\uDBFF\uDFBC\uDBFF\uDFBD\uDBFF\uDFBE\uDBFF\uDFBF\uDBFF\uDFB0\uDBFF\uDFB1\uDBFF\uDFB2\uDBFF\uDFB3\uDBFF\uDFB4\uDBFF\uDFB5\uDBFF\uDFB6",
			"\uDBFF\uDFB7\uDBFF\uDFB8\uDBFF\uDFB9\uDBFF\uDFCA\uDBFF\uDFCB\uDBFF\uDFCC\uDBFF\uDFCD\uDBFF\uDFCE\uDBFF\uDFCF\uDBFF\uDFC0\uDBFF\uDFC1\uDBFF\uDFC2\uDBFF\uDFC3\uDBFF\uDFC4\uDBFF\uDFC5"	
            ]
        },		
		{
		 "type": "bitmap",
		 "file": "icons:item/tropical_fish/type.png",
		 "ascent": 12,
		 "height": 16,
		 "chars": [
			"\uDBFF\uDFC6\uDBFF\uDFC7\uDBFF\uDFC8\uDBFF\uDFC9\uDBFF\uDFDA\uDBFF\uDFDB",
		    "\uDBFF\uDFDC\uDBFF\uDFDD\uDBFF\uDFDE\uDBFF\uDFDF\uDBFF\uDFD0\uDBFF\uDFD1"
			]
		},
        {
         "type": "bitmap",
         "file": "icons:item/tropical_fish/predefined.png",
         "ascent": 12,
         "height": 16,
         "chars": [
			"\uDBFF\uDFD2\uDBFF\uDFD3\uDBFF\uDFD4\uDBFF\uDFD5\uDBFF\uDFD6\uDBFF\uDFD7",
			"\uDBFF\uDFD8\uDBFF\uDFD9\uDBFF\uDFEA\uDBFF\uDFEB\uDBFF\uDFEC\uDBFF\uDFED",
			"\uDBFF\uDFEE\uDBFF\uDFEF\uDBFF\uDFE0\uDBFF\uDFE1\uDBFF\uDFE2\uDBFF\uDFE3",
			"\uDBFF\uDFE4\uDBFF\uDFE5\uDBFF\uDFE6\uDBFF\uDFE7\uDBFF\uDFE8\uDBFF\uDFE9"
            ]
        },
        {
         "type": "bitmap",
         "file": "icons:item/goat_horn/horn.png",
         "ascent": 9,
         "height": 10,
         "chars": [
			"\uDBFF\uDFAB\uDBFF\uDFAC\uDBFF\uDFAD\uDBFF\uDFAE",
			"\uDBFF\uDFAF\uDBFF\uDFA0\uDBFF\uDFA1\uDBFF\uDFA2"
            ]
        },		
        {
         "type": "bitmap",
         "file": "icons:item/map/info.png",
         "ascent": 8,
         "height": 9,
         "chars": [
			"\uDBFF\uDFA3\uDBFF\uDFA4",
			"\uDBFF\uDFA5\uDBFF\uDFA6"
            ]
        },
        {
            "type": "bitmap",
            "file": "space:font/space_split.png",
            "ascent": -32768,
            "height": -3,
            "chars": [
                "\uF801"
            ]
        },
        {
            "type": "bitmap",
            "file": "space:font/space_split.png",
            "ascent": -32768,
            "height": -4,
            "chars": [
                "\uF802"
            ]
        },
        {
            "type": "bitmap",
            "file": "space:font/space_split.png",
            "ascent": -32768,
            "height": -5,
            "chars": [
                "\uF803"
            ]
        },
        {
            "type": "bitmap",
            "file": "space:font/space_split.png",
            "ascent": -32768,
            "height": -6,
            "chars": [
                "\uF804"
            ]
        },
        {
            "type": "bitmap",
            "file": "space:font/space_split.png",
            "ascent": -32768,
            "height": -7,
            "chars": [
                "\uF805"
            ]
        },
        {
            "type": "bitmap",
            "file": "space:font/space_split.png",
            "ascent": -32768,
            "height": -8,
            "chars": [
                "\uF806"
            ]
        },
        {
            "type": "bitmap",
            "file": "space:font/space_split.png",
            "ascent": -32768,
            "height": -9,
            "chars": [
                "\uF807"
            ]
        },
        {
            "type": "bitmap",
            "file": "space:font/space_split.png",
            "ascent": -32768,
            "height": -10,
            "chars": [
                "\uF808"
            ]
        },
        {
            "type": "bitmap",
            "file": "space:font/space_split.png",
            "ascent": -32768,
            "height": -18,
            "chars": [
                "\uF809"
            ]
        },
        {
            "type": "bitmap",
            "file": "space:font/space_split.png",
            "ascent": -32768,
            "height": -34,
            "chars": [
                "\uF80A"
            ]
        },
        {
            "type": "bitmap",
            "file": "space:font/space_split.png",
            "ascent": -32768,
            "height": -66,
            "chars": [
                "\uF80B"
            ]
        },
        {
            "type": "bitmap",
            "file": "space:font/space_split.png",
            "ascent": -32768,
            "height": -130,
            "chars": [
                "\uF80C"
            ]
        },
        {
            "type": "bitmap",
            "file": "space:font/space_split.png",
            "ascent": -32768,
            "height": -258,
            "chars": [
                "\uF80D"
            ]
        },
        {
            "type": "bitmap",
            "file": "space:font/space_split.png",
            "ascent": -32768,
            "height": -514,
            "chars": [
                "\uF80E"
            ]
        },
        {
            "type": "bitmap",
            "file": "space:font/space_split.png",
            "ascent": -32768,
            "height": -1026,
            "chars": [
                "\uF80F"
            ]
        },
        {
            "type": "bitmap",
            "file": "space:font/space_split.png",
            "ascent": -65536,
            "height": -32770,
            "chars": [
                "\uF800"
            ]
        },
        {
            "type": "bitmap",
            "file": "space:font/space_split.png",
            "ascent": -32768,
            "height": 0,
            "chars": [
                "\uF821"
            ]
        },
        {
            "type": "bitmap",
            "file": "space:font/space_split.png",
            "ascent": -32768,
            "height": 1,
            "chars": [
                "\uF822"
            ]
        },
        {
            "type": "bitmap",
            "file": "space:font/space_split.png",
            "ascent": -32768,
            "height": 2,
            "chars": [
                "\uF823"
            ]
        },
        {
            "type": "bitmap",
            "file": "space:font/space_split.png",
            "ascent": -32768,
            "height": 3,
            "chars": [
                "\uF824"
            ]
        },
        {
            "type": "bitmap",
            "file": "space:font/space_split.png",
            "ascent": -32768,
            "height": 4,
            "chars": [
                "\uF825"
            ]
        },
        {
            "type": "bitmap",
            "file": "space:font/space_split.png",
            "ascent": -32768,
            "height": 5,
            "chars": [
                "\uF826"
            ]
        },
        {
            "type": "bitmap",
            "file": "space:font/space_split.png",
            "ascent": -32768,
            "height": 6,
            "chars": [
                "\uF827"
            ]
        },
        {
            "type": "bitmap",
            "file": "space:font/space_split.png",
            "ascent": -32768,
            "height": 7,
            "chars": [
                "\uF828"
            ]
        },
        {
            "type": "bitmap",
            "file": "space:font/space_split.png",
            "ascent": -32768,
            "height": 15,
            "chars": [
                "\uF829"
            ]
        },
        {
            "type": "bitmap",
            "file": "space:font/space_split.png",
            "ascent": -32768,
            "height": 31,
            "chars": [
                "\uF82A"
            ]
        },
        {
            "type": "bitmap",
            "file": "space:font/space_split.png",
            "ascent": -32768,
            "height": 63,
            "chars": [
                "\uF82B"
            ]
        },
        {
            "type": "bitmap",
            "file": "space:font/space_split.png",
            "ascent": -32768,
            "height": 127,
            "chars": [
                "\uF82C"
            ]
        },
        {
            "type": "bitmap",
            "file": "space:font/space_split.png",
            "ascent": -32768,
            "height": 255,
            "chars": [
                "\uF82D"
            ]
        },
        {
            "type": "bitmap",
            "file": "space:font/space_split.png",
            "ascent": -32768,
            "height": 511,
            "chars": [
                "\uF82E"
            ]
        },
        {
            "type": "bitmap",
            "file": "space:font/space_split.png",
            "ascent": -32768,
            "height": 1023,
            "chars": [
                "\uF82F"
            ]
        },
        {
            "type": "bitmap",
            "file": "space:font/space_split.png",
            "ascent": -65536,
            "height": 32767,
            "chars": [
                "\uF820"
            ]
        },
        {
            "type": "bitmap",
            "file": "space:font/space_nosplit.png",
            "ascent": -32768,
            "height": -3,
            "chars": [
                "\uF811"
            ]
        },
        {
            "type": "bitmap",
            "file": "space:font/space_nosplit.png",
            "ascent": -32768,
            "height": -4,
            "chars": [
                "\uF812"
            ]
        },
        {
            "type": "bitmap",
            "file": "space:font/space_nosplit.png",
            "ascent": -32768,
            "height": -5,
            "chars": [
                "\uF813"
            ]
        },
        {
            "type": "bitmap",
            "file": "space:font/space_nosplit.png",
            "ascent": -32768,
            "height": -6,
            "chars": [
                "\uF814"
            ]
        },
        {
            "type": "bitmap",
            "file": "space:font/space_nosplit.png",
            "ascent": -32768,
            "height": -7,
            "chars": [
                "\uF815"
            ]
        },
        {
            "type": "bitmap",
            "file": "space:font/space_nosplit.png",
            "ascent": -32768,
            "height": -8,
            "chars": [
                "\uF816"
            ]
        },
        {
            "type": "bitmap",
            "file": "space:font/space_nosplit.png",
            "ascent": -32768,
            "height": -9,
            "chars": [
                "\uF817"
            ]
        },
        {
            "type": "bitmap",
            "file": "space:font/space_nosplit.png",
            "ascent": -32768,
            "height": -10,
            "chars": [
                "\uF818"
            ]
        },
        {
            "type": "bitmap",
            "file": "space:font/space_nosplit.png",
            "ascent": -32768,
            "height": -18,
            "chars": [
                "\uF819"
            ]
        },
        {
            "type": "bitmap",
            "file": "space:font/space_nosplit.png",
            "ascent": -32768,
            "height": -34,
            "chars": [
                "\uF81A"
            ]
        },
        {
            "type": "bitmap",
            "file": "space:font/space_nosplit.png",
            "ascent": -32768,
            "height": -66,
            "chars": [
                "\uF81B"
            ]
        },
        {
            "type": "bitmap",
            "file": "space:font/space_nosplit.png",
            "ascent": -32768,
            "height": -130,
            "chars": [
                "\uF81C"
            ]
        },
        {
            "type": "bitmap",
            "file": "space:font/space_nosplit.png",
            "ascent": -32768,
            "height": -258,
            "chars": [
                "\uF81D"
            ]
        },
        {
            "type": "bitmap",
            "file": "space:font/space_nosplit.png",
            "ascent": -32768,
            "height": -514,
            "chars": [
                "\uF81E"
            ]
        },
        {
            "type": "bitmap",
            "file": "space:font/space_nosplit.png",
            "ascent": -32768,
            "height": -1026,
            "chars": [
                "\uF81F"
            ]
        },
        {
            "type": "bitmap",
            "file": "space:font/space_nosplit.png",
            "ascent": -65536,
            "height": -32770,
            "chars": [
                "\uF810"
            ]
        },
        {
            "type": "bitmap",
            "file": "space:font/space_nosplit.png",
            "ascent": -32768,
            "height": 0,
            "chars": [
                "\uF831"
            ]
        },
        {
            "type": "bitmap",
            "file": "space:font/space_nosplit.png",
            "ascent": -32768,
            "height": 1,
            "chars": [
                "\uF832"
            ]
        },
        {
            "type": "bitmap",
            "file": "space:font/space_nosplit.png",
            "ascent": -32768,
            "height": 2,
            "chars": [
                "\uF833"
            ]
        },
        {
            "type": "bitmap",
            "file": "space:font/space_nosplit.png",
            "ascent": -32768,
            "height": 3,
            "chars": [
                "\uF834"
            ]
        },
        {
            "type": "bitmap",
            "file": "space:font/space_nosplit.png",
            "ascent": -32768,
            "height": 4,
            "chars": [
                "\uF835"
            ]
        },
        {
            "type": "bitmap",
            "file": "space:font/space_nosplit.png",
            "ascent": -32768,
            "height": 5,
            "chars": [
                "\uF836"
            ]
        },
        {
            "type": "bitmap",
            "file": "space:font/space_nosplit.png",
            "ascent": -32768,
            "height": 6,
            "chars": [
                "\uF837"
            ]
        },
        {
            "type": "bitmap",
            "file": "space:font/space_nosplit.png",
            "ascent": -32768,
            "height": 7,
            "chars": [
                "\uF838"
            ]
        },
        {
            "type": "bitmap",
            "file": "space:font/space_nosplit.png",
            "ascent": -32768,
            "height": 15,
            "chars": [
                "\uF839"
            ]
        },
        {
            "type": "bitmap",
            "file": "space:font/space_nosplit.png",
            "ascent": -32768,
            "height": 31,
            "chars": [
                "\uF83A"
            ]
        },
        {
            "type": "bitmap",
            "file": "space:font/space_nosplit.png",
            "ascent": -32768,
            "height": 63,
            "chars": [
                "\uF83B"
            ]
        },
        {
            "type": "bitmap",
            "file": "space:font/space_nosplit.png",
            "ascent": -32768,
            "height": 127,
            "chars": [
                "\uF83C"
            ]
        },
        {
            "type": "bitmap",
            "file": "space:font/space_nosplit.png",
            "ascent": -32768,
            "height": 255,
            "chars": [
                "\uF83D"
            ]
        },
        {
            "type": "bitmap",
            "file": "space:font/space_nosplit.png",
            "ascent": -32768,
            "height": 511,
            "chars": [
                "\uF83E"
            ]
        },
        {
            "type": "bitmap",
            "file": "space:font/space_nosplit.png",
            "ascent": -32768,
            "height": 1023,
            "chars": [
                "\uF83F"
            ]
        },
        {
            "type": "bitmap",
            "file": "space:font/space_nosplit.png",
            "ascent": -65536,
            "height": 32767,
            "chars": [
                "\uF830"
            ]
        }			
    ]
}