{
	"credit": "Made with Blockbench",
	"textures": {
		"5": "item/black_candle/firecracker"
	},
	"elements": [
		{
			"from": [6.9, -2.1, 6.9],
			"to": [9.1, 6.1, 9.1],
			"faces": {
				"north": {"uv": [0, 0, 2, 8], "texture": "#5"},
				"east": {"uv": [2, 0, 4, 8], "texture": "#5"},
				"south": {"uv": [4, 0, 6, 8], "texture": "#5"},
				"west": {"uv": [6, 0, 8, 8], "texture": "#5"},
				"up": {"uv": [2, 10, 0, 8], "texture": "#5"},
				"down": {"uv": [10, 0, 8, 2], "texture": "#5"}
			}
		},
		{
			"from": [8, 5.25, 7.25],
			"to": [8.75, 7.75, 8],
			"faces": {
				"north": {"uv": [2, 8, 3, 11], "texture": "#5"},
				"east": {"uv": [8, 2, 9, 5], "texture": "#5"},
				"south": {"uv": [3, 8, 4, 11], "texture": "#5"},
				"west": {"uv": [4, 8, 5, 11], "texture": "#5"},
				"up": {"uv": [6, 9, 5, 8], "texture": "#5"},
				"down": {"uv": [9, 5, 8, 6], "texture": "#5"}
			}
		}
	],
	"gui_light": "front",
	"display": {
		"thirdperson_righthand": {
			"translation": [0, 4.75, 0.75],
			"scale": [1.02, 1.02, 1.02]
		},
		"thirdperson_lefthand": {
			"translation": [0, 4.75, 0.75],
			"scale": [1.02, 1.02, 1.02]
		},
		"firstperson_righthand": {
			"rotation": [-177.82, -27.38, 148.13],
			"translation": [-4.25, 9.25, 4.5],
			"scale": [1.02, 1.02, 1.02]
		},
		"firstperson_lefthand": {
			"rotation": [-177.82, -27.38, 148.13],
			"translation": [-4.25, 9.5, 4.5],
			"scale": [1.02, 1.02, 1.02]
		},
		"ground": {
			"rotation": [-90, 90, 0],
			"translation": [0, 0.75, -5],
			"scale": [1.02, 1.02, 1.02]
		},
		"gui": {
			"rotation": [30, 43, 0],
			"translation": [0, 7.75, 0],
			"scale": [1.65081, 1.65081, 1.65081]
		},
		"head": {
			"rotation": [-106.89, -5.56, 17.67],
			"translation": [-3.5, -8.5, -15],
			"scale": [1.02, 1.02, 1.02]
		},
		"fixed": {
			"scale": [1.02, 1.02, 1.02]
		}
	}
}