{
  "model": {
    "type": "minecraft:select",
    "cases": [
      {
        "model": {
          "type": "minecraft:model",
          "model": "item/iron_ingot/petrozav_balon_right"
        },
        "when": [
          "firstperson_righthand"
        ]
      },{
        "model": {
          "type": "minecraft:model",
          "model": "item/iron_ingot/petrozav_balon_left"
        },
        "when": [

          "firstperson_lefthand"
        ]
      },{
        "model": {
          "type": "minecraft:model",
          "model": "item/iron_ingot/petrozav_balon"
        },
        "when": [
          "thirdperson_righthand",
          "thirdperson_lefthand",
          "ground"
        ]
      },
	  {
        "model": {
          "type": "minecraft:model",
          "model": "item/iron_ingot/petrozav"
        },
        "when": [
          "gui",
		  "fixed"
        ]
      }
    ],
    "fallback": {
      "type": "minecraft:model",
      "model": "item/iron_ingot/petrozav"
    },
    "property": "minecraft:display_context"
  }
}