{
  "model": {
    "type": "minecraft:select",
    "cases": [
      {
        "model": {
          "type": "minecraft:model",
          "model": "item/iron_ingot/pufferfish_toy_left"
        },
        "when": [
          "firstperson_lefthand",
		   "thirdperson_lefthand"
        ]
      },
	  {
        "model": {
          "type": "minecraft:model",
          "model": "item/iron_ingot/pufferfish_toy_right"
        },
        "when": [
          "firstperson_righthand",
		  		   "thirdperson_righthand"
        ]
      }
    ],
    "fallback": {
      "type": "minecraft:model",
      "model": "item/iron_ingot/pufferfish_toy"
    },
    "property": "minecraft:display_context"
  }
}