{
  "model": {
    "type": "minecraft:select",
    "cases": [
      {
        "model": {
          "type": "minecraft:model",
          "model": "item/paper/diamonds_5"
        },
        "when": [
          "firstperson_righthand",
          "thirdperson_lefthand",
		  "fixed"
        ]
      },
	  {
        "model": {
          "type": "minecraft:model",
          "model": "item/paper/sprites/diamonds_5"
        },
        "when": [
          "gui"
        ]
      }
    ],
    "fallback": {
      "type": "minecraft:model",
      "model": "item/paper/karta"
    },
    "property": "minecraft:display_context"
  }
}