{
	"credit": "Made with Blockbench",
	"texture_size": [128, 128],
	"textures": {
		"0": "./tv_on",
		"1": "./pdc",
		"particle": "./tv_on"
	},
	"elements": [
		{
			"from": [3, 0, 6],
			"to": [13, 1, 10],
			"faces": {
				"north": {"uv": [4.5, 2.25, 5.75, 2.375], "texture": "#0"},
				"east": {"uv": [4.5, 3.75, 5, 3.875], "texture": "#0"},
				"south": {"uv": [4.5, 2.375, 5.75, 2.5], "texture": "#0"},
				"west": {"uv": [4.5, 3.875, 5, 4], "texture": "#0"},
				"up": {"uv": [5.5, 1, 4.25, 0.5], "texture": "#0"},
				"down": {"uv": [5.5, 1, 4.25, 1.5], "texture": "#0"}
			}
		},
		{
			"from": [6, 1, 7],
			"to": [10, 4, 9],
			"faces": {
				"north": {"uv": [4.5, 1.5, 5, 1.875], "texture": "#0"},
				"east": {"uv": [4.5, 3, 4.75, 3.375], "texture": "#0"},
				"south": {"uv": [4.5, 1.875, 5, 2.25], "texture": "#0"},
				"west": {"uv": [4.5, 3.375, 4.75, 3.75], "texture": "#0"},
				"up": {"uv": [5, 2.75, 4.5, 2.5], "texture": "#0"},
				"down": {"uv": [5, 2.75, 4.5, 3], "texture": "#0"}
			}
		},
		{
			"from": [-9, 2, 6],
			"to": [25, 22, 8],
			"faces": {
				"north": {"uv": [0, 0, 4.25, 2.5], "texture": "#0"},
				"east": {"uv": [4.25, 1.5, 4.5, 4], "texture": "#0"},
				"south": {"uv": [0, 2.5, 4.25, 5], "texture": "#0"},
				"west": {"uv": [4.25, 4, 4.5, 6.5], "texture": "#0"},
				"up": {"uv": [8.5, 0.25, 4.25, 0], "texture": "#0"},
				"down": {"uv": [8.5, 0.25, 4.25, 0.5], "texture": "#0"}
			}
		},
		{
			"from": [7, 1.25, 7.001],
			"to": [9, 3.25, 9.001],
			"faces": {
				"north": {"uv": [0, 8, 8, 16], "texture": "#1"},
				"east": {"uv": [0, 8, 8, 16], "texture": "#1"},
				"south": {"uv": [0, 8, 8, 16], "texture": "#1"},
				"west": {"uv": [0, 8, 8, 16], "texture": "#1"},
				"up": {"uv": [0, 8, 8, 16], "texture": "#1"},
				"down": {"uv": [0, 8, 8, 16], "texture": "#1"}
			}
		}
	],
	"display": {
		"thirdperson_righthand": {
			"rotation": [180, 38.75, -180],
			"translation": [0, 1.5, 0],
			"scale": [0.20313, 0.20313, 0.20313]
		},
		"thirdperson_lefthand": {
			"rotation": [180, 38.75, -180],
			"translation": [0, 1.5, 0],
			"scale": [0.20313, 0.20313, 0.20313]
		},
		"firstperson_righthand": {
			"rotation": [162, 76.5, -180],
			"translation": [-1, 3.5, 0.75],
			"scale": [0.42969, 0.42969, 0.42969]
		},
		"firstperson_lefthand": {
			"rotation": [162, 76.5, -180],
			"translation": [-1, 3.5, 0.75],
			"scale": [0.42969, 0.42969, 0.42969]
		},
		"ground": {
			"rotation": [90, 0, 0],
			"translation": [0, -2.5, 0],
			"scale": [0.31055, 0.31055, 0.31055]
		},
		"gui": {
			"rotation": [-161.91, -28.59, 175.97],
			"translation": [0, -0.75, 0],
			"scale": [0.48438, 0.48438, 0.48438]
		},
		"head": {
			"translation": [0, 14.25, -0.25]
		},
		"fixed": {
			"rotation": [-90, 0, 0],
			"translation": [0, 0, -15],
			"scale": [2.12891, 2.12891, 2.12891]
		}
	}
}