{
	"credit": "Made with Blockbench",
	"texture_size": [64, 64],
	"textures": {
		"3": "./slot_machine_off",
		"5": "./pdc",
		"particle": "./pdc"
	},
	"elements": [
		{
			"from": [12, -5, -0.25],
			"to": [15, -1, 1.75],
			"rotation": {"angle": 0, "axis": "y", "origin": [0, -3, 0]},
			"faces": {
				"north": {"uv": [15.25, 4, 16, 5], "texture": "#3"},
				"east": {"uv": [0, 0, 0.5, 1], "texture": "#3"},
				"south": {"uv": [0, 0, 0.75, 1], "texture": "#3"},
				"west": {"uv": [0, 0, 0.5, 1], "texture": "#3"},
				"up": {"uv": [0, 0, 0.75, 0.5], "texture": "#3"},
				"down": {"uv": [0, 0, 0.75, 0.5], "texture": "#3"}
			}
		},
		{
			"from": [0, -16, 0],
			"to": [16, 1, 16],
			"faces": {
				"north": {"uv": [0, 0, 4, 4.25], "texture": "#3"},
				"east": {"uv": [4, 0, 8, 4.25], "texture": "#3"},
				"south": {"uv": [0, 5, 4, 9.25], "texture": "#3"},
				"west": {"uv": [8, 0, 4, 4.25], "texture": "#3"},
				"up": {"uv": [12, 4, 8, 0], "texture": "#3"},
				"down": {"uv": [12, 4, 8, 8], "texture": "#3"}
			}
		},
		{
			"from": [0, 1, 6],
			"to": [16, 15, 16],
			"rotation": {"angle": 0, "axis": "y", "origin": [0, -3, 0]},
			"faces": {
				"north": {"uv": [4, 10, 8, 13.5], "texture": "#3"},
				"east": {"uv": [12, 5, 14.5, 8.5], "texture": "#3"},
				"south": {"uv": [8, 11.75, 12, 15.25], "texture": "#3"},
				"west": {"uv": [14.5, 5, 12, 8.5], "texture": "#3"},
				"up": {"uv": [16, 2.5, 12, 0], "texture": "#3"},
				"down": {"uv": [16, 2.5, 12, 5], "texture": "#3"}
			}
		},
		{
			"from": [0.01, 11.25, 2],
			"to": [15.99, 17.25, 17],
			"rotation": {"angle": 22.5, "axis": "x", "origin": [8, 19, 11]},
			"faces": {
				"north": {"uv": [12, 12, 16, 13.5], "texture": "#3"},
				"east": {"uv": [12, 13.5, 15.75, 15], "texture": "#3"},
				"south": {"uv": [4, 13.5, 8, 15], "texture": "#3"},
				"west": {"uv": [15.75, 13.5, 12, 15], "texture": "#3"},
				"up": {"uv": [12, 11.75, 8, 8], "texture": "#3"},
				"down": {"uv": [4, 10, 0, 13.75], "texture": "#3"}
			}
		},
		{
			"from": [2, 2, 2],
			"to": [4, 4, 4],
			"rotation": {"angle": 0, "axis": "y", "origin": [0, -3, 0]},
			"faces": {
				"north": {"uv": [14.5, 5, 15, 5.5], "texture": "#3"},
				"east": {"uv": [14.5, 5.5, 15, 6], "texture": "#3"},
				"south": {"uv": [14.5, 6, 15, 6.5], "texture": "#3"},
				"west": {"uv": [14.5, 6.5, 15, 7], "texture": "#3"},
				"up": {"uv": [15, 7.5, 14.5, 7], "texture": "#3"},
				"down": {"uv": [15, 7.5, 14.5, 8], "texture": "#3"}
			}
		},
		{
			"from": [2.5, 1, 2.5],
			"to": [3.5, 3, 3.5],
			"rotation": {"angle": 0, "axis": "y", "origin": [0, -3, 0]},
			"faces": {
				"north": {"uv": [3.75, 13.75, 4, 14.25], "texture": "#3"},
				"east": {"uv": [3.75, 14.25, 4, 14.75], "texture": "#3"},
				"south": {"uv": [6.25, 15, 6.5, 15.5], "texture": "#3"},
				"west": {"uv": [6.5, 15, 6.75, 15.5], "texture": "#3"},
				"up": {"uv": [4, 15, 3.75, 14.75], "texture": "#3"},
				"down": {"uv": [8, 15, 7.75, 15.25], "texture": "#3"}
			}
		},
		{
			"from": [13.75, 1, 2],
			"to": [15.25, 1.25, 3.5],
			"rotation": {"angle": 0, "axis": "y", "origin": [0, -3, 0]},
			"faces": {
				"north": {"uv": [15, 6.5, 15.5, 6.75], "texture": "#3"},
				"east": {"uv": [6.75, 15, 7.25, 15.25], "texture": "#3"},
				"south": {"uv": [15, 6.75, 15.5, 7], "texture": "#3"},
				"west": {"uv": [15, 7, 15.5, 7.25], "texture": "#3"},
				"up": {"uv": [15, 8.5, 14.5, 8], "texture": "#3"},
				"down": {"uv": [15, 8.5, 14.5, 9], "texture": "#3"}
			}
		},
		{
			"from": [10.25, 1, 2],
			"to": [11.75, 1.25, 3.5],
			"rotation": {"angle": 0, "axis": "y", "origin": [0, -3, 0]},
			"faces": {
				"north": {"uv": [7.25, 15, 7.75, 15.25], "texture": "#3"},
				"east": {"uv": [15, 7.25, 15.5, 7.5], "texture": "#3"},
				"south": {"uv": [15, 7.5, 15.5, 7.75], "texture": "#3"},
				"west": {"uv": [15, 7.75, 15.5, 8], "texture": "#3"},
				"up": {"uv": [15, 9.5, 14.5, 9], "texture": "#3"},
				"down": {"uv": [15, 9.5, 14.5, 10], "texture": "#3"}
			}
		},
		{
			"from": [7.75, 1, 4],
			"to": [9.25, 1.25, 5.5],
			"rotation": {"angle": 0, "axis": "y", "origin": [0, -3, 0]},
			"faces": {
				"north": {"uv": [15, 10, 15.5, 10.25], "texture": "#3"},
				"east": {"uv": [15, 10.25, 15.5, 10.5], "texture": "#3"},
				"south": {"uv": [15, 10.5, 15.5, 10.75], "texture": "#3"},
				"west": {"uv": [15, 10.75, 15.5, 11], "texture": "#3"},
				"up": {"uv": [4.25, 15.5, 3.75, 15], "texture": "#3"},
				"down": {"uv": [4.75, 15, 4.25, 15.5], "texture": "#3"}
			}
		},
		{
			"from": [4.75, 1, 4],
			"to": [7.25, 1.25, 5.5],
			"rotation": {"angle": 0, "axis": "y", "origin": [0, -3, 0]},
			"faces": {
				"north": {"uv": [15.25, 15.75, 16, 16], "texture": "#3"},
				"east": {"uv": [15, 11.25, 15.5, 11.5], "texture": "#3"},
				"south": {"uv": [15, 11.5, 15.75, 11.75], "texture": "#3"},
				"west": {"uv": [15, 11.75, 15.5, 12], "texture": "#3"},
				"up": {"uv": [5.25, 16, 4.5, 15.5], "texture": "#3"},
				"down": {"uv": [15.5, 5, 15, 5.5], "texture": "#3"}
			}
		},
		{
			"from": [4.75, 1, 2],
			"to": [7.25, 1.25, 3.5],
			"rotation": {"angle": 0, "axis": "y", "origin": [0, -3, 0]},
			"faces": {
				"north": {"uv": [11.5, 15.75, 12.25, 16], "texture": "#3"},
				"east": {"uv": [12.5, 15, 13, 15.25], "texture": "#3"},
				"south": {"uv": [13, 15.75, 13.75, 16], "texture": "#3"},
				"west": {"uv": [13.5, 15, 14, 15.25], "texture": "#3"},
				"up": {"uv": [6, 16, 5.25, 15.5], "texture": "#3"},
				"down": {"uv": [15.5, 5.5, 15, 6], "texture": "#3"}
			}
		},
		{
			"from": [7.75, 1, 2],
			"to": [9.25, 1.25, 3.5],
			"rotation": {"angle": 0, "axis": "y", "origin": [0, -3, 0]},
			"faces": {
				"north": {"uv": [14, 15, 14.5, 15.25], "texture": "#3"},
				"east": {"uv": [14.5, 15, 15, 15.25], "texture": "#3"},
				"south": {"uv": [15, 15, 15.5, 15.25], "texture": "#3"},
				"west": {"uv": [0, 15.25, 0.5, 15.5], "texture": "#3"},
				"up": {"uv": [6.25, 15.5, 5.75, 15], "texture": "#3"},
				"down": {"uv": [15.5, 6, 15, 6.5], "texture": "#3"}
			}
		},
		{
			"from": [12, 1, 0.25],
			"to": [13.5, 1.25, 1.75],
			"rotation": {"angle": 0, "axis": "y", "origin": [0, -3, 0]},
			"faces": {
				"north": {"uv": [15, 8, 15.5, 8.25], "texture": "#3"},
				"east": {"uv": [15, 8.25, 15.5, 8.5], "texture": "#3"},
				"south": {"uv": [15, 8.5, 15.5, 8.75], "texture": "#3"},
				"west": {"uv": [15, 8.75, 15.5, 9], "texture": "#3"},
				"up": {"uv": [15, 10.5, 14.5, 10], "texture": "#3"},
				"down": {"uv": [15, 10.5, 14.5, 11], "texture": "#3"}
			}
		},
		{
			"from": [12, 1, 3.75],
			"to": [13.5, 1.25, 5.25],
			"rotation": {"angle": 0, "axis": "y", "origin": [0, -3, 0]},
			"faces": {
				"north": {"uv": [15, 9, 15.5, 9.25], "texture": "#3"},
				"east": {"uv": [15, 9.25, 15.5, 9.5], "texture": "#3"},
				"south": {"uv": [15, 9.5, 15.5, 9.75], "texture": "#3"},
				"west": {"uv": [15, 9.75, 15.5, 10], "texture": "#3"},
				"up": {"uv": [15, 11.5, 14.5, 11], "texture": "#3"},
				"down": {"uv": [15, 11.5, 14.5, 12], "texture": "#3"}
			}
		},
		{
			"from": [-0.001, -13, 13],
			"to": [1.999, -11, 15],
			"faces": {
				"north": {"uv": [0, 8, 8, 16], "texture": "#5"},
				"east": {"uv": [0, 8, 8, 16], "texture": "#5"},
				"south": {"uv": [0, 8, 8, 16], "texture": "#5"},
				"west": {"uv": [0, 8, 8, 16], "texture": "#5"},
				"up": {"uv": [0, 8, 8, 16], "texture": "#5"},
				"down": {"uv": [0, 8, 8, 16], "texture": "#5"}
			}
		}
	],
	"display": {
		"thirdperson_righthand": {
			"rotation": [54.75, 0, 0],
			"translation": [0, 1, 3.75],
			"scale": [0.31, 0.31, 0.31]
		},
		"thirdperson_lefthand": {
			"rotation": [54.75, 0, 0],
			"translation": [0, 1, 3.75],
			"scale": [0.31, 0.31, 0.31]
		},
		"firstperson_righthand": {
			"rotation": [-180, 59.25, -180],
			"translation": [0, 6.75, 0],
			"scale": [0.28711, 0.28711, 0.28711]
		},
		"firstperson_lefthand": {
			"rotation": [-180, 59.25, -180],
			"translation": [0, 6.75, 0],
			"scale": [0.28711, 0.28711, 0.28711]
		},
		"ground": {
			"scale": [0.21, 0.21, 0.21]
		},
		"gui": {
			"rotation": [30, 225, 0],
			"translation": [0, 2.25, 0],
			"scale": [0.39844, 0.39844, 0.39844]
		},
		"head": {
			"translation": [0, 17.25, 0],
			"scale": [0.45, 0.45, 0.45]
		},
		"fixed": {
			"rotation": [90, -0.25, -180],
			"translation": [0, 0, -14.25],
			"scale": [2.02, 2.02, 2.02]
		}
	},
	"groups": [
		{
			"name": "group",
			"origin": [0, -3, 0],
			"color": 0,
			"children": [0, 1, 2, 3, 4, 5, 6, 7, 8, 9, 10, 11, 12, 13]
		},
		14
	]
}