{
	"credit": "Made with Blockbench",
	"texture_size": [32, 32],
	"textures": {
		"2": "./pdc",
		"3": "./big_smart",
		"particle": "./texture"
	},
	"elements": [
		{
			"from": [3, 0, 4],
			"to": [13, 1, 12],
			"faces": {
				"north": {"uv": [5, 0, 10, 0.5], "texture": "#3"},
				"east": {"uv": [5, 1, 9, 1.5], "texture": "#3"},
				"south": {"uv": [5, 0.5, 10, 1], "texture": "#3"},
				"west": {"uv": [5, 1.5, 9, 2], "texture": "#3"},
				"up": {"uv": [5, 4, 0, 0], "texture": "#3"},
				"down": {"uv": [5, 4, 0, 8], "texture": "#3"}
			}
		},
		{
			"from": [3.5, -0.05, 10.5],
			"to": [5.5, 0.95, 11.5],
			"faces": {
				"north": {"uv": [5, 2, 6, 2.5], "texture": "#3"},
				"east": {"uv": [5, 4, 5.5, 4.5], "texture": "#3"},
				"south": {"uv": [5, 2.5, 6, 3], "texture": "#3"},
				"west": {"uv": [5, 4.5, 5.5, 5], "texture": "#3"},
				"up": {"uv": [6, 3.5, 5, 3], "texture": "#3"},
				"down": {"uv": [6, 3.5, 5, 4], "texture": "#3"}
			}
		},
		{
			"from": [7, -0.001, 7],
			"to": [9, -0.001, 9],
			"rotation": {"angle": 0, "axis": "y", "origin": [4.75, -0.001, 7.5]},
			"faces": {
				"north": {"uv": [0, 0, 8, 0], "texture": "#2"},
				"east": {"uv": [0, 0, 8, 0], "texture": "#2"},
				"south": {"uv": [0, 0, 8, 0], "texture": "#2"},
				"west": {"uv": [0, 0, 8, 0], "texture": "#2"},
				"up": {"uv": [8, 8, 0, 0], "rotation": 90, "texture": "#2"},
				"down": {"uv": [8, 8, 0, 16], "rotation": 270, "texture": "#2"}
			}
		}
	],
	"display": {
		"thirdperson_righthand": {
			"rotation": [167.05, -26.92, 94.35],
			"translation": [-7.5, 5.75, 1.75]
		},
		"thirdperson_lefthand": {
			"rotation": [-100, 180, 180],
			"translation": [0, 4.75, 7.5]
		},
		"firstperson_righthand": {
			"rotation": [178.25, -28.75, 109],
			"translation": [0, 6.75, -18],
			"scale": [4, 4, 4]
		},
		"firstperson_lefthand": {
			"rotation": [66.45, -7.83, 17.31],
			"translation": [7.25, 10.25, -2.5],
			"scale": [4, 4, 4]
		},
		"ground": {
			"translation": [0, 4.5, 0]
		},
		"gui": {
			"rotation": [20.78, -54.21, -70.39],
			"translation": [6.25, 0.5, 0],
			"scale": [1.34766, 1.34766, 1.34766]
		},
		"head": {
			"rotation": [0, -90, -90],
			"translation": [-0.25, -1.75, 5],
			"scale": [1.55469, 1.55469, 1.55469]
		},
		"fixed": {
			"rotation": [-90, 0, 0],
			"translation": [0, 0, -13.5],
			"scale": [1.87305, 1.87305, 1.87305]
		}
	}
}