{
	"credit": "Made with Blockbench",
	"texture_size": [48, 16],
	"textures": {
		"1": "./mechanical_press_side",
		"2": "./mechanical_press_top",
		"4": "./mechanical_press_bottom",
		"5": "./gearbox",
		"6": "./gearbox_top",
		"8": "./mechanical_press_head2",
		"9": "./mechanical_press_pole2",
		"particle": "./mechanical_press_pole2"
	},
	"elements": [
		{
			"name": "Top",
			"from": [0, 14, 0],
			"to": [16, 16, 16],
			"faces": {
				"north": {"uv": [0, 0, 16, 2], "texture": "#1"},
				"east": {"uv": [0, 0, 16, 2], "texture": "#1"},
				"south": {"uv": [0, 0, 16, 2], "texture": "#1"},
				"west": {"uv": [0, 0, 16, 2], "texture": "#1"},
				"up": {"uv": [0, 0, 16, 16], "texture": "#2"},
				"down": {"uv": [0, 0, 16, 16], "texture": "#5"}
			}
		},
		{
			"name": "Core",
			"from": [2, 4, 0.95],
			"to": [14, 14, 15.05],
			"faces": {
				"north": {"uv": [2, 2, 14, 12], "texture": "#5"},
				"south": {"uv": [2, 2, 14, 12], "texture": "#5"},
				"down": {"uv": [2, 1, 14, 15], "texture": "#4"}
			}
		},
		{
			"name": "Side",
			"from": [0, 2, 0],
			"to": [2, 14, 16],
			"faces": {
				"north": {"uv": [14, 2, 16, 14], "texture": "#1"},
				"east": {"uv": [0, 2, 16, 14], "texture": "#1"},
				"south": {"uv": [0, 2, 2, 14], "texture": "#1"},
				"west": {"uv": [0, 2, 16, 14], "texture": "#1"},
				"down": {"uv": [0, 0, 2, 16], "texture": "#6"}
			}
		},
		{
			"name": "Side",
			"from": [14, 2, 0],
			"to": [16, 14, 16],
			"faces": {
				"north": {"uv": [0, 2, 2, 14], "texture": "#1"},
				"east": {"uv": [0, 2, 16, 14], "texture": "#1"},
				"south": {"uv": [14, 2, 16, 14], "texture": "#1"},
				"west": {"uv": [0, 2, 16, 14], "texture": "#1"},
				"down": {"uv": [14, 0, 16, 16], "texture": "#6"}
			}
		},
		{
			"name": "Pole1Core",
			"from": [5.95, 4, 6],
			"to": [10.05, 14, 10],
			"faces": {
				"east": {"uv": [2, 5.99375, 3.33333, 15.98333], "texture": "#missing"},
				"west": {"uv": [2, 5.99375, 3.33333, 15.98333], "texture": "#missing"}
			}
		},
		{
			"name": "Pole2Core",
			"from": [5.95, 14, 6],
			"to": [10.05, 27, 10],
			"faces": {
				"east": {"uv": [2, 0, 3.33333, 12.98646], "texture": "#9"},
				"west": {"uv": [2, 0, 3.33333, 12.98646], "texture": "#9"},
				"up": {"uv": [3.66667, 0.99896, 5, 4.99479], "rotation": 180, "texture": "#9"}
			}
		},
		{
			"name": "Pole1Side",
			"from": [5, 4, 5],
			"to": [11, 14, 6],
			"faces": {
				"north": {"uv": [0, 5.99375, 2, 15.98333], "texture": "#9"},
				"east": {"uv": [0, 5.99375, 0.33333, 15.98333], "texture": "#9"},
				"south": {"uv": [0, 5.99375, 2, 15.98333], "texture": "#9"},
				"west": {"uv": [1.66667, 5.99375, 2, 15.98333], "texture": "#9"}
			}
		},
		{
			"name": "Pole1Side",
			"from": [5, 4, 10],
			"to": [11, 14, 11],
			"faces": {
				"north": {"uv": [0, 5.99375, 2, 15.98333], "texture": "#9"},
				"east": {"uv": [0, 5.99375, 0.33333, 15.98333], "texture": "#9"},
				"south": {"uv": [0, 5.99375, 2, 15.98333], "texture": "#9"},
				"west": {"uv": [1.66667, 5.99375, 2, 15.98333], "texture": "#9"}
			}
		},
		{
			"name": "Pole2Side",
			"from": [5, 14, 10],
			"to": [11, 27, 11],
			"faces": {
				"north": {"uv": [0, 0, 2, 12.98646], "texture": "#9"},
				"east": {"uv": [0, 0, 0.33333, 12.98646], "texture": "#9"},
				"south": {"uv": [0, 0, 2, 12.98646], "texture": "#9"},
				"west": {"uv": [1.66667, 0, 2, 12.98646], "texture": "#9"},
				"up": {"uv": [3.33333, 0, 5.33333, 0.99896], "rotation": 180, "texture": "#9"}
			}
		},
		{
			"name": "Pole2Side",
			"from": [5, 14, 5],
			"to": [11, 27, 6],
			"faces": {
				"north": {"uv": [0, 0, 2, 12.98646], "texture": "#9"},
				"east": {"uv": [0, 0, 0.33333, 12.98646], "texture": "#9"},
				"south": {"uv": [0, 0, 2, 12.98646], "texture": "#9"},
				"west": {"uv": [1.66667, 0, 2, 12.98646], "texture": "#9"},
				"up": {"uv": [3.33333, 4.99479, 5.33333, 5.99375], "rotation": 180, "texture": "#9"}
			}
		},
		{
			"name": "Head",
			"from": [3, 0, 3],
			"to": [13, 4, 13],
			"faces": {
				"north": {"uv": [0.33333, 0, 3.66667, 4], "rotation": 180, "texture": "#8"},
				"east": {"uv": [0.33333, 0, 3.66667, 4], "rotation": 180, "texture": "#8"},
				"south": {"uv": [0.33333, 0, 3.66667, 4], "rotation": 180, "texture": "#8"},
				"west": {"uv": [0.33333, 0, 3.66667, 4], "rotation": 180, "texture": "#8"},
				"up": {"uv": [0.33333, 5, 3.66667, 15], "rotation": 180, "texture": "#8"},
				"down": {"uv": [0.33333, 5, 3.66667, 15], "rotation": 180, "texture": "#8"}
			}
		},
		{
			"name": "Pole1Core",
			"from": [5.95, -4, 6],
			"to": [10.05, 6, 10],
			"faces": {
				"east": {"uv": [7.33333, 5.9375, 8.66667, 15.83333], "texture": "#9"},
				"west": {"uv": [7.33333, 5.9375, 8.66667, 15.83333], "texture": "#9"}
			}
		},
		{
			"name": "Pole2Core",
			"from": [5.95, 6, 6],
			"to": [10.05, 19, 10],
			"faces": {
				"east": {"uv": [7.33333, 0, 8.66667, 12.86458], "texture": "#9"},
				"west": {"uv": [7.33333, 0, 8.66667, 12.86458], "texture": "#9"},
				"up": {"uv": [9, 0.98958, 10.33333, 4.94792], "rotation": 180, "texture": "#9"}
			}
		},
		{
			"name": "Pole1Side",
			"from": [5, -4, 5],
			"to": [11, 6, 6],
			"faces": {
				"north": {"uv": [5.33333, 5.9375, 7.33333, 15.83333], "texture": "#9"},
				"east": {"uv": [5.33333, 5.9375, 5.66667, 15.83333], "texture": "#9"},
				"south": {"uv": [5.33333, 5.9375, 7.33333, 15.83333], "texture": "#9"},
				"west": {"uv": [7, 5.9375, 7.33333, 15.83333], "texture": "#9"}
			}
		},
		{
			"name": "Pole1Side",
			"from": [5, -4, 10],
			"to": [11, 6, 11],
			"faces": {
				"north": {"uv": [5.33333, 5.9375, 7.33333, 15.83333], "texture": "#9"},
				"east": {"uv": [5.33333, 5.9375, 5.66667, 15.83333], "texture": "#9"},
				"south": {"uv": [5.33333, 5.9375, 7.33333, 15.83333], "texture": "#9"},
				"west": {"uv": [7, 5.9375, 7.33333, 15.83333], "texture": "#9"}
			}
		},
		{
			"name": "Pole2Side",
			"from": [5, 6, 10],
			"to": [11, 19, 11],
			"faces": {
				"north": {"uv": [5.33333, 0, 7.33333, 12.86458], "texture": "#9"},
				"east": {"uv": [5.33333, 0, 5.66667, 12.86458], "texture": "#9"},
				"south": {"uv": [5.33333, 0, 7.33333, 12.86458], "texture": "#9"},
				"west": {"uv": [7, 0, 7.33333, 12.86458], "texture": "#9"},
				"up": {"uv": [8.66667, 0, 10.66667, 0.98958], "rotation": 180, "texture": "#9"}
			}
		},
		{
			"name": "Pole2Side",
			"from": [5, 6, 5],
			"to": [11, 19, 6],
			"faces": {
				"north": {"uv": [5.33333, 0, 7.33333, 12.86458], "texture": "#9"},
				"east": {"uv": [5.33333, 0, 5.66667, 12.86458], "texture": "#9"},
				"south": {"uv": [5.33333, 0, 7.33333, 12.86458], "texture": "#9"},
				"west": {"uv": [7, 0, 7.33333, 12.86458], "texture": "#9"},
				"up": {"uv": [8.66667, 4.94792, 10.66667, 5.9375], "rotation": 180, "texture": "#9"}
			}
		},
		{
			"name": "Head",
			"from": [3, -8, 3],
			"to": [13, -4, 13],
			"faces": {
				"north": {"uv": [5.66667, 0, 9, 4], "rotation": 180, "texture": "#8"},
				"east": {"uv": [5.66667, 0, 9, 4], "rotation": 180, "texture": "#8"},
				"south": {"uv": [5.66667, 0, 9, 4], "rotation": 180, "texture": "#8"},
				"west": {"uv": [5.66667, 0, 9, 4], "rotation": 180, "texture": "#8"},
				"up": {"uv": [5.66667, 5, 9, 15], "rotation": 180, "texture": "#8"},
				"down": {"uv": [5.66667, 5, 9, 15], "rotation": 180, "texture": "#8"}
			}
		},
		{
			"name": "Pole1Core",
			"from": [5.95, -12, 6],
			"to": [10.05, -2, 10],
			"faces": {
				"east": {"uv": [12.66667, 6.03125, 14, 16.08333], "texture": "#9"},
				"west": {"uv": [12.66667, 6.03125, 14, 16.08333], "texture": "#9"}
			}
		},
		{
			"name": "Pole2Core",
			"from": [5.95, -2, 6],
			"to": [10.05, 11, 10],
			"faces": {
				"east": {"uv": [12.66667, 0, 14, 13.06771], "texture": "#9"},
				"west": {"uv": [12.66667, 0, 14, 13.06771], "texture": "#9"},
				"up": {"uv": [14.33333, 1.00521, 15.66667, 5.02604], "rotation": 180, "texture": "#9"}
			}
		},
		{
			"name": "Pole1Side",
			"from": [5, -12, 5],
			"to": [11, -2, 6],
			"faces": {
				"north": {"uv": [10.66667, 6.03125, 12.66667, 16.08333], "texture": "#9"},
				"east": {"uv": [10.66667, 6.03125, 11, 16.08333], "texture": "#9"},
				"south": {"uv": [10.66667, 6.03125, 12.66667, 16.08333], "texture": "#9"},
				"west": {"uv": [12.33333, 6.03125, 12.66667, 16.08333], "texture": "#9"}
			}
		},
		{
			"name": "Pole1Side",
			"from": [5, -12, 10],
			"to": [11, -2, 11],
			"faces": {
				"north": {"uv": [10.66667, 6.03125, 12.66667, 16.08333], "texture": "#9"},
				"east": {"uv": [10.66667, 6.03125, 11, 16.08333], "texture": "#9"},
				"south": {"uv": [10.66667, 6.03125, 12.66667, 16.08333], "texture": "#9"},
				"west": {"uv": [12.33333, 6.03125, 12.66667, 16.08333], "texture": "#9"}
			}
		},
		{
			"name": "Pole2Side",
			"from": [5, -2, 10],
			"to": [11, 11, 11],
			"faces": {
				"north": {"uv": [10.66667, 0, 12.66667, 13.06771], "texture": "#9"},
				"east": {"uv": [10.66667, 0, 11, 13.06771], "texture": "#9"},
				"south": {"uv": [10.66667, 0, 12.66667, 13.06771], "texture": "#9"},
				"west": {"uv": [12.33333, 0, 12.66667, 13.06771], "texture": "#9"},
				"up": {"uv": [14, 0, 16, 1.00521], "rotation": 180, "texture": "#9"}
			}
		},
		{
			"name": "Pole2Side",
			"from": [5, -2, 5],
			"to": [11, 11, 6],
			"faces": {
				"north": {"uv": [10.66667, 0, 12.66667, 13.06771], "texture": "#9"},
				"east": {"uv": [10.66667, 0, 11, 13.06771], "texture": "#9"},
				"south": {"uv": [10.66667, 0, 12.66667, 13.06771], "texture": "#9"},
				"west": {"uv": [12.33333, 0, 12.66667, 13.06771], "texture": "#9"},
				"up": {"uv": [14, 5.02604, 16, 6.03125], "rotation": 180, "texture": "#9"}
			}
		},
		{
			"name": "Head",
			"from": [3, -16, 3],
			"to": [13, -12, 13],
			"faces": {
				"north": {"uv": [11, 0, 14.33333, 4], "rotation": 180, "texture": "#8"},
				"east": {"uv": [11, 0, 14.33333, 4], "rotation": 180, "texture": "#8"},
				"south": {"uv": [11, 0, 14.33333, 4], "rotation": 180, "texture": "#8"},
				"west": {"uv": [11, 0, 14.33333, 4], "rotation": 180, "texture": "#8"},
				"up": {"uv": [11, 5, 14.33333, 15], "rotation": 180, "texture": "#8"},
				"down": {"uv": [11, 5, 14.33333, 15], "rotation": 180, "texture": "#8"}
			}
		}
	],
	"display": {
		"thirdperson_righthand": {
			"rotation": [75, 45, 0],
			"translation": [0, 2.5, 0],
			"scale": [0.375, 0.375, 0.375]
		},
		"thirdperson_lefthand": {
			"rotation": [75, 45, 0],
			"translation": [0, 2.5, 0],
			"scale": [0.375, 0.375, 0.375]
		},
		"firstperson_righthand": {
			"rotation": [0, 45, 0],
			"scale": [0.4, 0.4, 0.4]
		},
		"firstperson_lefthand": {
			"rotation": [0, 45, 0],
			"scale": [0.4, 0.4, 0.4]
		},
		"ground": {
			"translation": [0, 3, 0],
			"scale": [0.25, 0.25, 0.25]
		},
		"gui": {
			"rotation": [-150.86, -45.45, 178.79],
			"translation": [0, 1, 0],
			"scale": [0.51953, 0.51953, 0.51953]
		},
		"head": {
			"rotation": [90, 0, 0],
			"translation": [0, 0, -1.25]
		},
		"fixed": {
			"rotation": [90, 0, 0],
			"translation": [0, 0, -14],
			"scale": [2, 2, 2]
		}
	},
	"groups": [
		0,
		1,
		2,
		3,
		{
			"name": "group",
			"origin": [0, 0, 0],
			"color": 0,
			"children": [4, 5, 6, 7, 8, 9, 10]
		},
		{
			"name": "group",
			"origin": [0, 0, 0],
			"color": 0,
			"children": [11, 12, 13, 14, 15, 16, 17]
		},
		{
			"name": "group",
			"origin": [0, 0, 0],
			"color": 0,
			"children": [18, 19, 20, 21, 22, 23, 24]
		}
	],
	"loader": "forge:obj",
	"flip_v": true,
	"model": "create:models/block/crushing_wheel/crushing_wheel.obj"
}