{
	"credit": "Model generated using MrCrayfish's Model Creator (https://mrcrayfish.com/tools?id=mc)",
	"textures": {
		"0": "./mechanical_press_head",
		"1": "./mechanical_press_pole",
		"particle": "./mechanical_press_head"
	},
	"elements": [
		{
			"name": "Pole1Core",
			"from": [5.95, 4, 6],
			"to": [10.05, 14, 10],
			"faces": {
				"east": {"uv": [6, 6, 10, 16], "texture": "#1"},
				"west": {"uv": [6, 6, 10, 16], "texture": "#1"}
			}
		},
		{
			"name": "Pole2Core",
			"from": [5.95, 14, 6],
			"to": [10.05, 27, 10],
			"faces": {
				"east": {"uv": [6, 0, 10, 13], "texture": "#1"},
				"west": {"uv": [6, 0, 10, 13], "texture": "#1"},
				"up": {"uv": [11, 1, 15, 5], "rotation": 180, "texture": "#1"}
			}
		},
		{
			"name": "Pole1Side",
			"from": [5, 4, 5],
			"to": [11, 14, 6],
			"faces": {
				"north": {"uv": [0, 6, 6, 16], "texture": "#1"},
				"east": {"uv": [0, 6, 1, 16], "texture": "#1"},
				"south": {"uv": [0, 6, 6, 16], "texture": "#1"},
				"west": {"uv": [5, 6, 6, 16], "texture": "#1"}
			}
		},
		{
			"name": "Pole1Side",
			"from": [5, 4, 10],
			"to": [11, 14, 11],
			"faces": {
				"north": {"uv": [0, 6, 6, 16], "texture": "#1"},
				"east": {"uv": [0, 6, 1, 16], "texture": "#1"},
				"south": {"uv": [0, 6, 6, 16], "texture": "#1"},
				"west": {"uv": [5, 6, 6, 16], "texture": "#1"}
			}
		},
		{
			"name": "Pole2Side",
			"from": [5, 14, 10],
			"to": [11, 27, 11],
			"faces": {
				"north": {"uv": [0, 0, 6, 13], "texture": "#1"},
				"east": {"uv": [0, 0, 1, 13], "texture": "#1"},
				"south": {"uv": [0, 0, 6, 13], "texture": "#1"},
				"west": {"uv": [5, 0, 6, 13], "texture": "#1"},
				"up": {"uv": [10, 0, 16, 1], "rotation": 180, "texture": "#1"}
			}
		},
		{
			"name": "Pole2Side",
			"from": [5, 14, 5],
			"to": [11, 27, 6],
			"faces": {
				"north": {"uv": [0, 0, 6, 13], "texture": "#1"},
				"east": {"uv": [0, 0, 1, 13], "texture": "#1"},
				"south": {"uv": [0, 0, 6, 13], "texture": "#1"},
				"west": {"uv": [5, 0, 6, 13], "texture": "#1"},
				"up": {"uv": [10, 5, 16, 6], "rotation": 180, "texture": "#1"}
			}
		},
		{
			"name": "Head",
			"from": [3, 0, 3],
			"to": [13, 4, 13],
			"faces": {
				"north": {"uv": [1, 0, 11, 4], "texture": "#0"},
				"east": {"uv": [1, 0, 11, 4], "texture": "#0"},
				"south": {"uv": [1, 0, 11, 4], "texture": "#0"},
				"west": {"uv": [1, 0, 11, 4], "texture": "#0"},
				"up": {"uv": [1, 5, 11, 15], "rotation": 180, "texture": "#0"},
				"down": {"uv": [1, 5, 11, 15], "rotation": 180, "texture": "#0"}
			}
		}
	],
	"display": {
		"thirdperson_righthand": {
			"translation": [0, 3, 1],
			"scale": [0.55, 0.55, 0.55]
		},
		"thirdperson_lefthand": {
			"translation": [0, 3, 1],
			"scale": [0.55, 0.55, 0.55]
		},
		"firstperson_righthand": {
			"rotation": [0, 45, 0],
			"scale": [0.4, 0.4, 0.4]
		},
		"firstperson_lefthand": {
			"rotation": [0, 225, 0],
			"scale": [0.4, 0.4, 0.4]
		},
		"ground": {
			"translation": [0, 3, 0],
			"scale": [0.25, 0.25, 0.25]
		},
		"gui": {
			"rotation": [30, 225, 0],
			"translation": [0, -2.5, 0],
			"scale": [0.625, 0.625, 0.625]
		},
		"head": {
			"translation": [0, 14.25, 0]
		},
		"fixed": {
			"rotation": [-90, 0, 0],
			"translation": [0, 0, -14],
			"scale": [2, 2, 2]
		}
	},
	"loader": "forge:obj",
	"flip_v": true,
	"model": "create:models/block/crushing_wheel/crushing_wheel.obj"
}