{
	"credit": "Made with Blockbench",
	"texture_size": [64, 64],
	"textures": {
		"1": "./megumin_hat",
		"particle": "mgmn"
	},
	"elements": [
		{
			"from": [2, 0, 2],
			"to": [14, 1, 14],
			"faces": {
				"north": {"uv": [6.75, 3, 9.75, 3.25], "texture": "#1"},
				"east": {"uv": [3.25, 6.75, 6.25, 7], "texture": "#1"},
				"south": {"uv": [6.75, 3.25, 9.75, 3.5], "texture": "#1"},
				"west": {"uv": [6.75, 3.5, 9.75, 3.75], "texture": "#1"},
				"up": {"uv": [3, 3, 0, 0], "texture": "#1"},
				"down": {"uv": [3, 3, 0, 6], "texture": "#1"}
			}
		},
		{
			"from": [4, 1, 4],
			"to": [12, 4, 12],
			"faces": {
				"north": {"uv": [6.5, 0, 8.5, 0.75], "texture": "#1"},
				"east": {"uv": [6.5, 0.75, 8.5, 1.5], "texture": "#1"},
				"south": {"uv": [6.5, 1.5, 8.5, 2.25], "texture": "#1"},
				"west": {"uv": [6.5, 2.25, 8.5, 3], "texture": "#1"},
				"up": {"uv": [5, 2, 3, 0], "texture": "#1"},
				"down": {"uv": [5, 2, 3, 4], "texture": "#1"}
			}
		},
		{
			"from": [4.5, 2.75, 5.5],
			"to": [11.5, 6.75, 12],
			"rotation": {"angle": 22.5, "axis": "x", "origin": [8, 6, 8]},
			"faces": {
				"north": {"uv": [5, 3, 6.75, 4], "texture": "#1"},
				"east": {"uv": [3, 5.75, 4.75, 6.75], "texture": "#1"},
				"south": {"uv": [4.75, 5.75, 6.5, 6.75], "texture": "#1"},
				"west": {"uv": [0, 6, 1.75, 7], "texture": "#1"},
				"up": {"uv": [4.75, 5.75, 3, 4], "texture": "#1"},
				"down": {"uv": [6.5, 4, 4.75, 5.75], "texture": "#1"}
			}
		},
		{
			"from": [5, 5.25, 5.75],
			"to": [11, 9, 11.25],
			"rotation": {"angle": 45, "axis": "x", "origin": [8, 6, 8]},
			"faces": {
				"north": {"uv": [6.5, 4, 8, 5], "texture": "#1"},
				"east": {"uv": [6.5, 5, 8, 6], "texture": "#1"},
				"south": {"uv": [6.5, 6, 8, 7], "texture": "#1"},
				"west": {"uv": [1.75, 6.75, 3.25, 7.75], "texture": "#1"},
				"up": {"uv": [6.5, 1.5, 5, 0], "texture": "#1"},
				"down": {"uv": [6.5, 1.5, 5, 3], "texture": "#1"}
			}
		},
		{
			"from": [6.5, 5, 10.25],
			"to": [9.5, 8, 13.25],
			"rotation": {"angle": -22.5, "axis": "x", "origin": [8, 6, 8]},
			"faces": {
				"north": {"uv": [1.75, 6, 2.5, 6.75], "texture": "#1"},
				"east": {"uv": [0, 7, 0.75, 7.75], "rotation": 270, "texture": "#1"},
				"south": {"uv": [4.75, 7, 5.5, 7.75], "texture": "#1"},
				"west": {"uv": [3.25, 7, 4, 7.75], "rotation": 90, "texture": "#1"},
				"up": {"uv": [2.5, 6.75, 1.75, 6], "texture": "#1"},
				"down": {"uv": [1.5, 7, 0.75, 7.75], "texture": "#1"}
			}
		},
		{
			"from": [7, 9, 10.5],
			"to": [9, 11, 13.5],
			"rotation": {"angle": 22.5, "axis": "x", "origin": [8, 6, 8]},
			"faces": {
				"north": {"uv": [0, 7.75, 0.5, 8.25], "texture": "#1"},
				"east": {"uv": [5.5, 7, 6.25, 7.5], "texture": "#1"},
				"south": {"uv": [0.5, 7.75, 1, 8.25], "texture": "#1"},
				"west": {"uv": [6.25, 7, 7, 7.5], "texture": "#1"},
				"up": {"uv": [3, 6.75, 2.5, 6], "texture": "#1"},
				"down": {"uv": [7.5, 7, 7, 7.75], "texture": "#1"}
			}
		},
		{
			"from": [6.4, 3.06478, 13.37625],
			"to": [8.6, 7.26478, 15.57625],
			"rotation": {"angle": -22.5, "axis": "x", "origin": [8, 8.16478, 13.22625]},
			"faces": {
				"north": {"uv": [5.5, 7.5, 6, 8.5], "texture": "#1"},
				"east": {"uv": [6, 7.5, 6.5, 8.5], "texture": "#1"},
				"south": {"uv": [6.5, 7.5, 7, 8.5], "texture": "#1"},
				"west": {"uv": [7.5, 7, 8, 8], "texture": "#1"},
				"up": {"uv": [1.5, 8.25, 1, 7.75], "texture": "#1"},
				"down": {"uv": [2, 7.75, 1.5, 8.25], "texture": "#1"}
			}
		},
		{
			"from": [8.15, 5.75, 4.3],
			"to": [10.15, 7.75, 5.8],
			"rotation": {"angle": -45, "axis": "z", "origin": [8, 5, 5]},
			"faces": {
				"north": {"uv": [5, 15, 6, 16], "texture": "#1"},
				"east": {"uv": [4, 15, 5, 16], "texture": "#1"},
				"south": {"uv": [7, 15, 8, 16], "texture": "#1"},
				"west": {"uv": [6, 15, 7, 16], "texture": "#1"},
				"up": {"uv": [5, 14, 6, 15], "texture": "#1"},
				"down": {"uv": [6, 14, 7, 15], "texture": "#1"}
			}
		},
		{
			"from": [5.25, 2.85, 4.4],
			"to": [7.25, 4.85, 5.9],
			"rotation": {"angle": -45, "axis": "z", "origin": [8, 5, 5]},
			"faces": {
				"north": {"uv": [1, 15, 2, 16], "texture": "#1"},
				"east": {"uv": [0, 15, 1, 16], "texture": "#1"},
				"south": {"uv": [3, 15, 4, 16], "texture": "#1"},
				"west": {"uv": [2, 15, 3, 16], "texture": "#1"},
				"up": {"uv": [1, 14, 2, 15], "texture": "#1"},
				"down": {"uv": [2, 14, 3, 15], "texture": "#1"}
			}
		}
	],
	"display": {
		"thirdperson_righthand": {
			"rotation": [75, 45, 0],
			"translation": [0, 2.5, 0],
			"scale": [0.375, 0.375, 0.375]
		},
		"thirdperson_lefthand": {
			"rotation": [75, 45, 0],
			"translation": [0, 2.5, 0],
			"scale": [0.375, 0.375, 0.375]
		},
		"firstperson_righthand": {
			"rotation": [-180, 52.5, -180],
			"translation": [0, 7.25, 0]
		},
		"firstperson_lefthand": {
			"rotation": [0, -28.5, 0],
			"translation": [1, 7.25, -1]
		},
		"ground": {
			"translation": [0, 1.5, 0],
			"scale": [0.5, 0.5, 0.5]
		},
		"gui": {
			"rotation": [-149, 32.25, -180],
			"translation": [0, 3.25, 0],
			"scale": [0.95898, 0.95898, 0.95898]
		},
		"head": {
			"rotation": [9.25, -12.75, 0],
			"translation": [-0.25, 18.75, 3],
			"scale": [1.96484, 1.96484, 1.96484]
		},
		"fixed": {
			"rotation": [-90, 0, 0],
			"translation": [0, 0, -14.5],
			"scale": [1.83398, 1.83398, 1.83398]
		}
	}
}