{
	"credit": "Made with Blockbench",
	"texture_size": [64, 64],
	"textures": {
		"1": "./megumin_hat_ny",
		"particle": "./megumin_hat_ny_light"
	},
	"elements": [
		{
			"from": [2, 0, 2],
			"to": [14, 1, 14],
			"faces": {
				"north": {"uv": [6.75, 3, 9.75, 3.25], "texture": "#1"},
				"east": {"uv": [3.25, 6.75, 6.25, 7], "texture": "#1"},
				"south": {"uv": [6.75, 3.25, 9.75, 3.5], "texture": "#1"},
				"west": {"uv": [6.75, 3.5, 9.75, 3.75], "texture": "#1"},
				"up": {"uv": [3, 3, 0, 0], "texture": "#1"},
				"down": {"uv": [3, 3, 0, 6], "texture": "#1"}
			}
		},
		{
			"from": [4, 1, 4],
			"to": [12, 4, 12],
			"faces": {
				"north": {"uv": [6.5, 0, 8.5, 0.75], "texture": "#1"},
				"east": {"uv": [6.5, 0.75, 8.5, 1.5], "texture": "#1"},
				"south": {"uv": [6.5, 1.5, 8.5, 2.25], "texture": "#1"},
				"west": {"uv": [6.5, 2.25, 8.5, 3], "texture": "#1"},
				"up": {"uv": [5, 2, 3, 0], "texture": "#1"},
				"down": {"uv": [5, 2, 3, 4], "texture": "#1"}
			}
		},
		{
			"from": [3.75, 0.75, 3.75],
			"to": [12.25, 4.25, 12.25],
			"faces": {
				"north": {"uv": [10.75, 8.5, 12.75, 9.25], "texture": "#1"},
				"east": {"uv": [10.75, 9.25, 12.75, 10], "texture": "#1"},
				"south": {"uv": [10.75, 10, 12.75, 10.75], "texture": "#1"},
				"west": {"uv": [10.75, 10.75, 12.75, 11.5], "texture": "#1"},
				"up": {"uv": [9.25, 10.5, 7.25, 8.5], "texture": "#1"},
				"down": {"uv": [9.25, 10.5, 7.25, 12.5], "texture": "#1"}
			}
		},
		{
			"from": [4.5, 2.75, 5.5],
			"to": [11.5, 6.75, 12],
			"rotation": {"angle": 22.5, "axis": "x", "origin": [8, 6, 8]},
			"faces": {
				"north": {"uv": [5, 3, 6.75, 4], "texture": "#1"},
				"east": {"uv": [3, 5.75, 4.75, 6.75], "texture": "#1"},
				"south": {"uv": [4.75, 5.75, 6.5, 6.75], "texture": "#1"},
				"west": {"uv": [0, 6, 1.75, 7], "texture": "#1"},
				"up": {"uv": [4.75, 5.75, 3, 4], "texture": "#1"},
				"down": {"uv": [6.5, 4, 4.75, 5.75], "texture": "#1"}
			}
		},
		{
			"from": [4.25, 2.5, 5.25],
			"to": [11.75, 7, 12.25],
			"rotation": {"angle": 22.5, "axis": "x", "origin": [8, 6, 8]},
			"faces": {
				"north": {"uv": [13, 10.75, 14.75, 11.75], "texture": "#1"},
				"east": {"uv": [11, 13.5, 12.75, 14.5], "texture": "#1"},
				"south": {"uv": [12.75, 13.5, 14.5, 14.5], "texture": "#1"},
				"west": {"uv": [8, 13.75, 9.75, 14.75], "texture": "#1"},
				"up": {"uv": [12.75, 13.5, 11, 11.75], "texture": "#1"},
				"down": {"uv": [14.5, 11.75, 12.75, 13.5], "texture": "#1"}
			}
		},
		{
			"from": [5, 5.25, 5.75],
			"to": [11, 9, 11.25],
			"rotation": {"angle": 45, "axis": "x", "origin": [8, 6, 8]},
			"faces": {
				"north": {"uv": [6.5, 4, 8, 5], "texture": "#1"},
				"east": {"uv": [6.5, 5, 8, 6], "texture": "#1"},
				"south": {"uv": [6.5, 6, 8, 7], "texture": "#1"},
				"west": {"uv": [1.75, 6.75, 3.25, 7.75], "texture": "#1"},
				"up": {"uv": [6.5, 1.5, 5, 0], "texture": "#1"},
				"down": {"uv": [6.5, 1.5, 5, 3], "texture": "#1"}
			}
		},
		{
			"from": [4.75, 5, 5.5],
			"to": [11.25, 9.25, 11.5],
			"rotation": {"angle": 45, "axis": "x", "origin": [8, 6, 8]},
			"faces": {
				"north": {"uv": [14.5, 11.75, 16, 12.75], "texture": "#1"},
				"east": {"uv": [14.5, 12.75, 16, 13.75], "texture": "#1"},
				"south": {"uv": [14.5, 13.75, 16, 14.75], "texture": "#1"},
				"west": {"uv": [9.75, 14.5, 11.25, 15.5], "texture": "#1"},
				"up": {"uv": [14.5, 9.25, 13, 7.75], "texture": "#1"},
				"down": {"uv": [14.5, 9.25, 13, 10.75], "texture": "#1"}
			}
		},
		{
			"from": [6.5, 5, 10.25],
			"to": [9.5, 8, 13.25],
			"rotation": {"angle": -22.5, "axis": "x", "origin": [8, 6, 8]},
			"faces": {
				"north": {"uv": [1.75, 6, 2.5, 6.75], "texture": "#1"},
				"east": {"uv": [0, 7, 0.75, 7.75], "rotation": 270, "texture": "#1"},
				"south": {"uv": [4.75, 7, 5.5, 7.75], "texture": "#1"},
				"west": {"uv": [3.25, 7, 4, 7.75], "rotation": 90, "texture": "#1"},
				"up": {"uv": [2.5, 6.75, 1.75, 6], "texture": "#1"},
				"down": {"uv": [1.5, 7, 0.75, 7.75], "texture": "#1"}
			}
		},
		{
			"from": [6.25, 4.75, 10],
			"to": [9.75, 8.25, 13.5],
			"rotation": {"angle": -22.5, "axis": "x", "origin": [8, 6, 8]},
			"faces": {
				"north": {"uv": [9.75, 13.75, 10.5, 14.5], "texture": "#1"},
				"east": {"uv": [8, 14.75, 8.75, 15.5], "rotation": 270, "texture": "#1"},
				"south": {"uv": [12.75, 14.75, 13.5, 15.5], "texture": "#1"},
				"west": {"uv": [11.25, 14.75, 12, 15.5], "rotation": 90, "texture": "#1"},
				"up": {"uv": [10.5, 14.5, 9.75, 13.75], "texture": "#1"},
				"down": {"uv": [9.5, 14.75, 8.75, 15.5], "texture": "#1"}
			}
		},
		{
			"from": [7, 9, 10.5],
			"to": [9, 11, 13.5],
			"rotation": {"angle": 22.5, "axis": "x", "origin": [8, 6, 8]},
			"faces": {
				"north": {"uv": [0, 7.75, 0.5, 8.25], "texture": "#1"},
				"east": {"uv": [5.5, 7, 6.25, 7.5], "texture": "#1"},
				"south": {"uv": [0.5, 7.75, 1, 8.25], "texture": "#1"},
				"west": {"uv": [6.25, 7, 7, 7.5], "texture": "#1"},
				"up": {"uv": [3, 6.75, 2.5, 6], "texture": "#1"},
				"down": {"uv": [7.5, 7, 7, 7.75], "texture": "#1"}
			}
		},
		{
			"from": [6.75, 8.75, 10.25],
			"to": [9.25, 11.25, 13.75],
			"rotation": {"angle": 22.5, "axis": "x", "origin": [8, 6, 8]},
			"faces": {
				"north": {"uv": [8, 15.5, 8.5, 16], "texture": "#1"},
				"east": {"uv": [13.5, 14.75, 14.25, 15.25], "texture": "#1"},
				"south": {"uv": [8.5, 15.5, 9, 16], "texture": "#1"},
				"west": {"uv": [14.25, 14.75, 15, 15.25], "texture": "#1"},
				"up": {"uv": [11, 14.5, 10.5, 13.75], "texture": "#1"},
				"down": {"uv": [15.5, 14.75, 15, 15.5], "texture": "#1"}
			}
		},
		{
			"from": [7, 0.993, 14.3467],
			"to": [9, 6.993, 14.3467],
			"rotation": {"angle": 0, "axis": "x", "origin": [8, 5.743, 13.8467]},
			"faces": {
				"north": {"uv": [0.5, 9.75, 0, 11.25], "texture": "#1"},
				"east": {"uv": [5.5, 7, 6.25, 7.5], "texture": "#1"},
				"south": {"uv": [0, 9.75, 0.5, 11.25], "texture": "#1"},
				"west": {"uv": [6.25, 7, 7, 7.5], "texture": "#1"},
				"up": {"uv": [3, 6.75, 2.5, 6], "texture": "#1"},
				"down": {"uv": [7.5, 7, 7, 7.75], "texture": "#1"}
			}
		},
		{
			"from": [8.15, 5.75, 4.3],
			"to": [10.15, 7.75, 5.8],
			"rotation": {"angle": -45, "axis": "z", "origin": [8, 5, 5]},
			"faces": {
				"north": {"uv": [5, 15, 6, 16], "texture": "#1"},
				"east": {"uv": [4, 15, 5, 16], "texture": "#1"},
				"south": {"uv": [7, 15, 8, 16], "texture": "#1"},
				"west": {"uv": [6, 15, 7, 16], "texture": "#1"},
				"up": {"uv": [5, 14, 6, 15], "texture": "#1"},
				"down": {"uv": [6, 14, 7, 15], "texture": "#1"}
			}
		},
		{
			"from": [5.25, 2.85, 4.4],
			"to": [7.25, 4.85, 5.9],
			"rotation": {"angle": -45, "axis": "z", "origin": [8, 5, 5]},
			"faces": {
				"north": {"uv": [1, 15, 2, 16], "texture": "#1"},
				"east": {"uv": [0, 15, 1, 16], "texture": "#1"},
				"south": {"uv": [3, 15, 4, 16], "texture": "#1"},
				"west": {"uv": [2, 15, 3, 16], "texture": "#1"},
				"up": {"uv": [1, 14, 2, 15], "texture": "#1"},
				"down": {"uv": [2, 14, 3, 15], "texture": "#1"}
			}
		},
		{
			"from": [8, 4, 14.5],
			"to": [9, 6, 15.5],
			"rotation": {"angle": -22.5, "axis": "x", "origin": [8.5, 5, 14.5]},
			"faces": {
				"north": {"uv": [15.75, 0, 16, 0.5], "texture": "#1"},
				"east": {"uv": [15.75, 0, 16, 0.5], "texture": "#1"},
				"south": {"uv": [15.75, 0, 16, 0.5], "texture": "#1"},
				"west": {"uv": [15.75, 0, 16, 0.5], "texture": "#1"},
				"up": {"uv": [15.75, 0, 16, 0.25], "texture": "#1"},
				"down": {"uv": [16, 0.25, 15.75, 0.5], "texture": "#1"}
			}
		},
		{
			"from": [7.9, 3.9, 14.4],
			"to": [9.1, 6.1, 15.6],
			"rotation": {"angle": -22.5, "axis": "x", "origin": [8.5, 5, 14.5]},
			"faces": {
				"north": {"uv": [15.25, 0.5, 16, 1.75], "texture": "#1"},
				"east": {"uv": [15.25, 0.5, 16, 1.75], "texture": "#1"},
				"south": {"uv": [15.25, 0.5, 16, 1.75], "texture": "#1"},
				"west": {"uv": [15.25, 0.5, 16, 1.75], "texture": "#1"},
				"up": {"uv": [15.25, 0.5, 16, 1.75], "texture": "#1"},
				"down": {"uv": [15.25, 0.5, 16, 1.75], "texture": "#1"}
			}
		},
		{
			"from": [11.25, 5.97344, 9.56181],
			"to": [12.25, 7.97344, 10.56181],
			"rotation": {"angle": 0, "axis": "x", "origin": [8.5, 6.97344, 8.81181]},
			"faces": {
				"north": {"uv": [15.75, 0, 16, 0.5], "texture": "#1"},
				"east": {"uv": [15.75, 0, 16, 0.5], "texture": "#1"},
				"south": {"uv": [15.75, 0, 16, 0.5], "texture": "#1"},
				"west": {"uv": [15.75, 0, 16, 0.5], "texture": "#1"},
				"up": {"uv": [15.75, 0, 16, 0.25], "texture": "#1"},
				"down": {"uv": [16, 0.25, 15.75, 0.5], "texture": "#1"}
			}
		},
		{
			"from": [11.15, 5.87344, 9.46181],
			"to": [12.35, 8.07344, 10.66181],
			"rotation": {"angle": 0, "axis": "x", "origin": [8.5, 6.97344, 8.81181]},
			"faces": {
				"north": {"uv": [15.25, 0.5, 16, 1.75], "texture": "#1"},
				"east": {"uv": [15.25, 0.5, 16, 1.75], "texture": "#1"},
				"south": {"uv": [15.25, 0.5, 16, 1.75], "texture": "#1"},
				"west": {"uv": [15.25, 0.5, 16, 1.75], "texture": "#1"},
				"up": {"uv": [15.25, 0.5, 16, 1.75], "texture": "#1"},
				"down": {"uv": [15.25, 0.5, 16, 1.75], "texture": "#1"}
			}
		},
		{
			"from": [11.4, 3.4, 10.9],
			"to": [12.6, 5.6, 12.1],
			"rotation": {"angle": 45, "axis": "z", "origin": [12.5, 5, 11.5]},
			"faces": {
				"north": {"uv": [13, 0.5, 12.25, 1.75], "texture": "#1"},
				"east": {"uv": [13, 0.5, 12.25, 1.75], "texture": "#1"},
				"south": {"uv": [13, 0.5, 12.25, 1.75], "texture": "#1"},
				"west": {"uv": [13, 0.5, 12.25, 1.75], "texture": "#1"},
				"up": {"uv": [13, 0.5, 12.25, 1.75], "texture": "#1"},
				"down": {"uv": [13, 0.5, 12.25, 1.75], "texture": "#1"}
			}
		},
		{
			"from": [11.5, 3.5, 11],
			"to": [12.5, 5.5, 12],
			"rotation": {"angle": 45, "axis": "z", "origin": [12.5, 5, 11.5]},
			"faces": {
				"north": {"uv": [14.75, 0, 15, 0.5], "texture": "#1"},
				"east": {"uv": [14.75, 0, 15, 0.5], "texture": "#1"},
				"south": {"uv": [14.75, 0, 15, 0.5], "texture": "#1"},
				"west": {"uv": [14.75, 0, 15, 0.5], "texture": "#1"},
				"up": {"uv": [14.75, 0, 15, 0.25], "texture": "#1"},
				"down": {"uv": [14.75, 0.25, 15, 0.5], "texture": "#1"}
			}
		},
		{
			"from": [3.4, 3.4, 9.4],
			"to": [4.6, 5.6, 10.6],
			"rotation": {"angle": -22.5, "axis": "z", "origin": [12.5, 5, 11.5]},
			"faces": {
				"north": {"uv": [13, 0.5, 12.25, 1.75], "texture": "#1"},
				"east": {"uv": [13, 0.5, 12.25, 1.75], "texture": "#1"},
				"south": {"uv": [13, 0.5, 12.25, 1.75], "texture": "#1"},
				"west": {"uv": [13, 0.5, 12.25, 1.75], "texture": "#1"},
				"up": {"uv": [13, 0.5, 12.25, 1.75], "texture": "#1"},
				"down": {"uv": [13, 0.5, 12.25, 1.75], "texture": "#1"}
			}
		},
		{
			"from": [3.5, 3.5, 9.5],
			"to": [4.5, 5.5, 10.5],
			"rotation": {"angle": -22.5, "axis": "z", "origin": [12.5, 5, 11.5]},
			"faces": {
				"north": {"uv": [14.75, 0, 15, 0.5], "texture": "#1"},
				"east": {"uv": [14.75, 0, 15, 0.5], "texture": "#1"},
				"south": {"uv": [14.75, 0, 15, 0.5], "texture": "#1"},
				"west": {"uv": [14.75, 0, 15, 0.5], "texture": "#1"},
				"up": {"uv": [14.75, 0, 15, 0.25], "texture": "#1"},
				"down": {"uv": [14.75, 0.25, 15, 0.5], "texture": "#1"}
			}
		},
		{
			"from": [6.9, 7.44289, 4.4],
			"to": [8.1, 8.64289, 6.6],
			"rotation": {"angle": -22.5, "axis": "x", "origin": [7.5, 8.54289, 5.5]},
			"faces": {
				"north": {"uv": [13, 0.5, 12.25, 1.75], "rotation": 180, "texture": "#1"},
				"east": {"uv": [13, 0.5, 12.25, 1.75], "rotation": 270, "texture": "#1"},
				"south": {"uv": [13, 0.5, 12.25, 1.75], "texture": "#1"},
				"west": {"uv": [13, 0.5, 12.25, 1.75], "rotation": 90, "texture": "#1"},
				"up": {"uv": [13, 0.5, 12.25, 1.75], "rotation": 180, "texture": "#1"},
				"down": {"uv": [13, 0.5, 12.25, 1.75], "texture": "#1"}
			}
		},
		{
			"from": [7, 7.54289, 4.5],
			"to": [8, 8.54289, 6.5],
			"rotation": {"angle": -22.5, "axis": "x", "origin": [7.5, 8.54289, 5.5]},
			"faces": {
				"north": {"uv": [14.75, 0.25, 15, 0.5], "rotation": 180, "texture": "#1"},
				"east": {"uv": [14.75, 0, 15, 0.5], "rotation": 270, "texture": "#1"},
				"south": {"uv": [14.75, 0, 15, 0.25], "texture": "#1"},
				"west": {"uv": [14.75, 0, 15, 0.5], "rotation": 90, "texture": "#1"},
				"up": {"uv": [14.75, 0, 15, 0.5], "rotation": 180, "texture": "#1"},
				"down": {"uv": [14.75, 0, 15, 0.5], "texture": "#1"}
			}
		},
		{
			"from": [5.9, 4.9, 13.15],
			"to": [7.1, 7.1, 14.35],
			"rotation": {"angle": -22.5, "axis": "z", "origin": [7.5, 6, 14.5]},
			"faces": {
				"north": {"uv": [13, 0.5, 13.75, 1.75], "texture": "#1"},
				"east": {"uv": [13, 0.5, 13.75, 1.75], "texture": "#1"},
				"south": {"uv": [13, 0.5, 13.75, 1.75], "texture": "#1"},
				"west": {"uv": [13, 0.5, 13.75, 1.75], "texture": "#1"},
				"up": {"uv": [13, 0.5, 13.75, 1.75], "texture": "#1"},
				"down": {"uv": [13, 0.5, 13.75, 1.75], "texture": "#1"}
			}
		},
		{
			"from": [6, 5, 13.25],
			"to": [7, 7, 14.25],
			"rotation": {"angle": -22.5, "axis": "z", "origin": [7.5, 6, 14.5]},
			"faces": {
				"north": {"uv": [15, 0, 15.25, 0.5], "texture": "#1"},
				"east": {"uv": [15, 0, 15.25, 0.5], "texture": "#1"},
				"south": {"uv": [15, 0, 15.25, 0.5], "texture": "#1"},
				"west": {"uv": [15, 0, 15.25, 0.5], "texture": "#1"},
				"up": {"uv": [15, 0, 15.25, 0.25], "texture": "#1"},
				"down": {"uv": [15, 0.25, 15.25, 0.5], "texture": "#1"}
			}
		},
		{
			"from": [3.9, 2.15, 10.15],
			"to": [5.1, 4.35, 11.35],
			"rotation": {"angle": -22.5, "axis": "z", "origin": [7.5, 6, 14.5]},
			"faces": {
				"north": {"uv": [13, 0.5, 13.75, 1.75], "texture": "#1"},
				"east": {"uv": [13, 0.5, 13.75, 1.75], "texture": "#1"},
				"south": {"uv": [13, 0.5, 13.75, 1.75], "texture": "#1"},
				"west": {"uv": [13, 0.5, 13.75, 1.75], "texture": "#1"},
				"up": {"uv": [13, 0.5, 13.75, 1.75], "texture": "#1"},
				"down": {"uv": [13, 0.5, 13.75, 1.75], "texture": "#1"}
			}
		},
		{
			"from": [4, 2.25, 10.25],
			"to": [5, 4.25, 11.25],
			"rotation": {"angle": -22.5, "axis": "z", "origin": [7.5, 6, 14.5]},
			"faces": {
				"north": {"uv": [15, 0, 15.25, 0.5], "texture": "#1"},
				"east": {"uv": [15, 0, 15.25, 0.5], "texture": "#1"},
				"south": {"uv": [15, 0, 15.25, 0.5], "texture": "#1"},
				"west": {"uv": [15, 0, 15.25, 0.5], "texture": "#1"},
				"up": {"uv": [15, 0, 15.25, 0.25], "texture": "#1"},
				"down": {"uv": [15, 0.25, 15.25, 0.5], "texture": "#1"}
			}
		},
		{
			"from": [7.4, 9.32739, 8.75488],
			"to": [8.6, 10.52739, 10.95488],
			"rotation": {"angle": 0, "axis": "x", "origin": [8, 10.17739, 10.60488]},
			"faces": {
				"north": {"uv": [13, 0.5, 13.75, 1.75], "rotation": 180, "texture": "#1"},
				"east": {"uv": [13, 0.5, 13.75, 1.75], "rotation": 270, "texture": "#1"},
				"south": {"uv": [13, 0.5, 13.75, 1.75], "texture": "#1"},
				"west": {"uv": [13, 0.5, 13.75, 1.75], "rotation": 90, "texture": "#1"},
				"up": {"uv": [13, 0.5, 13.75, 1.75], "rotation": 180, "texture": "#1"},
				"down": {"uv": [13, 0.5, 13.75, 1.75], "texture": "#1"}
			}
		},
		{
			"from": [7.5, 9.42739, 8.85488],
			"to": [8.5, 10.42739, 10.85488],
			"rotation": {"angle": 0, "axis": "x", "origin": [8, 10.17739, 10.60488]},
			"faces": {
				"north": {"uv": [15, 0.25, 15.25, 0.5], "rotation": 180, "texture": "#1"},
				"east": {"uv": [15, 0, 15.25, 0.5], "rotation": 270, "texture": "#1"},
				"south": {"uv": [15, 0, 15.25, 0.25], "texture": "#1"},
				"west": {"uv": [15, 0, 15.25, 0.5], "rotation": 90, "texture": "#1"},
				"up": {"uv": [15, 0, 15.25, 0.5], "rotation": 180, "texture": "#1"},
				"down": {"uv": [15, 0, 15.25, 0.5], "texture": "#1"}
			}
		},
		{
			"from": [11.65, 4.4, 5.65],
			"to": [12.85, 6.6, 6.85],
			"rotation": {"angle": 22.5, "axis": "z", "origin": [12.5, 6, 5.5]},
			"faces": {
				"north": {"uv": [14.5, 0.5, 13.75, 1.75], "texture": "#1"},
				"east": {"uv": [14.5, 0.5, 13.75, 1.75], "texture": "#1"},
				"south": {"uv": [14.5, 0.5, 13.75, 1.75], "texture": "#1"},
				"west": {"uv": [14.5, 0.5, 13.75, 1.75], "texture": "#1"},
				"up": {"uv": [14.5, 0.5, 13.75, 1.75], "texture": "#1"},
				"down": {"uv": [14.5, 0.5, 13.75, 1.75], "texture": "#1"}
			}
		},
		{
			"from": [11.75, 4.5, 5.75],
			"to": [12.75, 6.5, 6.75],
			"rotation": {"angle": 22.5, "axis": "z", "origin": [12.5, 6, 5.5]},
			"faces": {
				"north": {"uv": [15.25, 0, 15.5, 0.5], "texture": "#1"},
				"east": {"uv": [15.25, 0, 15.5, 0.5], "texture": "#1"},
				"south": {"uv": [15.25, 0, 15.5, 0.5], "texture": "#1"},
				"west": {"uv": [15.25, 0, 15.5, 0.5], "texture": "#1"},
				"up": {"uv": [15.25, 0, 15.5, 0.25], "texture": "#1"},
				"down": {"uv": [15.25, 0.25, 15.5, 0.5], "texture": "#1"}
			}
		},
		{
			"from": [3.15, 4.15, 5.15],
			"to": [4.35, 6.35, 6.35],
			"rotation": {"angle": -22.5, "axis": "z", "origin": [3.75, 5.25, 5.75]},
			"faces": {
				"north": {"uv": [14.5, 0.5, 15.25, 1.75], "texture": "#1"},
				"east": {"uv": [14.5, 0.5, 15.25, 1.75], "texture": "#1"},
				"south": {"uv": [14.5, 0.5, 15.25, 1.75], "texture": "#1"},
				"west": {"uv": [14.5, 0.5, 15.25, 1.75], "texture": "#1"},
				"up": {"uv": [14.5, 0.5, 15.25, 1.75], "texture": "#1"},
				"down": {"uv": [14.5, 0.5, 15.25, 1.75], "texture": "#1"}
			}
		},
		{
			"from": [3.25, 4.25, 5.25],
			"to": [4.25, 6.25, 6.25],
			"rotation": {"angle": -22.5, "axis": "z", "origin": [3.75, 5.25, 5.75]},
			"faces": {
				"north": {"uv": [15.5, 0, 15.75, 0.5], "texture": "#1"},
				"east": {"uv": [15.5, 0, 15.75, 0.5], "texture": "#1"},
				"south": {"uv": [15.5, 0, 15.75, 0.5], "texture": "#1"},
				"west": {"uv": [15.5, 0, 15.75, 0.5], "texture": "#1"},
				"up": {"uv": [15.5, 0, 15.75, 0.25], "texture": "#1"},
				"down": {"uv": [15.5, 0.25, 15.75, 0.5], "texture": "#1"}
			}
		},
		{
			"from": [10.15, 1.4, 2.65],
			"to": [11.35, 3.6, 3.85],
			"rotation": {"angle": 22.5, "axis": "x", "origin": [10.75, 2.25, 3.75]},
			"faces": {
				"north": {"uv": [14.5, 0.5, 15.25, 1.75], "texture": "#1"},
				"east": {"uv": [14.5, 0.5, 15.25, 1.75], "texture": "#1"},
				"south": {"uv": [14.5, 0.5, 15.25, 1.75], "texture": "#1"},
				"west": {"uv": [14.5, 0.5, 15.25, 1.75], "texture": "#1"},
				"up": {"uv": [14.5, 0.5, 15.25, 1.75], "texture": "#1"},
				"down": {"uv": [14.5, 0.5, 15.25, 1.75], "texture": "#1"}
			}
		},
		{
			"from": [10.25, 1.5, 2.75],
			"to": [11.25, 3.5, 3.75],
			"rotation": {"angle": 22.5, "axis": "x", "origin": [10.75, 2.25, 3.75]},
			"faces": {
				"north": {"uv": [15.5, 0, 15.75, 0.5], "texture": "#1"},
				"east": {"uv": [15.5, 0, 15.75, 0.5], "texture": "#1"},
				"south": {"uv": [15.5, 0, 15.75, 0.5], "texture": "#1"},
				"west": {"uv": [15.5, 0, 15.75, 0.5], "texture": "#1"},
				"up": {"uv": [15.5, 0, 15.75, 0.25], "texture": "#1"},
				"down": {"uv": [15.5, 0.25, 15.75, 0.5], "texture": "#1"}
			}
		},
		{
			"from": [8, 1.31478, 13.87625],
			"to": [9, 3.31478, 14.87625],
			"rotation": {"angle": 0, "axis": "x", "origin": [8, 8.16478, 13.22625]},
			"faces": {
				"north": {"uv": [14.5, 0, 14.75, 0.5], "texture": "#1"},
				"east": {"uv": [14.5, 0, 14.75, 0.5], "texture": "#1"},
				"south": {"uv": [14.5, 0, 14.75, 0.5], "texture": "#1"},
				"west": {"uv": [14.5, 0, 14.75, 0.5], "texture": "#1"},
				"up": {"uv": [14.5, 0, 14.75, 0.25], "texture": "#1"},
				"down": {"uv": [14.5, 0.25, 14.75, 0.5], "texture": "#1"}
			}
		},
		{
			"from": [7.9, 1.21478, 13.77625],
			"to": [9.1, 3.41478, 14.97625],
			"rotation": {"angle": 0, "axis": "x", "origin": [8, 8.16478, 13.22625]},
			"faces": {
				"north": {"uv": [11.5, 0.5, 12.25, 1.75], "texture": "#1"},
				"east": {"uv": [11.5, 0.5, 12.25, 1.75], "texture": "#1"},
				"south": {"uv": [11.5, 0.5, 12.25, 1.75], "texture": "#1"},
				"west": {"uv": [11.5, 0.5, 12.25, 1.75], "texture": "#1"},
				"up": {"uv": [11.5, 0.5, 12.25, 1.75], "texture": "#1"},
				"down": {"uv": [11.5, 0.5, 12.25, 1.75], "texture": "#1"}
			}
		}
	],
	"display": {
		"thirdperson_righthand": {
			"rotation": [75, 45, 0],
			"translation": [0, 2.5, 0],
			"scale": [0.375, 0.375, 0.375]
		},
		"thirdperson_lefthand": {
			"rotation": [75, 45, 0],
			"translation": [0, 2.5, 0],
			"scale": [0.375, 0.375, 0.375]
		},
		"firstperson_righthand": {
			"rotation": [-180, 52.5, -180],
			"translation": [0, 7.25, 0]
		},
		"firstperson_lefthand": {
			"rotation": [0, -28.5, 0],
			"translation": [1, 7.25, -1]
		},
		"ground": {
			"translation": [0, 1.5, 0],
			"scale": [0.5, 0.5, 0.5]
		},
		"gui": {
			"rotation": [-149, 32.25, -180],
			"translation": [0, 3.25, 0],
			"scale": [0.95898, 0.95898, 0.95898]
		},
		"head": {
			"rotation": [9.25, -12.75, 0],
			"translation": [-0.25, 18.75, 3],
			"scale": [1.96484, 1.96484, 1.96484]
		},
		"fixed": {
			"rotation": [-90, 0, 0],
			"translation": [0, 0, -14.5],
			"scale": [1.83398, 1.83398, 1.83398]
		}
	},
	"groups": [
		0,
		1,
		2,
		3,
		4,
		5,
		6,
		7,
		8,
		9,
		10,
		11,
		12,
		13,
		{
			"name": "group",
			"origin": [8, 5, 5],
			"color": 0,
			"children": [
				{
					"name": "red",
					"origin": [0, 0, 0],
					"color": 0,
					"children": [14, 15]
				},
				{
					"name": "red",
					"origin": [0, 0, 0],
					"color": 0,
					"children": [16, 17]
				},
				{
					"name": "green",
					"origin": [0, 0, 0],
					"color": 0,
					"children": [18, 19]
				},
				{
					"name": "green",
					"origin": [0, 0, 0],
					"color": 0,
					"children": [20, 21]
				},
				{
					"name": "green",
					"origin": [0, 0, 0],
					"color": 0,
					"children": [22, 23]
				},
				{
					"name": "purple",
					"origin": [0, 0, 0],
					"color": 0,
					"children": [24, 25]
				},
				{
					"name": "purple",
					"origin": [0, 0, 0],
					"color": 0,
					"children": [26, 27]
				},
				{
					"name": "purple",
					"origin": [0, 0, 0],
					"color": 0,
					"children": [28, 29]
				},
				{
					"name": "yellow",
					"origin": [0, 0, 0],
					"color": 0,
					"children": [30, 31]
				},
				{
					"name": "blue",
					"origin": [0, 0, 0],
					"color": 0,
					"children": [32, 33]
				},
				{
					"name": "blue",
					"origin": [0, 0, 0],
					"color": 0,
					"children": [34, 35]
				},
				36,
				37
			]
		}
	]
}