{
	"credit": "Made with Blockbench",
	"parent": "megumin_staff",
	"texture_size": [32, 32],
	"textures": {
		"0": "./megumin_staff",
		"particle": "./megumin_staff"
	},
	"elements": [
		{
			"from": [7.35, 1, 7.5],
			"to": [8.35, 20, 8.5],
			"faces": {
				"north": {"uv": [0, 0, 0.5, 9.5], "texture": "#0"},
				"east": {"uv": [0.5, 0, 1, 9.5], "texture": "#0"},
				"south": {"uv": [1, 0, 1.5, 9.5], "texture": "#0"},
				"west": {"uv": [1.5, 0, 2, 9.5], "texture": "#0"},
				"up": {"uv": [7.5, 10, 7, 9.5], "texture": "#0"},
				"down": {"uv": [8, 9.5, 7.5, 10], "texture": "#0"}
			}
		},
		{
			"from": [7, -1, 7],
			"to": [9, 2, 9],
			"rotation": {"angle": 22.5, "axis": "z", "origin": [8, 1, 8]},
			"faces": {
				"north": {"uv": [7, 3, 8, 4.5], "texture": "#0"},
				"east": {"uv": [4, 7, 5, 8.5], "texture": "#0"},
				"south": {"uv": [7, 4.5, 8, 6], "texture": "#0"},
				"west": {"uv": [5, 7, 6, 8.5], "texture": "#0"},
				"up": {"uv": [4, 9, 3, 8], "texture": "#0"},
				"down": {"uv": [9, 3, 8, 4], "texture": "#0"}
			}
		},
		{
			"from": [5.00483, 18.19443, 7],
			"to": [7.00483, 21.69443, 9],
			"rotation": {"angle": 45, "axis": "z", "origin": [7.00483, 21.69443, 8]},
			"faces": {
				"north": {"uv": [4, 0, 5, 2], "texture": "#0"},
				"east": {"uv": [4, 2, 5, 4], "texture": "#0"},
				"south": {"uv": [4, 4, 5, 6], "texture": "#0"},
				"west": {"uv": [5, 0, 6, 2], "texture": "#0"},
				"up": {"uv": [9, 5, 8, 4], "texture": "#0"},
				"down": {"uv": [9, 5, 8, 6], "texture": "#0"}
			}
		},
		{
			"from": [8.30483, 19.54443, 6.99],
			"to": [8.80483, 21.74443, 9.01],
			"rotation": {"angle": 22.5, "axis": "z", "origin": [7.00483, 21.69443, 8]},
			"faces": {
				"north": {"uv": [13, 0, 12.5, 2], "texture": "#0"},
				"east": {"uv": [12, 2, 14, 0], "rotation": 270, "texture": "#0"},
				"south": {"uv": [12.5, 0, 12, 2], "texture": "#0"},
				"west": {"uv": [14, 0, 12, 2], "texture": "#0"},
				"up": {"uv": [14, 0, 13.5, 2], "texture": "#0"},
				"down": {"uv": [13.5, 0, 13, 2], "texture": "#0"}
			}
		},
		{
			"from": [7.75483, 27.69443, 7.25],
			"to": [9.25483, 30.94443, 8.75],
			"rotation": {"angle": 22.5, "axis": "z", "origin": [7.00483, 21.69443, 8]},
			"faces": {
				"north": {"uv": [2, 10.5, 3, 12.5], "texture": "#0"},
				"east": {"uv": [3, 10.5, 4, 12.5], "texture": "#0"},
				"south": {"uv": [0, 10.5, 1, 12.5], "texture": "#0"},
				"west": {"uv": [1, 10.5, 2, 12.5], "texture": "#0"},
				"up": {"uv": [1, 13.5, 0, 12.5], "texture": "#0"},
				"down": {"uv": [5, 8.5, 4, 9.5], "texture": "#0"}
			}
		},
		{
			"from": [7.50483, 22.94443, 7],
			"to": [9.50483, 24.94443, 9],
			"rotation": {"angle": 22.5, "axis": "z", "origin": [7.00483, 21.69443, 8]},
			"faces": {
				"north": {"uv": [10, 6, 12, 8], "texture": "#0"},
				"east": {"uv": [12, 4, 14, 6], "texture": "#0"},
				"south": {"uv": [10, 4, 12, 6], "texture": "#0"},
				"west": {"uv": [12, 6, 14, 8], "texture": "#0"},
				"up": {"uv": [12, 2, 14, 4], "texture": "#0"},
				"down": {"uv": [10, 2, 12, 4], "texture": "#0"}
			}
		},
		{
			"from": [9.31714, 22.99609, 6.9],
			"to": [11.56714, 23.49609, 9.1],
			"rotation": {"angle": 0, "axis": "y", "origin": [10.71714, 24.34609, 8]},
			"faces": {
				"north": {"uv": [10, 0, 12, 0.5], "texture": "#0"},
				"east": {"uv": [10, 0.5, 12, 1], "texture": "#0"},
				"south": {"uv": [10, 1, 12, 1.5], "texture": "#0"},
				"west": {"uv": [10, 1.5, 12, 2], "texture": "#0"},
				"up": {"uv": [10, 0, 12, 2], "rotation": 90, "texture": "#0"},
				"down": {"uv": [10, 0, 12, 2], "rotation": 180, "texture": "#0"}
			}
		},
		{
			"from": [7.4, 20.55, 7.0001],
			"to": [11.4, 22.55, 8.9999],
			"rotation": {"angle": 22.5, "axis": "z", "origin": [9.5, 21, 8]},
			"faces": {
				"north": {"uv": [2, 5, 4, 6], "texture": "#0"},
				"east": {"uv": [9, 4, 10, 5], "texture": "#0"},
				"south": {"uv": [5, 2, 7, 3], "texture": "#0"},
				"west": {"uv": [9, 5, 10, 6], "texture": "#0"},
				"up": {"uv": [7, 4, 5, 3], "texture": "#0"},
				"down": {"uv": [7, 4, 5, 5], "texture": "#0"}
			}
		},
		{
			"from": [3.1, 24.15, 7.018],
			"to": [7.1, 26.15, 9],
			"rotation": {"angle": -45, "axis": "z", "origin": [9.5, 21, 8]},
			"faces": {
				"north": {"uv": [5, 5, 7, 6], "texture": "#0"},
				"east": {"uv": [9, 6, 10, 7], "texture": "#0"},
				"south": {"uv": [6, 0, 8, 1], "texture": "#0"},
				"west": {"uv": [9, 7, 10, 8], "texture": "#0"},
				"up": {"uv": [8, 2, 6, 1], "texture": "#0"},
				"down": {"uv": [4, 6, 2, 7], "texture": "#0"}
			}
		},
		{
			"from": [9.45, 21.32, 7.015],
			"to": [11.45, 26.32, 9.015],
			"rotation": {"angle": 0, "axis": "x", "origin": [9.5, 21, 8]},
			"faces": {
				"north": {"uv": [2, 0, 3, 2.5], "texture": "#0"},
				"east": {"uv": [2, 2.5, 3, 5], "texture": "#0"},
				"south": {"uv": [3, 0, 4, 2.5], "texture": "#0"},
				"west": {"uv": [3, 2.5, 4, 5], "texture": "#0"},
				"up": {"uv": [9, 10, 8, 9], "texture": "#0"},
				"down": {"uv": [10, 8, 9, 9], "texture": "#0"}
			}
		},
		{
			"from": [7.8, 26.901, 7.001],
			"to": [11.8, 28.901, 9.001],
			"rotation": {"angle": 22.5, "axis": "z", "origin": [9.5, 21, 8]},
			"faces": {
				"north": {"uv": [4, 6, 6, 7], "texture": "#0"},
				"east": {"uv": [9, 9, 10, 10], "texture": "#0"},
				"south": {"uv": [6, 6, 8, 7], "texture": "#0"},
				"west": {"uv": [0, 9.5, 1, 10.5], "texture": "#0"},
				"up": {"uv": [4, 8, 2, 7], "texture": "#0"},
				"down": {"uv": [9, 2, 7, 3], "texture": "#0"}
			}
		}
	],
	"display": {
		"thirdperson_righthand": {
			"rotation": [6.74, -42, -2.7],
			"translation": [0, -4.75, 0.75],
			"scale": [1.15, 1.15, 1.15]
		},
		"thirdperson_lefthand": {
			"rotation": [-175.01, 46.77, 177.3],
			"translation": [0, -4.75, 1],
			"scale": [1.15, 1.15, 1.15]
		},
		"firstperson_righthand": {
			"rotation": [-28.12, -49.06, -31.1],
			"translation": [-2, -5.5, 0]
		},
		"firstperson_lefthand": {
			"rotation": [152.96, 44.31, -156.62],
			"translation": [-1, -5.75, 0]
		},
		"ground": {
			"rotation": [90, 0, 90],
			"translation": [4, -2.5, 0],
			"scale": [0.57, 0.57, 0.57]
		},
		"gui": {
			"rotation": [-162.23, 19.38, -140.87],
			"translation": [-3.75, -3.25, 0],
			"scale": [0.71484, 0.71484, 0.71484]
		},
		"head": {
			"rotation": [20, 90, 0],
			"translation": [0, -24.25, -13.5],
			"scale": [1.72461, 1.72461, 1.72461]
		},
		"fixed": {
			"rotation": [180, 0, -151.5],
			"translation": [-2.75, -10, -0.5],
			"scale": [2.04492, 2.04492, 2.04492]
		}
	},
	"groups": [
		{
			"name": "group",
			"origin": [0, 0, 0],
			"color": 0,
			"children": [0, 1, 2, 3, 4, 5, 6, 7, 8, 9, 10]
		}
	]
}