{
	"credit": "Made with Blockbench",
	"parent": "megumin_staff_1",
	"texture_size": [32, 32],
	"textures": {
		"2": "./megumin_staff_1"
	},
	"elements": [
		{
			"from": [7.35, 1, 7.5],
			"to": [8.35, 20, 8.5],
			"faces": {
				"north": {"uv": [0, 0, 0.5, 9.5], "texture": "#2"},
				"east": {"uv": [0.5, 0, 1, 9.5], "texture": "#2"},
				"south": {"uv": [1, 0, 1.5, 9.5], "texture": "#2"},
				"west": {"uv": [1.5, 0, 2, 9.5], "texture": "#2"},
				"up": {"uv": [10, 8.5, 9.5, 8], "texture": "#2"},
				"down": {"uv": [10, 8.5, 9.5, 9], "texture": "#2"}
			}
		},
		{
			"from": [7, -1, 7],
			"to": [9, 2, 9],
			"rotation": {"angle": 22.5, "axis": "z", "origin": [8, 1, 8]},
			"faces": {
				"north": {"uv": [7, 3, 8, 4.5], "texture": "#2"},
				"east": {"uv": [4, 7, 5, 8.5], "texture": "#2"},
				"south": {"uv": [7, 4.5, 8, 6], "texture": "#2"},
				"west": {"uv": [5, 7, 6, 8.5], "texture": "#2"},
				"up": {"uv": [7, 8, 6, 7], "texture": "#2"},
				"down": {"uv": [8, 7, 7, 8], "texture": "#2"}
			}
		},
		{
			"from": [5.00483, 18.19443, 7],
			"to": [7.00483, 21.69443, 9],
			"rotation": {"angle": 45, "axis": "z", "origin": [7.00483, 21.69443, 8]},
			"faces": {
				"north": {"uv": [4, 0, 5, 2], "texture": "#2"},
				"east": {"uv": [4, 2, 5, 4], "texture": "#2"},
				"south": {"uv": [4, 4, 5, 6], "texture": "#2"},
				"west": {"uv": [5, 0, 6, 2], "texture": "#2"},
				"up": {"uv": [9, 1, 8, 0], "texture": "#2"},
				"down": {"uv": [9, 1, 8, 2], "texture": "#2"}
			}
		},
		{
			"from": [7.00483, 19.44443, 7.1],
			"to": [11.00483, 21.44443, 8.9],
			"rotation": {"angle": 22.5, "axis": "z", "origin": [7.00483, 21.69443, 8]},
			"faces": {
				"north": {"uv": [2, 5, 4, 6], "texture": "#2"},
				"east": {"uv": [2, 8, 3, 9], "texture": "#2"},
				"south": {"uv": [5, 2, 7, 3], "texture": "#2"},
				"west": {"uv": [3, 8, 4, 9], "texture": "#2"},
				"up": {"uv": [7, 4, 5, 3], "texture": "#2"},
				"down": {"uv": [7, 4, 5, 5], "texture": "#2"}
			}
		},
		{
			"from": [9.00483, 19.34443, 6.99],
			"to": [9.50483, 21.54443, 9.01],
			"rotation": {"angle": 22.5, "axis": "z", "origin": [7.00483, 21.69443, 8]},
			"faces": {
				"north": {"uv": [8, 9, 8.5, 11], "texture": "#2"},
				"east": {"uv": [2, 12, 4, 14], "texture": "#2"},
				"south": {"uv": [9, 8, 9.5, 10], "texture": "#2"},
				"west": {"uv": [2, 10, 4, 12], "texture": "#2"},
				"up": {"uv": [9, 11, 8.5, 9], "texture": "#2"},
				"down": {"uv": [10, 9, 9.5, 11], "texture": "#2"}
			}
		},
		{
			"from": [7.50483, 25.69443, 7],
			"to": [11.50483, 27.69443, 9],
			"rotation": {"angle": 22.5, "axis": "z", "origin": [7.00483, 21.69443, 8]},
			"faces": {
				"north": {"uv": [4, 6, 6, 7], "texture": "#2"},
				"east": {"uv": [8, 6, 9, 7], "texture": "#2"},
				"south": {"uv": [6, 6, 8, 7], "texture": "#2"},
				"west": {"uv": [7, 8, 8, 9], "texture": "#2"},
				"up": {"uv": [4, 8, 2, 7], "texture": "#2"},
				"down": {"uv": [9, 2, 7, 3], "texture": "#2"}
			}
		},
		{
			"from": [7.75483, 27.69443, 7.25],
			"to": [9.25483, 30.69443, 8.75],
			"rotation": {"angle": 22.5, "axis": "z", "origin": [7.00483, 21.69443, 8]},
			"faces": {
				"north": {"uv": [5, 10.5, 6, 12.5], "texture": "#2"},
				"east": {"uv": [4, 10.5, 5, 12.5], "texture": "#2"},
				"south": {"uv": [4, 8.5, 5, 10.5], "texture": "#2"},
				"west": {"uv": [5, 8.5, 6, 10.5], "texture": "#2"},
				"up": {"uv": [10, 1, 9, 0], "texture": "#2"},
				"down": {"uv": [10, 1, 9, 2], "texture": "#2"}
			}
		},
		{
			"from": [7.50483, 22.94443, 7],
			"to": [9.50483, 24.94443, 9],
			"rotation": {"angle": 22.5, "axis": "z", "origin": [7.00483, 21.69443, 8]},
			"faces": {
				"north": {"uv": [10, 0, 12, 2], "texture": "#2"},
				"east": {"uv": [12, 0, 14, 2], "texture": "#2"},
				"south": {"uv": [14, 0, 16, 2], "texture": "#2"},
				"west": {"uv": [14, 2, 16, 4], "texture": "#2"},
				"up": {"uv": [12, 2, 14, 4], "texture": "#2"},
				"down": {"uv": [10, 2, 12, 4], "texture": "#2"}
			}
		},
		{
			"from": [3.25483, 26.19443, 7.1],
			"to": [7.25483, 28.19443, 8.9],
			"rotation": {"angle": -45, "axis": "z", "origin": [7.00483, 21.69443, 8]},
			"faces": {
				"north": {"uv": [5, 5, 7, 6], "texture": "#2"},
				"east": {"uv": [8, 5, 9, 6], "texture": "#2"},
				"south": {"uv": [6, 0, 8, 1], "texture": "#2"},
				"west": {"uv": [6, 8, 7, 9], "texture": "#2"},
				"up": {"uv": [8, 2, 6, 1], "texture": "#2"},
				"down": {"uv": [4, 6, 2, 7], "texture": "#2"}
			}
		},
		{
			"from": [9.71714, 21.09609, 7],
			"to": [11.71714, 26.09609, 9],
			"rotation": {"angle": 0, "axis": "z", "origin": [10.71714, 24.34609, 8]},
			"faces": {
				"north": {"uv": [2, 0, 3, 2.5], "texture": "#2"},
				"east": {"uv": [2, 2.5, 3, 5], "texture": "#2"},
				"south": {"uv": [3, 0, 4, 2.5], "texture": "#2"},
				"west": {"uv": [3, 2.5, 4, 5], "texture": "#2"},
				"up": {"uv": [9, 4, 8, 3], "texture": "#2"},
				"down": {"uv": [9, 4, 8, 5], "texture": "#2"}
			}
		},
		{
			"from": [9.61714, 22.59609, 6.9],
			"to": [11.86714, 23.09609, 9.1],
			"rotation": {"angle": 0, "axis": "z", "origin": [10.71714, 24.34609, 8]},
			"faces": {
				"north": {"uv": [0, 10.5, 2, 11], "texture": "#2"},
				"east": {"uv": [0, 9.5, 2, 10], "texture": "#2"},
				"south": {"uv": [0, 11, 2, 11.5], "texture": "#2"},
				"west": {"uv": [0, 10, 2, 10.5], "texture": "#2"},
				"up": {"uv": [2, 13.5, 0, 11.5], "texture": "#2"},
				"down": {"uv": [2, 13.5, 0, 15.5], "texture": "#2"}
			}
		}
	],
	"display": {
		"thirdperson_righthand": {
			"rotation": [-18.86, -81.42, -25.11],
			"translation": [-0.25, -4, 1],
			"scale": [1.20703, 1.20703, 1.20703]
		},
		"thirdperson_lefthand": {
			"rotation": [-18.86, 95, 25.11],
			"translation": [-0.25, -4, 1],
			"scale": [1.20703, 1.20703, 1.20703]
		},
		"firstperson_righthand": {
			"rotation": [-18.86, -81.42, -25.11],
			"translation": [1.5, -9, -4.5],
			"scale": [1.20703, 1.20703, 1.20703]
		},
		"firstperson_lefthand": {
			"rotation": [-18.86, 98, 25.11],
			"translation": [1, -9.5, -4.5],
			"scale": [1.20703, 1.20703, 1.20703]
		},
		"ground": {
			"rotation": [90, 0, 0],
			"translation": [0, 0, -4.25],
			"scale": [0.66406, 0.66406, 0.66406]
		},
		"gui": {
			"rotation": [-22.07, 33.6, 36.23],
			"translation": [2.25, -3.5, 0],
			"scale": [0.64063, 0.64063, 0.64063]
		},
		"head": {
			"rotation": [54.75, 90, 0],
			"translation": [0, -11.25, -23.25],
			"scale": [1.63086, 1.63086, 1.63086]
		},
		"fixed": {
			"rotation": [0, 0, 41.5],
			"translation": [7, -8.75, -1],
			"scale": [2.22656, 2.22656, 2.22656]
		}
	},
	"groups": [
		{
			"name": "group",
			"origin": [0, 0, 0],
			"color": 0,
			"children": [0, 1, 2, 3, 4, 5, 6, 7, 8, 9, 10]
		}
	]
}