{
	"credit": "Made with Blockbench",
	"parent": "mgmnmd",
	"texture_size": [64, 64],
	"textures": {
		"1": "./mgmn",
		"particle": "./mgmn"
	},
	"elements": [
		{
			"from": [10.75, 2.5, 8.25],
			"to": [12.25, 7.5, 10],
			"rotation": {"angle": 22.5, "axis": "z", "origin": [12.25, 4.25, 8.5]},
			"faces": {
				"north": {"uv": [11, 5, 11.75, 8], "texture": "#1"},
				"east": {"uv": [10, 5, 11, 8], "texture": "#1"},
				"south": {"uv": [12.75, 5, 13.5, 8], "texture": "#1"},
				"west": {"uv": [11.75, 5, 12.75, 8], "texture": "#1"},
				"up": {"uv": [11.75, 5, 11, 4], "texture": "#1"},
				"down": {"uv": [12.5, 4, 11.75, 5], "texture": "#1"}
			}
		},
		{
			"from": [10.65, 2.4, 8.15],
			"to": [12.35, 7.6, 10.1],
			"rotation": {"angle": 22.5, "axis": "z", "origin": [12.25, 4.25, 8.5]},
			"faces": {
				"north": {"uv": [11, 9, 11.75, 12], "texture": "#1"},
				"east": {"uv": [10, 9, 11, 12], "texture": "#1"},
				"south": {"uv": [12.75, 9, 13.5, 12], "texture": "#1"},
				"west": {"uv": [11.75, 9, 12.75, 12], "texture": "#1"},
				"up": {"uv": [11.75, 9, 11, 8], "texture": "#1"},
				"down": {"uv": [12.5, 8, 11.75, 9], "texture": "#1"}
			}
		},
		{
			"name": "lefthand",
			"from": [3.75, 2.5, 8.25],
			"to": [5.25, 7.5, 10],
			"rotation": {"angle": -22.5, "axis": "z", "origin": [3.75, 4.25, 9.5]},
			"faces": {
				"north": {"uv": [9, 13, 9.75, 16], "texture": "#1"},
				"east": {"uv": [8, 13, 9, 16], "texture": "#1"},
				"south": {"uv": [10.75, 13, 11.5, 16], "texture": "#1"},
				"west": {"uv": [9.75, 13, 10.75, 16], "texture": "#1"},
				"up": {"uv": [9.75, 13, 9, 12], "texture": "#1"},
				"down": {"uv": [10.5, 12, 9.75, 13], "texture": "#1"}
			}
		},
		{
			"from": [3.65, 2.4, 8.15],
			"to": [5.35, 7.6, 10.1],
			"rotation": {"angle": -22.5, "axis": "z", "origin": [3.75, 4.25, 9.5]},
			"faces": {
				"north": {"uv": [13, 13, 13.75, 16], "texture": "#1"},
				"east": {"uv": [12, 13, 13, 16], "texture": "#1"},
				"south": {"uv": [14.75, 13, 15.5, 16], "texture": "#1"},
				"west": {"uv": [13.75, 13, 14.75, 16], "texture": "#1"},
				"up": {"uv": [13.75, 13, 13, 12], "texture": "#1"},
				"down": {"uv": [14.5, 12, 13.75, 13], "texture": "#1"}
			}
		},
		{
			"from": [5, 6.75, 6.25],
			"to": [11, 12.75, 12.25],
			"rotation": {"angle": 0, "axis": "x", "origin": [8, 10, 8]},
			"faces": {
				"north": {"uv": [2, 2, 4, 4], "texture": "#1"},
				"east": {"uv": [0, 2, 2, 4], "texture": "#1"},
				"south": {"uv": [6, 2, 8, 4], "texture": "#1"},
				"west": {"uv": [4, 2, 6, 4], "texture": "#1"},
				"up": {"uv": [4, 2, 2, 0], "texture": "#1"},
				"down": {"uv": [6, 0, 4, 2], "texture": "#1"}
			}
		},
		{
			"from": [4.9, 6.65, 6.15],
			"to": [11.1, 12.85, 12.35],
			"rotation": {"angle": 0, "axis": "x", "origin": [8, 10, 8]},
			"faces": {
				"north": {"uv": [10, 2, 12, 4], "texture": "#1"},
				"east": {"uv": [8, 2, 10, 4], "texture": "#1"},
				"south": {"uv": [14, 2, 16, 4], "texture": "#1"},
				"west": {"uv": [12, 2, 14, 4], "texture": "#1"},
				"up": {"uv": [12, 2, 10, 0], "texture": "#1"},
				"down": {"uv": [14, 0, 12, 2], "texture": "#1"}
			}
		},
		{
			"from": [5.4, 0.4, 4.9],
			"to": [7.35, 2.35, 10.1],
			"rotation": {"angle": 22.5, "axis": "y", "origin": [5.75, 1.25, 7.5]},
			"faces": {
				"north": {"uv": [2, 9, 3, 8], "texture": "#1"},
				"east": {"uv": [2, 9, 3, 12], "rotation": 90, "texture": "#1"},
				"south": {"uv": [1, 8, 2, 9], "texture": "#1"},
				"west": {"uv": [0, 9, 1, 12], "rotation": 90, "texture": "#1"},
				"up": {"uv": [2, 12, 1, 9], "texture": "#1"},
				"down": {"uv": [4, 9, 3, 12], "texture": "#1"}
			}
		},
		{
			"from": [5.5, 0.5, 5],
			"to": [7.25, 2.25, 10],
			"rotation": {"angle": 22.5, "axis": "y", "origin": [5.75, 1.25, 7.5]},
			"faces": {
				"north": {"uv": [2, 5, 3, 4], "texture": "#1"},
				"east": {"uv": [2, 5, 3, 8], "rotation": 270, "texture": "#1"},
				"south": {"uv": [1, 4, 2, 5], "texture": "#1"},
				"west": {"uv": [0, 5, 1, 8], "rotation": 90, "texture": "#1"},
				"up": {"uv": [2, 8, 1, 5], "texture": "#1"},
				"down": {"uv": [4, 5, 3, 8], "texture": "#1"}
			}
		},
		{
			"from": [6, 1.5, 8],
			"to": [10.25, 7, 9.75],
			"rotation": {"angle": 0, "axis": "y", "origin": [8, 3.5, 9.5]},
			"faces": {
				"north": {"uv": [5, 5, 7, 8], "texture": "#1"},
				"east": {"uv": [4, 5, 5, 8], "texture": "#1"},
				"south": {"uv": [8, 5, 10, 8], "texture": "#1"},
				"west": {"uv": [7, 5, 8, 8], "texture": "#1"},
				"up": {"uv": [7, 5, 5, 4], "texture": "#1"},
				"down": {"uv": [9, 4, 7, 5], "texture": "#1"}
			}
		},
		{
			"from": [5.9, 1.45, 7.9],
			"to": [10.35, 7.15, 9.85],
			"rotation": {"angle": 0, "axis": "y", "origin": [8, 3.5, 9.5]},
			"faces": {
				"north": {"uv": [5, 9, 7, 12], "texture": "#1"},
				"east": {"uv": [4, 9, 5, 12], "texture": "#1"},
				"south": {"uv": [8, 9, 10, 12], "texture": "#1"},
				"west": {"uv": [7, 9, 8, 12], "texture": "#1"},
				"up": {"uv": [7, 9, 5, 8], "texture": "#1"},
				"down": {"uv": [9, 8, 7, 9], "texture": "#1"}
			}
		},
		{
			"name": "righthand",
			"from": [8.75, 0.5, 3],
			"to": [10.5, 2.25, 8],
			"rotation": {"angle": -22.5, "axis": "y", "origin": [5.75, 1.25, 7.5]},
			"faces": {
				"north": {"uv": [6, 12, 7, 13], "texture": "#1"},
				"east": {"uv": [6, 13, 7, 16], "rotation": 270, "texture": "#1"},
				"south": {"uv": [5, 12, 6, 13], "texture": "#1"},
				"west": {"uv": [5, 13, 4, 16], "rotation": 90, "texture": "#1"},
				"up": {"uv": [6, 16, 5, 13], "texture": "#1"},
				"down": {"uv": [8, 13, 7, 16], "texture": "#1"}
			}
		},
		{
			"from": [8.65, 0.4, 2.9],
			"to": [10.6, 2.35, 8.1],
			"rotation": {"angle": -22.5, "axis": "y", "origin": [5.75, 1.25, 7.5]},
			"faces": {
				"north": {"uv": [2, 12, 3, 13], "texture": "#1"},
				"east": {"uv": [2, 13, 3, 16], "rotation": 270, "texture": "#1"},
				"south": {"uv": [1, 12, 2, 13], "texture": "#1"},
				"west": {"uv": [1, 13, 0, 16], "rotation": 90, "texture": "#1"},
				"up": {"uv": [2, 16, 1, 13], "texture": "#1"},
				"down": {"uv": [4, 13, 3, 16], "texture": "#1"}
			}
		}
	],
	"display": {
		"thirdperson_righthand": {
			"rotation": [66, 0, 0],
			"translation": [0, 2.75, 4.75],
			"scale": [0.57031, 0.57031, 0.57031]
		},
		"thirdperson_lefthand": {
			"rotation": [66, 0, 0],
			"translation": [0, 2.75, 4.75],
			"scale": [0.57031, 0.57031, 0.57031]
		},
		"firstperson_righthand": {
			"rotation": [-180, 65.5, -180],
			"translation": [0, 3.25, 0],
			"scale": [0.66992, 0.66992, 0.66992]
		},
		"firstperson_lefthand": {
			"rotation": [-180, 65.5, -180],
			"translation": [0, 3.25, 0],
			"scale": [0.66992, 0.66992, 0.66992]
		},
		"ground": {
			"translation": [0, 4, 0],
			"scale": [0.78906, 0.78906, 0.78906]
		},
		"gui": {
			"rotation": [-163.75, 37, -180],
			"scale": [0.88672, 0.88672, 0.88672]
		},
		"head": {
			"translation": [0, 14.5, 0]
		},
		"fixed": {
			"translation": [0, 2.5, 0],
			"scale": [1.70508, 1.70508, 1.70508]
		}
	},
	"groups": [
		{
			"name": "righthand",
			"origin": [12.25, 4.25, 8.5],
			"color": 0,
			"children": [0, 1]
		},
		{
			"name": "lefthand",
			"origin": [8, 8, 8],
			"color": 0,
			"children": [2, 3]
		},
		{
			"name": "head",
			"origin": [8, 10, 8],
			"color": 0,
			"children": [4, 5]
		},
		{
			"name": "leftleg",
			"origin": [8, 8, 8],
			"color": 0,
			"children": [6, 7]
		},
		{
			"name": "body",
			"origin": [8, 3.5, 9.5],
			"color": 0,
			"children": [8, 9]
		},
		{
			"name": "rightleg",
			"origin": [8, 8, 8],
			"color": 0,
			"children": [10, 11]
		}
	]
}