{
	"credit": "Made with Blockbench",
	"parent": "antique_cannon",
	"texture_size": [64, 64],
	"textures": {
		"2": "./antique_cannon_rocket",
		"particle": "./antique_cannon_rocket"
	},
	"elements": [
		{
			"from": [7, 8, 23],
			"to": [9, 10, 25],
			"rotation": {"angle": 0, "axis": "y", "origin": [0, 0, 7]},
			"faces": {
				"north": {"uv": [10, 5.5, 10.5, 6], "texture": "#2"},
				"east": {"uv": [2, 10.5, 2.5, 11], "texture": "#2"},
				"south": {"uv": [10.5, 2.25, 11, 2.75], "texture": "#2"},
				"west": {"uv": [2.5, 10.5, 3, 11], "texture": "#2"},
				"up": {"uv": [11, 3.25, 10.5, 2.75], "texture": "#2"},
				"down": {"uv": [3.5, 10.5, 3, 11], "texture": "#2"}
			}
		},
		{
			"from": [1, 2, 9],
			"to": [15, 16, 23],
			"rotation": {"angle": 0, "axis": "y", "origin": [0, 0, 7]},
			"faces": {
				"north": {"uv": [0, 0, 3.5, 3.5], "texture": "#2"},
				"east": {"uv": [0, 3.5, 3.5, 7], "texture": "#2"},
				"south": {"uv": [3.5, 0, 7, 3.5], "texture": "#2"},
				"west": {"uv": [3.5, 3.5, 7, 7], "texture": "#2"},
				"up": {"uv": [3.5, 10.5, 0, 7], "texture": "#2"},
				"down": {"uv": [10.5, 0, 7, 3.5], "texture": "#2"}
			}
		},
		{
			"from": [3, 4, -1],
			"to": [13, 14, 11],
			"rotation": {"angle": 0, "axis": "y", "origin": [0, 0, 7]},
			"faces": {
				"north": {"uv": [9, 9, 11.5, 11.5], "texture": "#2"},
				"east": {"uv": [3.5, 7, 6.5, 9.5], "texture": "#2"},
				"south": {"uv": [3.5, 9.5, 6, 12], "texture": "#2"},
				"west": {"uv": [7, 3.5, 10, 6], "texture": "#2"},
				"up": {"uv": [9.5, 9, 7, 6], "texture": "#2"},
				"down": {"uv": [9, 9, 6.5, 12], "texture": "#2"}
			}
		},
		{
			"from": [10, 15.5, 12],
			"to": [12, 17.5, 19],
			"rotation": {"angle": -22.5, "axis": "x", "origin": [11, 17, 15.5]},
			"faces": {
				"north": {"uv": [10.5, 5.5, 11, 6], "texture": "#2"},
				"east": {"uv": [9.5, 8, 11.25, 8.5], "texture": "#2"},
				"south": {"uv": [2, 11, 2.5, 11.5], "texture": "#2"},
				"west": {"uv": [9.5, 8.5, 11.25, 9], "texture": "#2"},
				"up": {"uv": [7, 8.75, 6.5, 7], "texture": "#2"},
				"down": {"uv": [6.5, 9.5, 6, 11.25], "texture": "#2"}
			}
		},
		{
			"from": [12, 5, -1],
			"to": [4, 13, 8],
			"faces": {
				"north": {"uv": [11.5, 8, 13.5, 10], "texture": "#2"},
				"east": {"uv": [9.5, 6, 11.75, 8], "texture": "#2"},
				"south": {"uv": [9, 11.5, 11, 13.5], "texture": "#2"},
				"west": {"uv": [10, 3.5, 12.25, 5.5], "texture": "#2"},
				"up": {"uv": [2, 12.75, 0, 10.5], "texture": "#2"},
				"down": {"uv": [12.5, 0, 10.5, 2.25], "texture": "#2"}
			}
		}
	],
	"display": {
		"thirdperson_righthand": {
			"translation": [1, -2.25, -3.75],
			"scale": [0.61523, 0.61523, 0.61523]
		},
		"thirdperson_lefthand": {
			"translation": [0, -2.25, -3.75],
			"scale": [0.61523, 0.61523, 0.61523]
		},
		"firstperson_righthand": {
			"rotation": [17.11, -8.2, 9.8],
			"translation": [12.25, 0, -4.25],
			"scale": [0.67383, 0.67383, 0.67383]
		},
		"firstperson_lefthand": {
			"rotation": [-91.02, -3, 11],
			"translation": [7.75, -6, 5.25],
			"scale": [0.67383, 0.67383, 0.67383]
		},
		"ground": {
			"translation": [0.5, 0.25, -2.5],
			"scale": [0.47656, 0.47656, 0.47656]
		},
		"gui": {
			"rotation": [30, 225, 0],
			"translation": [2, -2, 0],
			"scale": [0.65625, 0.65625, 0.65625]
		},
		"head": {
			"translation": [0, -1, -8.25],
			"scale": [1.04492, 1.04492, 1.04492]
		},
		"fixed": {
			"translation": [0, -2.25, -0.5],
			"scale": [2.33789, 2.33789, 2.33789]
		}
	}
}