{
	"credit": "Made by CuDsan",
	"ambientocclusion": false,
	"textures": {
		"particle": "block/acacia_door_top",
		"top": "block/acacia_door_top"
	},
	"elements": [
		{
			"from": [0, 0, 0],
			"to": [3, 16, 16],
			"faces": {
				"north": {"uv": [3, 0, 0, 16], "texture": "#top", "cullface": "north"},
				"east": {"uv": [16, 0, 0, 16], "texture": "#top"},
				"south": {"uv": [0, 0, 3, 16], "texture": "#top", "cullface": "south"},
				"west": {"uv": [0, 0, 16, 16], "texture": "#top", "cullface": "west"},
				"up": {"uv": [0, 3, 16, 0], "rotation": 90, "texture": "#top", "cullface": "up"}
			}
		},
		{
			"from": [0, 1, 3],
			"to": [3, 1, 5],
			"rotation": {"angle": 0, "axis": "y", "origin": [1.5, 9, 8]},
			"faces": {
				"north": {"uv": [0, 0, 3, 0], "texture": "#top"},
				"east": {"uv": [0, 0, 2, 0], "texture": "#top"},
				"south": {"uv": [0, 0, 3, 0], "texture": "#top"},
				"west": {"uv": [0, 0, 2, 0], "texture": "#top"},
				"up": {"uv": [3, 0, 5, 3], "rotation": 270, "texture": "#top"},
				"down": {"uv": [5, 0, 3, 3], "rotation": 90, "texture": "#top"}
			}
		},
		{
			"from": [0, 13, 3],
			"to": [3, 13, 5],
			"rotation": {"angle": 0, "axis": "y", "origin": [1.5, 9, 8]},
			"faces": {
				"north": {"uv": [0, 0, 3, 0], "texture": "#top"},
				"east": {"uv": [0, 0, 2, 0], "texture": "#top"},
				"south": {"uv": [0, 0, 3, 0], "texture": "#top"},
				"west": {"uv": [0, 0, 2, 0], "texture": "#top"},
				"up": {"uv": [3, 0, 5, 3], "rotation": 270, "texture": "#top"},
				"down": {"uv": [5, 0, 3, 3], "rotation": 90, "texture": "#top"}
			}
		},
		{
			"from": [0, 1, 3],
			"to": [3, 13, 3],
			"rotation": {"angle": 0, "axis": "y", "origin": [1.5, 9, 8]},
			"faces": {
				"north": {"uv": [16, 14, 13, 2], "texture": "#top"},
				"east": {"uv": [0, 0, 0, 12], "texture": "#top"},
				"south": {"uv": [13, 1, 16, 13], "texture": "#top"},
				"west": {"uv": [0, 0, 0, 12], "texture": "#top"},
				"up": {"uv": [0, 0, 3, 0], "texture": "#top"},
				"down": {"uv": [0, 0, 3, 0], "texture": "#top"}
			}
		},
		{
			"from": [0, 1, 5],
			"to": [3, 13, 5],
			"rotation": {"angle": 0, "axis": "y", "origin": [1.5, 9, 8]},
			"faces": {
				"north": {"uv": [16, 14, 13, 2], "texture": "#top"},
				"east": {"uv": [0, 0, 0, 12], "texture": "#top"},
				"south": {"uv": [13, 1, 16, 13], "texture": "#top"},
				"west": {"uv": [0, 0, 0, 12], "texture": "#top"},
				"up": {"uv": [0, 0, 3, 0], "texture": "#top"},
				"down": {"uv": [0, 0, 3, 0], "texture": "#top"}
			}
		},
		{
			"from": [0, 1, 7],
			"to": [3, 1, 9],
			"rotation": {"angle": 0, "axis": "y", "origin": [1.5, 9, 8]},
			"faces": {
				"north": {"uv": [0, 0, 3, 0], "texture": "#top"},
				"east": {"uv": [0, 0, 2, 0], "texture": "#top"},
				"south": {"uv": [0, 0, 3, 0], "texture": "#top"},
				"west": {"uv": [0, 0, 2, 0], "texture": "#top"},
				"up": {"uv": [3, 0, 5, 3], "rotation": 270, "texture": "#top"},
				"down": {"uv": [5, 0, 3, 3], "rotation": 90, "texture": "#top"}
			}
		},
		{
			"from": [0, 13, 7],
			"to": [3, 13, 9],
			"rotation": {"angle": 0, "axis": "y", "origin": [1.5, 9, 8]},
			"faces": {
				"north": {"uv": [0, 0, 3, 0], "texture": "#top"},
				"east": {"uv": [0, 0, 2, 0], "texture": "#top"},
				"south": {"uv": [0, 0, 3, 0], "texture": "#top"},
				"west": {"uv": [0, 0, 2, 0], "texture": "#top"},
				"up": {"uv": [3, 0, 5, 3], "rotation": 270, "texture": "#top"},
				"down": {"uv": [5, 0, 3, 3], "rotation": 90, "texture": "#top"}
			}
		},
		{
			"from": [0, 1, 7],
			"to": [3, 13, 7],
			"rotation": {"angle": 0, "axis": "y", "origin": [1.5, 9, 8]},
			"faces": {
				"north": {"uv": [16, 14, 13, 2], "texture": "#top"},
				"east": {"uv": [0, 0, 0, 12], "texture": "#top"},
				"south": {"uv": [13, 1, 16, 13], "texture": "#top"},
				"west": {"uv": [0, 0, 0, 12], "texture": "#top"},
				"up": {"uv": [0, 0, 3, 0], "texture": "#top"},
				"down": {"uv": [0, 0, 3, 0], "texture": "#top"}
			}
		},
		{
			"from": [0, 1, 9],
			"to": [3, 13, 9],
			"rotation": {"angle": 0, "axis": "y", "origin": [1.5, 9, 8]},
			"faces": {
				"north": {"uv": [16, 14, 13, 2], "texture": "#top"},
				"east": {"uv": [0, 0, 0, 12], "texture": "#top"},
				"south": {"uv": [13, 1, 16, 13], "texture": "#top"},
				"west": {"uv": [0, 0, 0, 12], "texture": "#top"},
				"up": {"uv": [0, 0, 3, 0], "texture": "#top"},
				"down": {"uv": [0, 0, 3, 0], "texture": "#top"}
			}
		},
		{
			"from": [0, 1, 11],
			"to": [3, 1, 13],
			"rotation": {"angle": 0, "axis": "y", "origin": [1.5, 9, 8]},
			"faces": {
				"north": {"uv": [0, 0, 3, 0], "texture": "#top"},
				"east": {"uv": [0, 0, 2, 0], "texture": "#top"},
				"south": {"uv": [0, 0, 3, 0], "texture": "#top"},
				"west": {"uv": [0, 0, 2, 0], "texture": "#top"},
				"up": {"uv": [3, 0, 5, 3], "rotation": 270, "texture": "#top"},
				"down": {"uv": [5, 0, 3, 3], "rotation": 90, "texture": "#top"}
			}
		},
		{
			"from": [0, 13, 11],
			"to": [3, 13, 13],
			"rotation": {"angle": 0, "axis": "y", "origin": [1.5, 9, 8]},
			"faces": {
				"north": {"uv": [0, 0, 3, 0], "texture": "#top"},
				"east": {"uv": [0, 0, 2, 0], "texture": "#top"},
				"south": {"uv": [0, 0, 3, 0], "texture": "#top"},
				"west": {"uv": [0, 0, 2, 0], "texture": "#top"},
				"up": {"uv": [3, 0, 5, 3], "rotation": 270, "texture": "#top"},
				"down": {"uv": [5, 0, 3, 3], "rotation": 90, "texture": "#top"}
			}
		},
		{
			"from": [0, 1, 11],
			"to": [3, 13, 11],
			"rotation": {"angle": 0, "axis": "y", "origin": [1.5, 9, 8]},
			"faces": {
				"north": {"uv": [16, 14, 13, 2], "texture": "#top"},
				"east": {"uv": [0, 0, 0, 12], "texture": "#top"},
				"south": {"uv": [13, 1, 16, 13], "texture": "#top"},
				"west": {"uv": [0, 0, 0, 12], "texture": "#top"},
				"up": {"uv": [0, 0, 3, 0], "texture": "#top"},
				"down": {"uv": [0, 0, 3, 0], "texture": "#top"}
			}
		},
		{
			"from": [0, 1, 13],
			"to": [3, 13, 13],
			"rotation": {"angle": 0, "axis": "y", "origin": [1.5, 9, 8]},
			"faces": {
				"north": {"uv": [16, 14, 13, 2], "texture": "#top"},
				"east": {"uv": [0, 0, 0, 12], "texture": "#top"},
				"south": {"uv": [13, 1, 16, 13], "texture": "#top"},
				"west": {"uv": [0, 0, 0, 12], "texture": "#top"},
				"up": {"uv": [0, 0, 3, 0], "texture": "#top"},
				"down": {"uv": [0, 0, 3, 0], "texture": "#top"}
			}
		}
	],
	"groups": [
		0,
		{
			"name": "group",
			"origin": [0, 0, 0],
			"color": 0,
			"nbt": "{}",
			"children": [1, 2, 3, 4, 5, 6, 7, 8, 9, 10, 11, 12]
		}
	]
}