{
	"credit": "Made by CuDsan",
	"ambientocclusion": false,
	"textures": {
		"particle": "block/cherry_door_bottom",
		"bottom": "block/cherry_door_bottom"
	},
	"elements": [
		{
			"from": [0, 0, 0],
			"to": [3, 16, 16],
			"faces": {
				"north": {"uv": [3, 0, 0, 16], "texture": "#bottom", "cullface": "north"},
				"east": {"uv": [16, 0, 0, 16], "texture": "#bottom"},
				"south": {"uv": [0, 0, 3, 16], "texture": "#bottom", "cullface": "south"},
				"west": {"uv": [0, 0, 16, 16], "texture": "#bottom", "cullface": "west"},
				"down": {"uv": [16, 13, 0, 16], "rotation": 90, "texture": "#bottom", "cullface": "down"}
			}
		},
		{
			"from": [0, 15, 5],
			"to": [3, 15, 6],
			"rotation": {"angle": 0, "axis": "y", "origin": [1.5, 15.25, 8]},
			"faces": {
				"north": {"uv": [1, 2, 4, 2], "texture": "#bottom"},
				"east": {"uv": [1, 2, 2, 2], "texture": "#bottom"},
				"south": {"uv": [1, 2, 4, 2], "texture": "#bottom"},
				"west": {"uv": [1, 2, 2, 2], "texture": "#bottom"},
				"up": {"uv": [1, 2, 2, 5], "rotation": 270, "texture": "#bottom"},
				"down": {"uv": [1, 2, 2, 5], "rotation": 90, "texture": "#bottom"}
			}
		},
		{
			"from": [0, 15, 5],
			"to": [3, 16, 5],
			"rotation": {"angle": 0, "axis": "y", "origin": [1.5, 15.25, 8]},
			"faces": {
				"north": {"uv": [1, 2, 4, 3], "texture": "#bottom"},
				"east": {"uv": [1, 2, 1, 3], "texture": "#bottom"},
				"south": {"uv": [1, 2, 4, 3], "texture": "#bottom"},
				"west": {"uv": [1, 2, 1, 3], "texture": "#bottom"},
				"up": {"uv": [1, 2, 1, 5], "rotation": 270, "texture": "#bottom"},
				"down": {"uv": [1, 2, 1, 5], "rotation": 90, "texture": "#bottom"}
			}
		},
		{
			"from": [0, 15, 6],
			"to": [3, 16, 6],
			"rotation": {"angle": 0, "axis": "y", "origin": [1.5, 15.25, 8]},
			"faces": {
				"north": {"uv": [1, 3, 4, 4], "texture": "#bottom"},
				"east": {"uv": [0, 0, 0, 1], "texture": "#bottom"},
				"south": {"uv": [1, 3, 4, 4], "texture": "#bottom"},
				"west": {"uv": [0, 0, 0, 1], "texture": "#bottom"},
				"up": {"uv": [0, 0, 0, 3], "rotation": 270, "texture": "#bottom"},
				"down": {"uv": [0, 0, 0, 3], "rotation": 90, "texture": "#bottom"}
			}
		},
		{
			"from": [0, 15, 10],
			"to": [3, 15, 11],
			"rotation": {"angle": 0, "axis": "y", "origin": [1.5, 15.25, 8]},
			"faces": {
				"north": {"uv": [1, 2, 4, 2], "texture": "#bottom"},
				"east": {"uv": [1, 2, 2, 2], "texture": "#bottom"},
				"south": {"uv": [1, 2, 4, 2], "texture": "#bottom"},
				"west": {"uv": [1, 2, 2, 2], "texture": "#bottom"},
				"up": {"uv": [1, 2, 2, 5], "rotation": 270, "texture": "#bottom"},
				"down": {"uv": [1, 2, 2, 5], "rotation": 90, "texture": "#bottom"}
			}
		},
		{
			"from": [0, 15, 10],
			"to": [3, 16, 10],
			"rotation": {"angle": 0, "axis": "y", "origin": [1.5, 15.25, 8]},
			"faces": {
				"north": {"uv": [1, 2, 4, 3], "texture": "#bottom"},
				"east": {"uv": [1, 2, 1, 3], "texture": "#bottom"},
				"south": {"uv": [1, 2, 4, 3], "texture": "#bottom"},
				"west": {"uv": [1, 2, 1, 3], "texture": "#bottom"},
				"up": {"uv": [1, 2, 1, 5], "rotation": 270, "texture": "#bottom"},
				"down": {"uv": [1, 2, 1, 5], "rotation": 90, "texture": "#bottom"}
			}
		},
		{
			"from": [0, 15, 11],
			"to": [3, 16, 11],
			"rotation": {"angle": 0, "axis": "y", "origin": [1.5, 15.25, 8]},
			"faces": {
				"north": {"uv": [1, 3, 4, 4], "texture": "#bottom"},
				"east": {"uv": [0, 0, 0, 1], "texture": "#bottom"},
				"south": {"uv": [1, 3, 4, 4], "texture": "#bottom"},
				"west": {"uv": [0, 0, 0, 1], "texture": "#bottom"},
				"up": {"uv": [0, 0, 0, 3], "rotation": 270, "texture": "#bottom"},
				"down": {"uv": [0, 0, 0, 3], "rotation": 90, "texture": "#bottom"}
			}
		}
	],
	"groups": [
		0,
		{
			"name": "group",
			"origin": [0, 0, 0],
			"color": 0,
			"nbt": "{}",
			"children": [1, 2, 3, 4, 5, 6]
		}
	]
}