{
	"credit": "Made by CuDsan",
	"ambientocclusion": false,
	"textures": {
		"particle": "block/copper_door_top",
		"top": "block/copper_door_top"
	},
	"elements": [
		{
			"from": [0, 0, 0],
			"to": [3, 16, 16],
			"faces": {
				"north": {"uv": [0, 0, 3, 16], "texture": "#top", "cullface": "north"},
				"east": {"uv": [0, 0, 16, 16], "texture": "#top"},
				"south": {"uv": [0, 0, 3, 16], "texture": "#top", "cullface": "south"},
				"west": {"uv": [16, 0, 0, 16], "texture": "#top", "cullface": "west"},
				"up": {"uv": [0, 15, 16, 12], "rotation": 270, "texture": "#top", "cullface": "up"}
			}
		},
		{
			"from": [0, 4, 5],
			"to": [3, 4, 11],
			"rotation": {"angle": 0, "axis": "y", "origin": [1.5, 9, 8]},
			"faces": {
				"north": {"uv": [0, 0, 3, 0], "texture": "#top"},
				"east": {"uv": [0, 0, 6, 0], "texture": "#top"},
				"south": {"uv": [0, 0, 3, 0], "texture": "#top"},
				"west": {"uv": [0, 0, 6, 0], "texture": "#top"},
				"up": {"uv": [0, 6, 3, 12], "rotation": 180, "texture": "#top"},
				"down": {"uv": [0, 6, 3, 12], "rotation": 180, "texture": "#top"}
			}
		},
		{
			"from": [0, 4, 11],
			"to": [3, 5, 11],
			"rotation": {"angle": 0, "axis": "y", "origin": [1.5, 9, 8]},
			"faces": {
				"north": {"uv": [0, 0, 3, 1], "texture": "#top"},
				"east": {"uv": [0, 0, 0, 1], "texture": "#top"},
				"south": {"uv": [0, 0, 3, 1], "texture": "#top"},
				"west": {"uv": [0, 0, 0, 1], "texture": "#top"},
				"up": {"uv": [0, 0, 3, 0], "rotation": 180, "texture": "#top"},
				"down": {"uv": [0, 0, 3, 0], "rotation": 180, "texture": "#top"}
			}
		},
		{
			"from": [0, 5, 10],
			"to": [3, 5, 11],
			"rotation": {"angle": 0, "axis": "y", "origin": [1.5, 9, 8]},
			"faces": {
				"north": {"uv": [0, 0, 3, 0], "texture": "#top"},
				"east": {"uv": [0, 0, 1, 0], "texture": "#top"},
				"south": {"uv": [0, 0, 3, 0], "texture": "#top"},
				"west": {"uv": [0, 0, 1, 0], "texture": "#top"},
				"up": {"uv": [0, 0, 3, 1], "rotation": 180, "texture": "#top"},
				"down": {"uv": [0, 0, 3, 1], "rotation": 180, "texture": "#top"}
			}
		},
		{
			"from": [0, 5, 10],
			"to": [3, 6, 10],
			"rotation": {"angle": 0, "axis": "y", "origin": [1.5, 9, 8]},
			"faces": {
				"north": {"uv": [0, 0, 3, 1], "texture": "#top"},
				"east": {"uv": [0, 0, 0, 1], "texture": "#top"},
				"south": {"uv": [0, 0, 3, 1], "texture": "#top"},
				"west": {"uv": [0, 0, 0, 1], "texture": "#top"},
				"up": {"uv": [0, 0, 3, 0], "rotation": 180, "texture": "#top"},
				"down": {"uv": [0, 0, 3, 0], "rotation": 180, "texture": "#top"}
			}
		},
		{
			"from": [0, 6, 9],
			"to": [3, 6, 10],
			"rotation": {"angle": 0, "axis": "y", "origin": [1.5, 9, 8]},
			"faces": {
				"north": {"uv": [0, 0, 3, 0], "texture": "#top"},
				"east": {"uv": [0, 0, 1, 0], "texture": "#top"},
				"south": {"uv": [0, 0, 3, 0], "texture": "#top"},
				"west": {"uv": [0, 0, 1, 0], "texture": "#top"},
				"up": {"uv": [0, 0, 3, 1], "rotation": 180, "texture": "#top"},
				"down": {"uv": [0, 0, 3, 1], "rotation": 180, "texture": "#top"}
			}
		},
		{
			"from": [0, 6, 9],
			"to": [3, 7, 9],
			"rotation": {"angle": 0, "axis": "y", "origin": [1.5, 9, 8]},
			"faces": {
				"north": {"uv": [0, 0, 3, 1], "texture": "#top"},
				"east": {"uv": [0, 0, 0, 1], "texture": "#top"},
				"south": {"uv": [0, 0, 3, 1], "texture": "#top"},
				"west": {"uv": [0, 0, 0, 1], "texture": "#top"},
				"up": {"uv": [0, 0, 3, 0], "rotation": 180, "texture": "#top"},
				"down": {"uv": [0, 0, 3, 0], "rotation": 180, "texture": "#top"}
			}
		},
		{
			"from": [0, 7, 7],
			"to": [3, 7, 9],
			"rotation": {"angle": 0, "axis": "y", "origin": [1.5, 9, 8]},
			"faces": {
				"north": {"uv": [0, 0, 3, 0], "texture": "#top"},
				"east": {"uv": [0, 0, 2, 0], "texture": "#top"},
				"south": {"uv": [0, 0, 3, 0], "texture": "#top"},
				"west": {"uv": [0, 0, 2, 0], "texture": "#top"},
				"up": {"uv": [0, 0, 3, 2], "rotation": 180, "texture": "#top"},
				"down": {"uv": [0, 0, 3, 2], "rotation": 180, "texture": "#top"}
			}
		},
		{
			"from": [0, 4, 5],
			"to": [3, 5, 5],
			"rotation": {"angle": 0, "axis": "y", "origin": [1.5, 9, 8]},
			"faces": {
				"north": {"uv": [0, 0, 3, 1], "texture": "#top"},
				"east": {"uv": [0, 0, 0, 1], "texture": "#top"},
				"south": {"uv": [0, 0, 3, 1], "texture": "#top"},
				"west": {"uv": [0, 0, 0, 1], "texture": "#top"},
				"up": {"uv": [0, 0, 3, 0], "rotation": 180, "texture": "#top"},
				"down": {"uv": [0, 0, 3, 0], "rotation": 180, "texture": "#top"}
			}
		},
		{
			"from": [0, 5, 5],
			"to": [3, 5, 6],
			"rotation": {"angle": 0, "axis": "y", "origin": [1.5, 9, 8]},
			"faces": {
				"north": {"uv": [0, 0, 3, 0], "texture": "#top"},
				"east": {"uv": [0, 0, 1, 0], "texture": "#top"},
				"south": {"uv": [0, 0, 3, 0], "texture": "#top"},
				"west": {"uv": [0, 0, 1, 0], "texture": "#top"},
				"up": {"uv": [0, 0, 3, 1], "rotation": 180, "texture": "#top"},
				"down": {"uv": [0, 0, 3, 1], "rotation": 180, "texture": "#top"}
			}
		},
		{
			"from": [0, 5, 6],
			"to": [3, 6, 6],
			"rotation": {"angle": 0, "axis": "y", "origin": [1.5, 9, 8]},
			"faces": {
				"north": {"uv": [0, 0, 3, 1], "texture": "#top"},
				"east": {"uv": [0, 0, 0, 1], "texture": "#top"},
				"south": {"uv": [0, 0, 3, 1], "texture": "#top"},
				"west": {"uv": [0, 0, 0, 1], "texture": "#top"},
				"up": {"uv": [0, 0, 3, 0], "rotation": 180, "texture": "#top"},
				"down": {"uv": [0, 0, 3, 0], "rotation": 180, "texture": "#top"}
			}
		},
		{
			"from": [0, 6, 6],
			"to": [3, 6, 7],
			"rotation": {"angle": 0, "axis": "y", "origin": [1.5, 9, 8]},
			"faces": {
				"north": {"uv": [0, 0, 3, 0], "texture": "#top"},
				"east": {"uv": [0, 0, 1, 0], "texture": "#top"},
				"south": {"uv": [0, 0, 3, 0], "texture": "#top"},
				"west": {"uv": [0, 0, 1, 0], "texture": "#top"},
				"up": {"uv": [0, 0, 3, 1], "rotation": 180, "texture": "#top"},
				"down": {"uv": [0, 0, 3, 1], "rotation": 180, "texture": "#top"}
			}
		},
		{
			"from": [0, 6, 7],
			"to": [3, 7, 7],
			"rotation": {"angle": 0, "axis": "y", "origin": [1.5, 9, 8]},
			"faces": {
				"north": {"uv": [0, 0, 3, 1], "texture": "#top"},
				"east": {"uv": [0, 0, 0, 1], "texture": "#top"},
				"south": {"uv": [0, 0, 3, 1], "texture": "#top"},
				"west": {"uv": [0, 0, 0, 1], "texture": "#top"},
				"up": {"uv": [0, 0, 3, 0], "rotation": 180, "texture": "#top"},
				"down": {"uv": [0, 0, 3, 0], "rotation": 180, "texture": "#top"}
			}
		},
		{
			"from": [0, 14, 5],
			"to": [3, 14, 11],
			"rotation": {"angle": 0, "axis": "y", "origin": [1.5, 9, 8]},
			"faces": {
				"north": {"uv": [0, 0, 3, 0], "texture": "#top"},
				"east": {"uv": [0, 0, 6, 0], "texture": "#top"},
				"south": {"uv": [0, 0, 3, 0], "texture": "#top"},
				"west": {"uv": [0, 0, 6, 0], "texture": "#top"},
				"up": {"uv": [0, 6, 3, 12], "rotation": 180, "texture": "#top"},
				"down": {"uv": [0, 6, 3, 12], "rotation": 180, "texture": "#top"}
			}
		},
		{
			"from": [0, 13, 11],
			"to": [3, 14, 11],
			"rotation": {"angle": 0, "axis": "y", "origin": [1.5, 9, 8]},
			"faces": {
				"north": {"uv": [0, 0, 3, 1], "texture": "#top"},
				"east": {"uv": [0, 0, 0, 1], "texture": "#top"},
				"south": {"uv": [0, 0, 3, 1], "texture": "#top"},
				"west": {"uv": [0, 0, 0, 1], "texture": "#top"},
				"up": {"uv": [0, 0, 3, 0], "rotation": 180, "texture": "#top"},
				"down": {"uv": [0, 0, 3, 0], "rotation": 180, "texture": "#top"}
			}
		},
		{
			"from": [0, 13, 10],
			"to": [3, 13, 11],
			"rotation": {"angle": 0, "axis": "y", "origin": [1.5, 9, 8]},
			"faces": {
				"north": {"uv": [0, 0, 3, 0], "texture": "#top"},
				"east": {"uv": [0, 0, 1, 0], "texture": "#top"},
				"south": {"uv": [0, 0, 3, 0], "texture": "#top"},
				"west": {"uv": [0, 0, 1, 0], "texture": "#top"},
				"up": {"uv": [0, 0, 3, 1], "rotation": 180, "texture": "#top"},
				"down": {"uv": [0, 0, 3, 1], "rotation": 180, "texture": "#top"}
			}
		},
		{
			"from": [0, 12, 10],
			"to": [3, 13, 10],
			"rotation": {"angle": 0, "axis": "y", "origin": [1.5, 9, 8]},
			"faces": {
				"north": {"uv": [0, 0, 3, 1], "texture": "#top"},
				"east": {"uv": [0, 0, 0, 1], "texture": "#top"},
				"south": {"uv": [0, 0, 3, 1], "texture": "#top"},
				"west": {"uv": [0, 0, 0, 1], "texture": "#top"},
				"up": {"uv": [0, 0, 3, 0], "rotation": 180, "texture": "#top"},
				"down": {"uv": [0, 0, 3, 0], "rotation": 180, "texture": "#top"}
			}
		},
		{
			"from": [0, 12, 9],
			"to": [3, 12, 10],
			"rotation": {"angle": 0, "axis": "y", "origin": [1.5, 9, 8]},
			"faces": {
				"north": {"uv": [0, 0, 3, 0], "texture": "#top"},
				"east": {"uv": [0, 0, 1, 0], "texture": "#top"},
				"south": {"uv": [0, 0, 3, 0], "texture": "#top"},
				"west": {"uv": [0, 0, 1, 0], "texture": "#top"},
				"up": {"uv": [0, 0, 3, 1], "rotation": 180, "texture": "#top"},
				"down": {"uv": [0, 0, 3, 1], "rotation": 180, "texture": "#top"}
			}
		},
		{
			"from": [0, 11, 9],
			"to": [3, 12, 9],
			"rotation": {"angle": 0, "axis": "y", "origin": [1.5, 9, 8]},
			"faces": {
				"north": {"uv": [0, 0, 3, 1], "texture": "#top"},
				"east": {"uv": [0, 0, 0, 1], "texture": "#top"},
				"south": {"uv": [0, 0, 3, 1], "texture": "#top"},
				"west": {"uv": [0, 0, 0, 1], "texture": "#top"},
				"up": {"uv": [0, 0, 3, 0], "rotation": 180, "texture": "#top"},
				"down": {"uv": [0, 0, 3, 0], "rotation": 180, "texture": "#top"}
			}
		},
		{
			"from": [0, 11, 7],
			"to": [3, 11, 9],
			"rotation": {"angle": 0, "axis": "y", "origin": [1.5, 9, 8]},
			"faces": {
				"north": {"uv": [0, 0, 3, 0], "texture": "#top"},
				"east": {"uv": [0, 0, 2, 0], "texture": "#top"},
				"south": {"uv": [0, 0, 3, 0], "texture": "#top"},
				"west": {"uv": [0, 0, 2, 0], "texture": "#top"},
				"up": {"uv": [0, 0, 3, 2], "rotation": 180, "texture": "#top"},
				"down": {"uv": [0, 0, 3, 2], "rotation": 180, "texture": "#top"}
			}
		},
		{
			"from": [0, 13, 5],
			"to": [3, 14, 5],
			"rotation": {"angle": 0, "axis": "y", "origin": [1.5, 9, 8]},
			"faces": {
				"north": {"uv": [0, 0, 3, 1], "texture": "#top"},
				"east": {"uv": [0, 0, 0, 1], "texture": "#top"},
				"south": {"uv": [0, 0, 3, 1], "texture": "#top"},
				"west": {"uv": [0, 0, 0, 1], "texture": "#top"},
				"up": {"uv": [0, 0, 3, 0], "rotation": 180, "texture": "#top"},
				"down": {"uv": [0, 0, 3, 0], "rotation": 180, "texture": "#top"}
			}
		},
		{
			"from": [0, 13, 5],
			"to": [3, 13, 6],
			"rotation": {"angle": 0, "axis": "y", "origin": [1.5, 9, 8]},
			"faces": {
				"north": {"uv": [0, 0, 3, 0], "texture": "#top"},
				"east": {"uv": [0, 0, 1, 0], "texture": "#top"},
				"south": {"uv": [0, 0, 3, 0], "texture": "#top"},
				"west": {"uv": [0, 0, 1, 0], "texture": "#top"},
				"up": {"uv": [0, 0, 3, 1], "rotation": 180, "texture": "#top"},
				"down": {"uv": [0, 0, 3, 1], "rotation": 180, "texture": "#top"}
			}
		},
		{
			"from": [0, 12, 6],
			"to": [3, 13, 6],
			"rotation": {"angle": 0, "axis": "y", "origin": [1.5, 9, 8]},
			"faces": {
				"north": {"uv": [0, 0, 3, 1], "texture": "#top"},
				"east": {"uv": [0, 0, 0, 1], "texture": "#top"},
				"south": {"uv": [0, 0, 3, 1], "texture": "#top"},
				"west": {"uv": [0, 0, 0, 1], "texture": "#top"},
				"up": {"uv": [0, 0, 3, 0], "rotation": 180, "texture": "#top"},
				"down": {"uv": [0, 0, 3, 0], "rotation": 180, "texture": "#top"}
			}
		},
		{
			"from": [0, 12, 6],
			"to": [3, 12, 7],
			"rotation": {"angle": 0, "axis": "y", "origin": [1.5, 9, 8]},
			"faces": {
				"north": {"uv": [0, 0, 3, 0], "texture": "#top"},
				"east": {"uv": [0, 0, 1, 0], "texture": "#top"},
				"south": {"uv": [0, 0, 3, 0], "texture": "#top"},
				"west": {"uv": [0, 0, 1, 0], "texture": "#top"},
				"up": {"uv": [0, 0, 3, 1], "rotation": 180, "texture": "#top"},
				"down": {"uv": [0, 0, 3, 1], "rotation": 180, "texture": "#top"}
			}
		},
		{
			"from": [0, 11, 7],
			"to": [3, 12, 7],
			"rotation": {"angle": 0, "axis": "y", "origin": [1.5, 9, 8]},
			"faces": {
				"north": {"uv": [0, 0, 3, 1], "texture": "#top"},
				"east": {"uv": [0, 0, 0, 1], "texture": "#top"},
				"south": {"uv": [0, 0, 3, 1], "texture": "#top"},
				"west": {"uv": [0, 0, 0, 1], "texture": "#top"},
				"up": {"uv": [0, 0, 3, 0], "rotation": 180, "texture": "#top"},
				"down": {"uv": [0, 0, 3, 0], "rotation": 180, "texture": "#top"}
			}
		},
		{
			"from": [0, 6, 12],
			"to": [3, 6, 13],
			"rotation": {"angle": 0, "axis": "y", "origin": [1.5, 9, 8]},
			"faces": {
				"north": {"uv": [0, 0, 3, 0], "texture": "#top"},
				"east": {"uv": [0, 0, 1, 0], "texture": "#top"},
				"south": {"uv": [0, 0, 3, 0], "texture": "#top"},
				"west": {"uv": [0, 0, 1, 0], "texture": "#top"},
				"up": {"uv": [0, 0, 3, 1], "rotation": 180, "texture": "#top"},
				"down": {"uv": [0, 0, 3, 1], "rotation": 180, "texture": "#top"}
			}
		},
		{
			"from": [0, 12, 12],
			"to": [3, 12, 13],
			"rotation": {"angle": 0, "axis": "y", "origin": [1.5, 9, 8]},
			"faces": {
				"north": {"uv": [0, 0, 3, 0], "texture": "#top"},
				"east": {"uv": [0, 0, 1, 0], "texture": "#top"},
				"south": {"uv": [0, 0, 3, 0], "texture": "#top"},
				"west": {"uv": [0, 0, 1, 0], "texture": "#top"},
				"up": {"uv": [0, 0, 3, 1], "rotation": 180, "texture": "#top"},
				"down": {"uv": [0, 0, 3, 1], "rotation": 180, "texture": "#top"}
			}
		},
		{
			"from": [0, 11, 12],
			"to": [3, 12, 12],
			"rotation": {"angle": 0, "axis": "y", "origin": [1.5, 9, 8]},
			"faces": {
				"north": {"uv": [0, 0, 3, 1], "texture": "#top"},
				"east": {"uv": [0, 0, 0, 1], "texture": "#top"},
				"south": {"uv": [0, 0, 3, 1], "texture": "#top"},
				"west": {"uv": [0, 0, 0, 1], "texture": "#top"},
				"up": {"uv": [0, 0, 3, 0], "rotation": 180, "texture": "#top"},
				"down": {"uv": [0, 0, 3, 0], "rotation": 180, "texture": "#top"}
			}
		},
		{
			"from": [0, 11, 11],
			"to": [3, 11, 12],
			"rotation": {"angle": 0, "axis": "y", "origin": [1.5, 9, 8]},
			"faces": {
				"north": {"uv": [0, 0, 3, 0], "texture": "#top"},
				"east": {"uv": [0, 0, 1, 0], "texture": "#top"},
				"south": {"uv": [0, 0, 3, 0], "texture": "#top"},
				"west": {"uv": [0, 0, 1, 0], "texture": "#top"},
				"up": {"uv": [0, 0, 3, 1], "rotation": 180, "texture": "#top"},
				"down": {"uv": [0, 0, 3, 1], "rotation": 180, "texture": "#top"}
			}
		},
		{
			"from": [0, 10, 11],
			"to": [3, 11, 11],
			"rotation": {"angle": 0, "axis": "y", "origin": [1.5, 9, 8]},
			"faces": {
				"north": {"uv": [0, 0, 3, 1], "texture": "#top"},
				"east": {"uv": [0, 0, 0, 1], "texture": "#top"},
				"south": {"uv": [0, 0, 3, 1], "texture": "#top"},
				"west": {"uv": [0, 0, 0, 1], "texture": "#top"},
				"up": {"uv": [0, 0, 3, 0], "rotation": 180, "texture": "#top"},
				"down": {"uv": [0, 0, 3, 0], "rotation": 180, "texture": "#top"}
			}
		},
		{
			"from": [0, 10, 10],
			"to": [3, 10, 11],
			"rotation": {"angle": 0, "axis": "y", "origin": [1.5, 9, 8]},
			"faces": {
				"north": {"uv": [0, 0, 3, 0], "texture": "#top"},
				"east": {"uv": [0, 0, 1, 0], "texture": "#top"},
				"south": {"uv": [0, 0, 3, 0], "texture": "#top"},
				"west": {"uv": [0, 0, 1, 0], "texture": "#top"},
				"up": {"uv": [0, 0, 3, 1], "rotation": 180, "texture": "#top"},
				"down": {"uv": [0, 0, 3, 1], "rotation": 180, "texture": "#top"}
			}
		},
		{
			"from": [0, 8, 10],
			"to": [3, 10, 10],
			"rotation": {"angle": 0, "axis": "y", "origin": [1.5, 9, 8]},
			"faces": {
				"north": {"uv": [0, 0, 3, 2], "texture": "#top"},
				"east": {"uv": [0, 0, 0, 2], "texture": "#top"},
				"south": {"uv": [0, 0, 3, 2], "texture": "#top"},
				"west": {"uv": [0, 0, 0, 2], "texture": "#top"},
				"up": {"uv": [0, 0, 3, 0], "rotation": 180, "texture": "#top"},
				"down": {"uv": [0, 0, 3, 0], "rotation": 180, "texture": "#top"}
			}
		},
		{
			"from": [0, 8, 10],
			"to": [3, 8, 11],
			"rotation": {"angle": 0, "axis": "y", "origin": [1.5, 9, 8]},
			"faces": {
				"north": {"uv": [0, 0, 3, 0], "texture": "#top"},
				"east": {"uv": [0, 0, 1, 0], "texture": "#top"},
				"south": {"uv": [0, 0, 3, 0], "texture": "#top"},
				"west": {"uv": [0, 0, 1, 0], "texture": "#top"},
				"up": {"uv": [0, 0, 3, 1], "rotation": 180, "texture": "#top"},
				"down": {"uv": [0, 0, 3, 1], "rotation": 180, "texture": "#top"}
			}
		},
		{
			"from": [0, 7, 11],
			"to": [3, 8, 11],
			"rotation": {"angle": 0, "axis": "y", "origin": [1.5, 9, 8]},
			"faces": {
				"north": {"uv": [0, 0, 3, 1], "texture": "#top"},
				"east": {"uv": [0, 0, 0, 1], "texture": "#top"},
				"south": {"uv": [0, 0, 3, 1], "texture": "#top"},
				"west": {"uv": [0, 0, 0, 1], "texture": "#top"},
				"up": {"uv": [0, 0, 3, 0], "rotation": 180, "texture": "#top"},
				"down": {"uv": [0, 0, 3, 0], "rotation": 180, "texture": "#top"}
			}
		},
		{
			"from": [0, 7, 11],
			"to": [3, 7, 12],
			"rotation": {"angle": 0, "axis": "y", "origin": [1.5, 9, 8]},
			"faces": {
				"north": {"uv": [0, 0, 3, 0], "texture": "#top"},
				"east": {"uv": [0, 0, 1, 0], "texture": "#top"},
				"south": {"uv": [0, 0, 3, 0], "texture": "#top"},
				"west": {"uv": [0, 0, 1, 0], "texture": "#top"},
				"up": {"uv": [0, 0, 3, 1], "rotation": 180, "texture": "#top"},
				"down": {"uv": [0, 0, 3, 1], "rotation": 180, "texture": "#top"}
			}
		},
		{
			"from": [0, 6, 12],
			"to": [3, 7, 12],
			"rotation": {"angle": 0, "axis": "y", "origin": [1.5, 9, 8]},
			"faces": {
				"north": {"uv": [0, 0, 3, 1], "texture": "#top"},
				"east": {"uv": [0, 0, 0, 1], "texture": "#top"},
				"south": {"uv": [0, 0, 3, 1], "texture": "#top"},
				"west": {"uv": [0, 0, 0, 1], "texture": "#top"},
				"up": {"uv": [0, 0, 3, 0], "rotation": 180, "texture": "#top"},
				"down": {"uv": [0, 0, 3, 0], "rotation": 180, "texture": "#top"}
			}
		},
		{
			"from": [0, 6, 13],
			"to": [3, 12, 13],
			"rotation": {"angle": 0, "axis": "y", "origin": [1.5, 9, 8]},
			"faces": {
				"north": {"uv": [0, 6, 3, 12], "texture": "#top"},
				"east": {"uv": [0, 0, 0, 6], "texture": "#top"},
				"south": {"uv": [0, 6, 3, 12], "texture": "#top"},
				"west": {"uv": [0, 0, 0, 6], "texture": "#top"},
				"up": {"uv": [0, 0, 3, 0], "rotation": 180, "texture": "#top"},
				"down": {"uv": [0, 0, 3, 0], "rotation": 180, "texture": "#top"}
			}
		},
		{
			"from": [0, 6, 3],
			"to": [3, 6, 4],
			"rotation": {"angle": 0, "axis": "y", "origin": [1.5, 9, 8]},
			"faces": {
				"north": {"uv": [0, 0, 3, 0], "texture": "#top"},
				"east": {"uv": [0, 0, 1, 0], "texture": "#top"},
				"south": {"uv": [0, 0, 3, 0], "texture": "#top"},
				"west": {"uv": [0, 0, 1, 0], "texture": "#top"},
				"up": {"uv": [0, 0, 3, 1], "rotation": 180, "texture": "#top"},
				"down": {"uv": [0, 0, 3, 1], "rotation": 180, "texture": "#top"}
			}
		},
		{
			"from": [0, 12, 3],
			"to": [3, 12, 4],
			"rotation": {"angle": 0, "axis": "y", "origin": [1.5, 9, 8]},
			"faces": {
				"north": {"uv": [0, 0, 3, 0], "texture": "#top"},
				"east": {"uv": [0, 0, 1, 0], "texture": "#top"},
				"south": {"uv": [0, 0, 3, 0], "texture": "#top"},
				"west": {"uv": [0, 0, 1, 0], "texture": "#top"},
				"up": {"uv": [0, 0, 3, 1], "rotation": 180, "texture": "#top"},
				"down": {"uv": [0, 0, 3, 1], "rotation": 180, "texture": "#top"}
			}
		},
		{
			"from": [0, 11, 4],
			"to": [3, 12, 4],
			"rotation": {"angle": 0, "axis": "y", "origin": [1.5, 9, 8]},
			"faces": {
				"north": {"uv": [0, 0, 3, 1], "texture": "#top"},
				"east": {"uv": [0, 0, 0, 1], "texture": "#top"},
				"south": {"uv": [0, 0, 3, 1], "texture": "#top"},
				"west": {"uv": [0, 0, 0, 1], "texture": "#top"},
				"up": {"uv": [0, 0, 3, 0], "rotation": 180, "texture": "#top"},
				"down": {"uv": [0, 0, 3, 0], "rotation": 180, "texture": "#top"}
			}
		},
		{
			"from": [0, 11, 4],
			"to": [3, 11, 5],
			"rotation": {"angle": 0, "axis": "y", "origin": [1.5, 9, 8]},
			"faces": {
				"north": {"uv": [0, 0, 3, 0], "texture": "#top"},
				"east": {"uv": [0, 0, 1, 0], "texture": "#top"},
				"south": {"uv": [0, 0, 3, 0], "texture": "#top"},
				"west": {"uv": [0, 0, 1, 0], "texture": "#top"},
				"up": {"uv": [0, 0, 3, 1], "rotation": 180, "texture": "#top"},
				"down": {"uv": [0, 0, 3, 1], "rotation": 180, "texture": "#top"}
			}
		},
		{
			"from": [0, 10, 5],
			"to": [3, 11, 5],
			"rotation": {"angle": 0, "axis": "y", "origin": [1.5, 9, 8]},
			"faces": {
				"north": {"uv": [0, 0, 3, 1], "texture": "#top"},
				"east": {"uv": [0, 0, 0, 1], "texture": "#top"},
				"south": {"uv": [0, 0, 3, 1], "texture": "#top"},
				"west": {"uv": [0, 0, 0, 1], "texture": "#top"},
				"up": {"uv": [0, 0, 3, 0], "rotation": 180, "texture": "#top"},
				"down": {"uv": [0, 0, 3, 0], "rotation": 180, "texture": "#top"}
			}
		},
		{
			"from": [0, 10, 5],
			"to": [3, 10, 6],
			"rotation": {"angle": 0, "axis": "y", "origin": [1.5, 9, 8]},
			"faces": {
				"north": {"uv": [0, 0, 3, 0], "texture": "#top"},
				"east": {"uv": [0, 0, 1, 0], "texture": "#top"},
				"south": {"uv": [0, 0, 3, 0], "texture": "#top"},
				"west": {"uv": [0, 0, 1, 0], "texture": "#top"},
				"up": {"uv": [0, 0, 3, 1], "rotation": 180, "texture": "#top"},
				"down": {"uv": [0, 0, 3, 1], "rotation": 180, "texture": "#top"}
			}
		},
		{
			"from": [0, 8, 6],
			"to": [3, 10, 6],
			"rotation": {"angle": 0, "axis": "y", "origin": [1.5, 9, 8]},
			"faces": {
				"north": {"uv": [0, 0, 3, 2], "texture": "#top"},
				"east": {"uv": [0, 0, 0, 2], "texture": "#top"},
				"south": {"uv": [0, 0, 3, 2], "texture": "#top"},
				"west": {"uv": [0, 0, 0, 2], "texture": "#top"},
				"up": {"uv": [0, 0, 3, 0], "rotation": 180, "texture": "#top"},
				"down": {"uv": [0, 0, 3, 0], "rotation": 180, "texture": "#top"}
			}
		},
		{
			"from": [0, 8, 5],
			"to": [3, 8, 6],
			"rotation": {"angle": 0, "axis": "y", "origin": [1.5, 9, 8]},
			"faces": {
				"north": {"uv": [0, 0, 3, 0], "texture": "#top"},
				"east": {"uv": [0, 0, 1, 0], "texture": "#top"},
				"south": {"uv": [0, 0, 3, 0], "texture": "#top"},
				"west": {"uv": [0, 0, 1, 0], "texture": "#top"},
				"up": {"uv": [0, 0, 3, 1], "rotation": 180, "texture": "#top"},
				"down": {"uv": [0, 0, 3, 1], "rotation": 180, "texture": "#top"}
			}
		},
		{
			"from": [0, 7, 5],
			"to": [3, 8, 5],
			"rotation": {"angle": 0, "axis": "y", "origin": [1.5, 9, 8]},
			"faces": {
				"north": {"uv": [0, 0, 3, 1], "texture": "#top"},
				"east": {"uv": [0, 0, 0, 1], "texture": "#top"},
				"south": {"uv": [0, 0, 3, 1], "texture": "#top"},
				"west": {"uv": [0, 0, 0, 1], "texture": "#top"},
				"up": {"uv": [0, 0, 3, 0], "rotation": 180, "texture": "#top"},
				"down": {"uv": [0, 0, 3, 0], "rotation": 180, "texture": "#top"}
			}
		},
		{
			"from": [0, 7, 4],
			"to": [3, 7, 5],
			"rotation": {"angle": 0, "axis": "y", "origin": [1.5, 9, 8]},
			"faces": {
				"north": {"uv": [0, 0, 3, 0], "texture": "#top"},
				"east": {"uv": [0, 0, 1, 0], "texture": "#top"},
				"south": {"uv": [0, 0, 3, 0], "texture": "#top"},
				"west": {"uv": [0, 0, 1, 0], "texture": "#top"},
				"up": {"uv": [0, 0, 3, 1], "rotation": 180, "texture": "#top"},
				"down": {"uv": [0, 0, 3, 1], "rotation": 180, "texture": "#top"}
			}
		},
		{
			"from": [0, 6, 4],
			"to": [3, 7, 4],
			"rotation": {"angle": 0, "axis": "y", "origin": [1.5, 9, 8]},
			"faces": {
				"north": {"uv": [0, 0, 3, 1], "texture": "#top"},
				"east": {"uv": [0, 0, 0, 1], "texture": "#top"},
				"south": {"uv": [0, 0, 3, 1], "texture": "#top"},
				"west": {"uv": [0, 0, 0, 1], "texture": "#top"},
				"up": {"uv": [0, 0, 3, 0], "rotation": 180, "texture": "#top"},
				"down": {"uv": [0, 0, 3, 0], "rotation": 180, "texture": "#top"}
			}
		},
		{
			"from": [0, 6, 3],
			"to": [3, 12, 3],
			"rotation": {"angle": 0, "axis": "y", "origin": [1.5, 9, 8]},
			"faces": {
				"north": {"uv": [0, 6, 3, 12], "texture": "#top"},
				"east": {"uv": [0, 0, 0, 6], "texture": "#top"},
				"south": {"uv": [0, 6, 3, 12], "texture": "#top"},
				"west": {"uv": [0, 0, 0, 6], "texture": "#top"},
				"up": {"uv": [0, 0, 3, 0], "rotation": 180, "texture": "#top"},
				"down": {"uv": [0, 0, 3, 0], "rotation": 180, "texture": "#top"}
			}
		}
	],
	"groups": [
		0,
		{
			"name": "group",
			"origin": [8, 8, 8],
			"color": 0,
			"nbt": "{}",
			"children": [
				{
					"name": "group",
					"origin": [0, 0, 0],
					"color": 0,
					"nbt": "{}",
					"children": [1, 2, 3, 4, 5, 6, 7, 8, 9, 10, 11, 12]
				},
				{
					"name": "group",
					"origin": [0, 0, 0],
					"color": 0,
					"nbt": "{}",
					"children": [13, 14, 15, 16, 17, 18, 19, 20, 21, 22, 23, 24]
				},
				{
					"name": "group",
					"origin": [0, 0, 0],
					"color": 0,
					"nbt": "{}",
					"children": [25, 26, 27, 28, 29, 30, 31, 32, 33, 34, 35, 36]
				},
				{
					"name": "group",
					"origin": [0, 0, 0],
					"color": 0,
					"nbt": "{}",
					"children": [37, 38, 39, 40, 41, 42, 43, 44, 45, 46, 47, 48]
				}
			]
		}
	]
}