{
	"credit": "Made by CuDsan",
	"parent": "block/thin_block",
	"textures": {
		"particle": "block/jungle_trapdoor",
		"texture": "block/jungle_trapdoor"
	},
	"elements": [
		{
			"from": [0, 0, 0],
			"to": [16, 3, 16],
			"faces": {
				"north": {"uv": [0, 0, 16, 3], "texture": "#texture", "cullface": "north"},
				"east": {"uv": [0, 0, 16, 3], "texture": "#texture", "cullface": "east"},
				"south": {"uv": [0, 0, 16, 3], "texture": "#texture", "cullface": "south"},
				"west": {"uv": [0, 0, 16, 3], "texture": "#texture", "cullface": "west"},
				"up": {"uv": [0, 16, 16, 0], "texture": "#texture"},
				"down": {"uv": [0, 0, 16, 16], "texture": "#texture", "cullface": "down"}
			}
		},
		{
			"from": [6, 0, 9],
			"to": [6, 3, 13],
			"rotation": {"angle": 0, "axis": "y", "origin": [8, 1.5, 8.5]},
			"faces": {
				"north": {"uv": [1, 1, 1, 4], "texture": "#texture"},
				"east": {"uv": [1, 1, 5, 4], "texture": "#texture"},
				"south": {"uv": [1, 1, 1, 4], "texture": "#texture"},
				"west": {"uv": [1, 1, 5, 4], "texture": "#texture"},
				"up": {"uv": [0, 0, 0, 4], "texture": "#texture"},
				"down": {"uv": [0, 0, 0, 4], "texture": "#texture"}
			}
		},
		{
			"from": [7, 0, 4],
			"to": [9, 3, 4],
			"rotation": {"angle": 0, "axis": "y", "origin": [8, 1.5, 8.5]},
			"faces": {
				"north": {"uv": [1, 1, 3, 4], "texture": "#texture"},
				"east": {"uv": [1, 1, 1, 4], "texture": "#texture"},
				"south": {"uv": [1, 1, 3, 4], "texture": "#texture"},
				"west": {"uv": [1, 1, 1, 4], "texture": "#texture"},
				"up": {"uv": [0, 0, 2, 0], "texture": "#texture"},
				"down": {"uv": [0, 0, 2, 0], "texture": "#texture"}
			}
		},
		{
			"from": [7, 0, 7],
			"to": [9, 3, 7],
			"rotation": {"angle": 0, "axis": "y", "origin": [8, 1.5, 8.5]},
			"faces": {
				"north": {"uv": [1, 1, 3, 4], "texture": "#texture"},
				"east": {"uv": [1, 1, 1, 4], "texture": "#texture"},
				"south": {"uv": [1, 1, 3, 4], "texture": "#texture"},
				"west": {"uv": [1, 1, 1, 4], "texture": "#texture"},
				"up": {"uv": [0, 0, 2, 0], "texture": "#texture"},
				"down": {"uv": [0, 0, 2, 0], "texture": "#texture"}
			}
		},
		{
			"from": [7, 0, 4],
			"to": [7, 3, 7],
			"rotation": {"angle": 0, "axis": "y", "origin": [8, 1.5, 8.5]},
			"faces": {
				"north": {"uv": [1, 1, 1, 4], "texture": "#texture"},
				"east": {"uv": [1, 1, 4, 4], "texture": "#texture"},
				"south": {"uv": [1, 1, 1, 4], "texture": "#texture"},
				"west": {"uv": [1, 1, 4, 4], "texture": "#texture"},
				"up": {"uv": [0, 0, 0, 3], "texture": "#texture"},
				"down": {"uv": [0, 0, 0, 3], "texture": "#texture"}
			}
		},
		{
			"from": [9, 0, 4],
			"to": [9, 3, 7],
			"rotation": {"angle": 0, "axis": "y", "origin": [8, 1.5, 8.5]},
			"faces": {
				"north": {"uv": [1, 1, 1, 4], "texture": "#texture"},
				"east": {"uv": [1, 1, 4, 4], "texture": "#texture"},
				"south": {"uv": [1, 1, 1, 4], "texture": "#texture"},
				"west": {"uv": [1, 1, 4, 4], "texture": "#texture"},
				"up": {"uv": [0, 0, 0, 3], "texture": "#texture"},
				"down": {"uv": [0, 0, 0, 3], "texture": "#texture"}
			}
		},
		{
			"from": [10, 0, 4],
			"to": [11, 3, 4],
			"rotation": {"angle": 0, "axis": "y", "origin": [8, 1.5, 8.5]},
			"faces": {
				"north": {"uv": [1, 1, 2, 4], "texture": "#texture"},
				"east": {"uv": [1, 1, 1, 4], "texture": "#texture"},
				"south": {"uv": [1, 1, 2, 4], "texture": "#texture"},
				"west": {"uv": [1, 1, 1, 4], "texture": "#texture"},
				"up": {"uv": [0, 0, 1, 0], "texture": "#texture"},
				"down": {"uv": [0, 0, 1, 0], "texture": "#texture"}
			}
		},
		{
			"from": [11, 0, 4],
			"to": [11, 3, 5],
			"rotation": {"angle": 0, "axis": "y", "origin": [8, 1.5, 8.5]},
			"faces": {
				"north": {"uv": [1, 1, 1, 4], "texture": "#texture"},
				"east": {"uv": [1, 1, 2, 4], "texture": "#texture"},
				"south": {"uv": [1, 1, 1, 4], "texture": "#texture"},
				"west": {"uv": [1, 1, 2, 4], "texture": "#texture"},
				"up": {"uv": [0, 0, 0, 1], "texture": "#texture"},
				"down": {"uv": [0, 0, 0, 1], "texture": "#texture"}
			}
		},
		{
			"from": [11, 0, 5],
			"to": [12, 3, 5],
			"rotation": {"angle": 0, "axis": "y", "origin": [8, 1.5, 8.5]},
			"faces": {
				"north": {"uv": [1, 1, 2, 4], "texture": "#texture"},
				"east": {"uv": [1, 1, 1, 4], "texture": "#texture"},
				"south": {"uv": [1, 1, 2, 4], "texture": "#texture"},
				"west": {"uv": [1, 1, 1, 4], "texture": "#texture"},
				"up": {"uv": [0, 0, 1, 0], "texture": "#texture"},
				"down": {"uv": [0, 0, 1, 0], "texture": "#texture"}
			}
		},
		{
			"from": [12, 0, 5],
			"to": [12, 3, 7],
			"rotation": {"angle": 0, "axis": "y", "origin": [8, 1.5, 8.5]},
			"faces": {
				"north": {"uv": [1, 1, 1, 4], "texture": "#texture"},
				"east": {"uv": [1, 1, 3, 4], "texture": "#texture"},
				"south": {"uv": [1, 1, 1, 4], "texture": "#texture"},
				"west": {"uv": [1, 1, 3, 4], "texture": "#texture"},
				"up": {"uv": [0, 0, 0, 2], "texture": "#texture"},
				"down": {"uv": [0, 0, 0, 2], "texture": "#texture"}
			}
		},
		{
			"from": [10, 0, 7],
			"to": [12, 3, 7],
			"rotation": {"angle": 0, "axis": "y", "origin": [8, 1.5, 8.5]},
			"faces": {
				"north": {"uv": [1, 1, 3, 4], "texture": "#texture"},
				"east": {"uv": [1, 1, 1, 4], "texture": "#texture"},
				"south": {"uv": [1, 1, 3, 4], "texture": "#texture"},
				"west": {"uv": [1, 1, 1, 4], "texture": "#texture"},
				"up": {"uv": [0, 0, 2, 0], "texture": "#texture"},
				"down": {"uv": [0, 0, 2, 0], "texture": "#texture"}
			}
		},
		{
			"from": [10, 0, 4],
			"to": [10, 3, 7],
			"rotation": {"angle": 0, "axis": "y", "origin": [8, 1.5, 8.5]},
			"faces": {
				"north": {"uv": [1, 1, 1, 4], "texture": "#texture"},
				"east": {"uv": [1, 1, 4, 4], "texture": "#texture"},
				"south": {"uv": [1, 1, 1, 4], "texture": "#texture"},
				"west": {"uv": [1, 1, 4, 4], "texture": "#texture"},
				"up": {"uv": [0, 0, 0, 3], "texture": "#texture"},
				"down": {"uv": [0, 0, 0, 3], "texture": "#texture"}
			}
		},
		{
			"from": [6, 0, 4],
			"to": [6, 3, 7],
			"rotation": {"angle": 0, "axis": "y", "origin": [8, 1.5, 8.5]},
			"faces": {
				"north": {"uv": [1, 1, 1, 4], "texture": "#texture"},
				"east": {"uv": [1, 1, 4, 4], "texture": "#texture"},
				"south": {"uv": [1, 1, 1, 4], "texture": "#texture"},
				"west": {"uv": [1, 1, 4, 4], "texture": "#texture"},
				"up": {"uv": [0, 0, 0, 3], "texture": "#texture"},
				"down": {"uv": [0, 0, 0, 3], "texture": "#texture"}
			}
		},
		{
			"from": [4, 0, 7],
			"to": [6, 3, 7],
			"rotation": {"angle": 0, "axis": "y", "origin": [8, 1.5, 8.5]},
			"faces": {
				"north": {"uv": [1, 1, 3, 4], "texture": "#texture"},
				"east": {"uv": [1, 1, 1, 4], "texture": "#texture"},
				"south": {"uv": [1, 1, 3, 4], "texture": "#texture"},
				"west": {"uv": [1, 1, 1, 4], "texture": "#texture"},
				"up": {"uv": [0, 0, 2, 0], "texture": "#texture"},
				"down": {"uv": [0, 0, 2, 0], "texture": "#texture"}
			}
		},
		{
			"from": [4, 0, 5],
			"to": [4, 3, 7],
			"rotation": {"angle": 0, "axis": "y", "origin": [8, 1.5, 8.5]},
			"faces": {
				"north": {"uv": [1, 1, 1, 4], "texture": "#texture"},
				"east": {"uv": [1, 1, 3, 4], "texture": "#texture"},
				"south": {"uv": [1, 1, 1, 4], "texture": "#texture"},
				"west": {"uv": [1, 1, 3, 4], "texture": "#texture"},
				"up": {"uv": [0, 0, 0, 2], "texture": "#texture"},
				"down": {"uv": [0, 0, 0, 2], "texture": "#texture"}
			}
		},
		{
			"from": [4, 0, 5],
			"to": [5, 3, 5],
			"rotation": {"angle": 0, "axis": "y", "origin": [8, 1.5, 8.5]},
			"faces": {
				"north": {"uv": [1, 1, 2, 4], "texture": "#texture"},
				"east": {"uv": [1, 1, 1, 4], "texture": "#texture"},
				"south": {"uv": [1, 1, 2, 4], "texture": "#texture"},
				"west": {"uv": [1, 1, 1, 4], "texture": "#texture"},
				"up": {"uv": [0, 0, 1, 0], "texture": "#texture"},
				"down": {"uv": [0, 0, 1, 0], "texture": "#texture"}
			}
		},
		{
			"from": [5, 0, 4],
			"to": [5, 3, 5],
			"rotation": {"angle": 0, "axis": "y", "origin": [8, 1.5, 8.5]},
			"faces": {
				"north": {"uv": [1, 1, 1, 4], "texture": "#texture"},
				"east": {"uv": [1, 1, 2, 4], "texture": "#texture"},
				"south": {"uv": [1, 1, 1, 4], "texture": "#texture"},
				"west": {"uv": [1, 1, 2, 4], "texture": "#texture"},
				"up": {"uv": [0, 0, 0, 1], "texture": "#texture"},
				"down": {"uv": [0, 0, 0, 1], "texture": "#texture"}
			}
		},
		{
			"from": [5, 0, 4],
			"to": [6, 3, 4],
			"rotation": {"angle": 0, "axis": "y", "origin": [8, 1.5, 8.5]},
			"faces": {
				"north": {"uv": [1, 1, 2, 4], "texture": "#texture"},
				"east": {"uv": [1, 1, 1, 4], "texture": "#texture"},
				"south": {"uv": [1, 1, 2, 4], "texture": "#texture"},
				"west": {"uv": [1, 1, 1, 4], "texture": "#texture"},
				"up": {"uv": [0, 0, 1, 0], "texture": "#texture"},
				"down": {"uv": [0, 0, 1, 0], "texture": "#texture"}
			}
		},
		{
			"from": [7, 0, 9],
			"to": [9, 3, 9],
			"rotation": {"angle": 0, "axis": "y", "origin": [8, 1.5, 8.5]},
			"faces": {
				"north": {"uv": [1, 1, 3, 4], "texture": "#texture"},
				"east": {"uv": [1, 1, 1, 4], "texture": "#texture"},
				"south": {"uv": [1, 1, 3, 4], "texture": "#texture"},
				"west": {"uv": [1, 1, 1, 4], "texture": "#texture"},
				"up": {"uv": [0, 0, 2, 0], "texture": "#texture"},
				"down": {"uv": [0, 0, 2, 0], "texture": "#texture"}
			}
		},
		{
			"from": [7, 0, 13],
			"to": [9, 3, 13],
			"rotation": {"angle": 0, "axis": "y", "origin": [8, 1.5, 8.5]},
			"faces": {
				"north": {"uv": [1, 1, 3, 4], "texture": "#texture"},
				"east": {"uv": [1, 1, 1, 4], "texture": "#texture"},
				"south": {"uv": [1, 1, 3, 4], "texture": "#texture"},
				"west": {"uv": [1, 1, 1, 4], "texture": "#texture"},
				"up": {"uv": [0, 0, 2, 0], "texture": "#texture"},
				"down": {"uv": [0, 0, 2, 0], "texture": "#texture"}
			}
		},
		{
			"from": [7, 0, 9],
			"to": [7, 3, 13],
			"rotation": {"angle": 0, "axis": "y", "origin": [8, 1.5, 8.5]},
			"faces": {
				"north": {"uv": [1, 1, 1, 4], "texture": "#texture"},
				"east": {"uv": [1, 1, 5, 4], "texture": "#texture"},
				"south": {"uv": [1, 1, 1, 4], "texture": "#texture"},
				"west": {"uv": [1, 1, 5, 4], "texture": "#texture"},
				"up": {"uv": [0, 0, 0, 4], "texture": "#texture"},
				"down": {"uv": [0, 0, 0, 4], "texture": "#texture"}
			}
		},
		{
			"from": [9, 0, 9],
			"to": [9, 3, 13],
			"rotation": {"angle": 0, "axis": "y", "origin": [8, 1.5, 8.5]},
			"faces": {
				"north": {"uv": [1, 1, 1, 4], "texture": "#texture"},
				"east": {"uv": [1, 1, 5, 4], "texture": "#texture"},
				"south": {"uv": [1, 1, 1, 4], "texture": "#texture"},
				"west": {"uv": [1, 1, 5, 4], "texture": "#texture"},
				"up": {"uv": [0, 0, 0, 4], "texture": "#texture"},
				"down": {"uv": [0, 0, 0, 4], "texture": "#texture"}
			}
		},
		{
			"from": [10, 0, 9],
			"to": [13, 3, 9],
			"rotation": {"angle": 0, "axis": "y", "origin": [8, 1.5, 8.5]},
			"faces": {
				"north": {"uv": [1, 1, 4, 4], "texture": "#texture"},
				"east": {"uv": [1, 1, 1, 4], "texture": "#texture"},
				"south": {"uv": [1, 1, 4, 4], "texture": "#texture"},
				"west": {"uv": [1, 1, 1, 4], "texture": "#texture"},
				"up": {"uv": [0, 0, 3, 0], "texture": "#texture"},
				"down": {"uv": [0, 0, 3, 0], "texture": "#texture"}
			}
		},
		{
			"from": [13, 0, 9],
			"to": [13, 3, 11],
			"rotation": {"angle": 0, "axis": "y", "origin": [8, 1.5, 8.5]},
			"faces": {
				"north": {"uv": [1, 1, 1, 4], "texture": "#texture"},
				"east": {"uv": [1, 1, 3, 4], "texture": "#texture"},
				"south": {"uv": [1, 1, 1, 4], "texture": "#texture"},
				"west": {"uv": [1, 1, 3, 4], "texture": "#texture"},
				"up": {"uv": [0, 0, 0, 2], "texture": "#texture"},
				"down": {"uv": [0, 0, 0, 2], "texture": "#texture"}
			}
		},
		{
			"from": [12, 0, 11],
			"to": [13, 3, 11],
			"rotation": {"angle": 0, "axis": "y", "origin": [8, 1.5, 8.5]},
			"faces": {
				"north": {"uv": [1, 1, 2, 4], "texture": "#texture"},
				"east": {"uv": [1, 1, 1, 4], "texture": "#texture"},
				"south": {"uv": [1, 1, 2, 4], "texture": "#texture"},
				"west": {"uv": [1, 1, 1, 4], "texture": "#texture"},
				"up": {"uv": [0, 0, 1, 0], "texture": "#texture"},
				"down": {"uv": [0, 0, 1, 0], "texture": "#texture"}
			}
		},
		{
			"from": [12, 0, 11],
			"to": [12, 3, 12],
			"rotation": {"angle": 0, "axis": "y", "origin": [8, 1.5, 8.5]},
			"faces": {
				"north": {"uv": [1, 1, 1, 4], "texture": "#texture"},
				"east": {"uv": [1, 1, 2, 4], "texture": "#texture"},
				"south": {"uv": [1, 1, 1, 4], "texture": "#texture"},
				"west": {"uv": [1, 1, 2, 4], "texture": "#texture"},
				"up": {"uv": [0, 0, 0, 1], "texture": "#texture"},
				"down": {"uv": [0, 0, 0, 1], "texture": "#texture"}
			}
		},
		{
			"from": [11, 0, 12],
			"to": [12, 3, 12],
			"rotation": {"angle": 0, "axis": "y", "origin": [8, 1.5, 8.5]},
			"faces": {
				"north": {"uv": [1, 1, 2, 4], "texture": "#texture"},
				"east": {"uv": [1, 1, 1, 4], "texture": "#texture"},
				"south": {"uv": [1, 1, 2, 4], "texture": "#texture"},
				"west": {"uv": [1, 1, 1, 4], "texture": "#texture"},
				"up": {"uv": [0, 0, 1, 0], "texture": "#texture"},
				"down": {"uv": [0, 0, 1, 0], "texture": "#texture"}
			}
		},
		{
			"from": [11, 0, 12],
			"to": [11, 3, 13],
			"rotation": {"angle": 0, "axis": "y", "origin": [8, 1.5, 8.5]},
			"faces": {
				"north": {"uv": [1, 1, 1, 4], "texture": "#texture"},
				"east": {"uv": [1, 1, 2, 4], "texture": "#texture"},
				"south": {"uv": [1, 1, 1, 4], "texture": "#texture"},
				"west": {"uv": [1, 1, 2, 4], "texture": "#texture"},
				"up": {"uv": [0, 0, 0, 1], "texture": "#texture"},
				"down": {"uv": [0, 0, 0, 1], "texture": "#texture"}
			}
		},
		{
			"from": [10, 0, 13],
			"to": [11, 3, 13],
			"rotation": {"angle": 0, "axis": "y", "origin": [8, 1.5, 8.5]},
			"faces": {
				"north": {"uv": [1, 1, 2, 4], "texture": "#texture"},
				"east": {"uv": [1, 1, 1, 4], "texture": "#texture"},
				"south": {"uv": [1, 1, 2, 4], "texture": "#texture"},
				"west": {"uv": [1, 1, 1, 4], "texture": "#texture"},
				"up": {"uv": [0, 0, 1, 0], "texture": "#texture"},
				"down": {"uv": [0, 0, 1, 0], "texture": "#texture"}
			}
		},
		{
			"from": [10, 0, 9],
			"to": [10, 3, 13],
			"rotation": {"angle": 0, "axis": "y", "origin": [8, 1.5, 8.5]},
			"faces": {
				"north": {"uv": [1, 1, 1, 4], "texture": "#texture"},
				"east": {"uv": [1, 1, 5, 4], "texture": "#texture"},
				"south": {"uv": [1, 1, 1, 4], "texture": "#texture"},
				"west": {"uv": [1, 1, 5, 4], "texture": "#texture"},
				"up": {"uv": [0, 0, 0, 4], "texture": "#texture"},
				"down": {"uv": [0, 0, 0, 4], "texture": "#texture"}
			}
		},
		{
			"from": [3, 0, 9],
			"to": [6, 3, 9],
			"rotation": {"angle": 0, "axis": "y", "origin": [8, 1.5, 8.5]},
			"faces": {
				"north": {"uv": [1, 1, 4, 4], "texture": "#texture"},
				"east": {"uv": [1, 1, 1, 4], "texture": "#texture"},
				"south": {"uv": [1, 1, 4, 4], "texture": "#texture"},
				"west": {"uv": [1, 1, 1, 4], "texture": "#texture"},
				"up": {"uv": [0, 0, 3, 0], "texture": "#texture"},
				"down": {"uv": [0, 0, 3, 0], "texture": "#texture"}
			}
		},
		{
			"from": [3, 0, 9],
			"to": [3, 3, 11],
			"rotation": {"angle": 0, "axis": "y", "origin": [8, 1.5, 8.5]},
			"faces": {
				"north": {"uv": [1, 1, 1, 4], "texture": "#texture"},
				"east": {"uv": [1, 1, 3, 4], "texture": "#texture"},
				"south": {"uv": [1, 1, 1, 4], "texture": "#texture"},
				"west": {"uv": [1, 1, 3, 4], "texture": "#texture"},
				"up": {"uv": [0, 0, 0, 2], "texture": "#texture"},
				"down": {"uv": [0, 0, 0, 2], "texture": "#texture"}
			}
		},
		{
			"from": [3, 0, 11],
			"to": [4, 3, 11],
			"rotation": {"angle": 0, "axis": "y", "origin": [8, 1.5, 8.5]},
			"faces": {
				"north": {"uv": [1, 1, 2, 4], "texture": "#texture"},
				"east": {"uv": [1, 1, 1, 4], "texture": "#texture"},
				"south": {"uv": [1, 1, 2, 4], "texture": "#texture"},
				"west": {"uv": [1, 1, 1, 4], "texture": "#texture"},
				"up": {"uv": [0, 0, 1, 0], "texture": "#texture"},
				"down": {"uv": [0, 0, 1, 0], "texture": "#texture"}
			}
		},
		{
			"from": [4, 0, 11],
			"to": [4, 3, 12],
			"rotation": {"angle": 0, "axis": "y", "origin": [8, 1.5, 8.5]},
			"faces": {
				"north": {"uv": [1, 1, 1, 4], "texture": "#texture"},
				"east": {"uv": [1, 1, 2, 4], "texture": "#texture"},
				"south": {"uv": [1, 1, 1, 4], "texture": "#texture"},
				"west": {"uv": [1, 1, 2, 4], "texture": "#texture"},
				"up": {"uv": [0, 0, 0, 1], "texture": "#texture"},
				"down": {"uv": [0, 0, 0, 1], "texture": "#texture"}
			}
		},
		{
			"from": [4, 0, 12],
			"to": [5, 3, 12],
			"rotation": {"angle": 0, "axis": "y", "origin": [8, 1.5, 8.5]},
			"faces": {
				"north": {"uv": [1, 1, 2, 4], "texture": "#texture"},
				"east": {"uv": [1, 1, 1, 4], "texture": "#texture"},
				"south": {"uv": [1, 1, 2, 4], "texture": "#texture"},
				"west": {"uv": [1, 1, 1, 4], "texture": "#texture"},
				"up": {"uv": [0, 0, 1, 0], "texture": "#texture"},
				"down": {"uv": [0, 0, 1, 0], "texture": "#texture"}
			}
		},
		{
			"from": [5, 0, 12],
			"to": [5, 3, 13],
			"rotation": {"angle": 0, "axis": "y", "origin": [8, 1.5, 8.5]},
			"faces": {
				"north": {"uv": [1, 1, 1, 4], "texture": "#texture"},
				"east": {"uv": [1, 1, 2, 4], "texture": "#texture"},
				"south": {"uv": [1, 1, 1, 4], "texture": "#texture"},
				"west": {"uv": [1, 1, 2, 4], "texture": "#texture"},
				"up": {"uv": [0, 0, 0, 1], "texture": "#texture"},
				"down": {"uv": [0, 0, 0, 1], "texture": "#texture"}
			}
		},
		{
			"from": [5, 0, 13],
			"to": [6, 3, 13],
			"rotation": {"angle": 0, "axis": "y", "origin": [8, 1.5, 8.5]},
			"faces": {
				"north": {"uv": [1, 1, 2, 4], "texture": "#texture"},
				"east": {"uv": [1, 1, 1, 4], "texture": "#texture"},
				"south": {"uv": [1, 1, 2, 4], "texture": "#texture"},
				"west": {"uv": [1, 1, 1, 4], "texture": "#texture"},
				"up": {"uv": [0, 0, 1, 0], "texture": "#texture"},
				"down": {"uv": [0, 0, 1, 0], "texture": "#texture"}
			}
		}
	],
	"groups": [
		0,
		{
			"name": "group",
			"origin": [0, 0, 0],
			"color": 0,
			"nbt": "{}",
			"children": [1, 2, 3, 4, 5, 6, 7, 8, 9, 10, 11, 12, 13, 14, 15, 16, 17, 18, 19, 20, 21, 22, 23, 24, 25, 26, 27, 28, 29, 30, 31, 32, 33, 34, 35, 36]
		}
	]
}