{
	"credit": "Made by CuDsan",
	"textures": {
		"particle": "block/mangrove_trapdoor",
		"texture": "block/mangrove_trapdoor"
	},
	"elements": [
		{
			"from": [0, 0, 13],
			"to": [16, 16, 16],
			"faces": {
				"north": {"uv": [0, 16, 16, 0], "texture": "#texture"},
				"east": {"uv": [0, 3, 16, 0], "rotation": 90, "texture": "#texture", "cullface": "east"},
				"south": {"uv": [0, 16, 16, 0], "texture": "#texture", "cullface": "south"},
				"west": {"uv": [0, 0, 16, 3], "rotation": 90, "texture": "#texture", "cullface": "west"},
				"up": {"uv": [0, 3, 16, 0], "texture": "#texture", "cullface": "up"},
				"down": {"uv": [0, 0, 16, 3], "texture": "#texture", "cullface": "down"}
			}
		},
		{
			"from": [6, 5, 13],
			"to": [10, 5, 16],
			"rotation": {"angle": 0, "axis": "x", "origin": [8, 1.5, 8]},
			"faces": {
				"north": {"uv": [0, 0, 4, 0], "rotation": 180, "texture": "#texture"},
				"east": {"uv": [0, 0, 0, 3], "rotation": 270, "texture": "#texture"},
				"south": {"uv": [0, 0, 4, 0], "texture": "#texture"},
				"west": {"uv": [0, 0, 0, 3], "rotation": 90, "texture": "#texture"},
				"up": {"uv": [6, 2, 10, 5], "rotation": 180, "texture": "#texture"},
				"down": {"uv": [6, 2, 10, 5], "texture": "#texture"}
			}
		},
		{
			"from": [6, 5, 13],
			"to": [6, 6, 16],
			"rotation": {"angle": 0, "axis": "x", "origin": [8, 1.5, 8]},
			"faces": {
				"north": {"uv": [0, 0, 0, 1], "rotation": 180, "texture": "#texture"},
				"east": {"uv": [7, 0, 8, 3], "rotation": 270, "texture": "#texture"},
				"south": {"uv": [0, 0, 0, 1], "texture": "#texture"},
				"west": {"uv": [7, 0, 8, 3], "rotation": 90, "texture": "#texture"},
				"up": {"uv": [7, 0, 8, 3], "rotation": 180, "texture": "#texture"},
				"down": {"uv": [7, 0, 7, 3], "texture": "#texture"}
			}
		},
		{
			"from": [5, 6, 13],
			"to": [6, 6, 16],
			"rotation": {"angle": 0, "axis": "x", "origin": [8, 1.5, 8]},
			"faces": {
				"north": {"uv": [0, 0, 1, 0], "rotation": 180, "texture": "#texture"},
				"east": {"uv": [7, 0, 7, 3], "rotation": 270, "texture": "#texture"},
				"south": {"uv": [0, 0, 1, 0], "texture": "#texture"},
				"west": {"uv": [7, 0, 7, 3], "rotation": 90, "texture": "#texture"},
				"up": {"uv": [7, 0, 8, 3], "rotation": 180, "texture": "#texture"},
				"down": {"uv": [7, 0, 8, 3], "texture": "#texture"}
			}
		},
		{
			"from": [5, 6, 13],
			"to": [5, 10, 16],
			"rotation": {"angle": 0, "axis": "x", "origin": [8, 1.5, 8]},
			"faces": {
				"north": {"uv": [0, 0, 0, 4], "rotation": 180, "texture": "#texture"},
				"east": {"uv": [6, 11, 10, 14], "rotation": 270, "texture": "#texture"},
				"south": {"uv": [0, 0, 0, 4], "texture": "#texture"},
				"west": {"uv": [6, 11, 10, 14], "rotation": 90, "texture": "#texture"},
				"up": {"uv": [0, 0, 0, 3], "rotation": 180, "texture": "#texture"},
				"down": {"uv": [0, 0, 0, 3], "texture": "#texture"}
			}
		},
		{
			"from": [5, 10, 13],
			"to": [6, 10, 16],
			"rotation": {"angle": 0, "axis": "x", "origin": [8, 1.5, 8]},
			"faces": {
				"north": {"uv": [0, 0, 1, 0], "rotation": 180, "texture": "#texture"},
				"east": {"uv": [7, 0, 7, 3], "rotation": 270, "texture": "#texture"},
				"south": {"uv": [0, 0, 1, 0], "texture": "#texture"},
				"west": {"uv": [7, 0, 7, 3], "rotation": 90, "texture": "#texture"},
				"up": {"uv": [7, 0, 8, 3], "rotation": 180, "texture": "#texture"},
				"down": {"uv": [7, 0, 8, 3], "texture": "#texture"}
			}
		},
		{
			"from": [6, 10, 13],
			"to": [6, 11, 16],
			"rotation": {"angle": 0, "axis": "x", "origin": [8, 1.5, 8]},
			"faces": {
				"north": {"uv": [0, 0, 0, 1], "rotation": 180, "texture": "#texture"},
				"east": {"uv": [7, 0, 8, 3], "rotation": 270, "texture": "#texture"},
				"south": {"uv": [0, 0, 0, 1], "texture": "#texture"},
				"west": {"uv": [7, 0, 8, 3], "rotation": 90, "texture": "#texture"},
				"up": {"uv": [7, 0, 7, 3], "rotation": 180, "texture": "#texture"},
				"down": {"uv": [7, 0, 7, 3], "texture": "#texture"}
			}
		},
		{
			"from": [6, 11, 13],
			"to": [10, 11, 16],
			"rotation": {"angle": 0, "axis": "x", "origin": [8, 1.5, 8]},
			"faces": {
				"north": {"uv": [0, 0, 4, 0], "rotation": 180, "texture": "#texture"},
				"east": {"uv": [0, 0, 0, 3], "rotation": 270, "texture": "#texture"},
				"south": {"uv": [0, 0, 4, 0], "texture": "#texture"},
				"west": {"uv": [0, 0, 0, 3], "rotation": 90, "texture": "#texture"},
				"up": {"uv": [6, 2, 10, 5], "rotation": 180, "texture": "#texture"},
				"down": {"uv": [6, 2, 10, 5], "texture": "#texture"}
			}
		},
		{
			"from": [10, 10, 13],
			"to": [10, 11, 16],
			"rotation": {"angle": 0, "axis": "x", "origin": [8, 1.5, 8]},
			"faces": {
				"north": {"uv": [0, 0, 0, 1], "rotation": 180, "texture": "#texture"},
				"east": {"uv": [7, 0, 8, 3], "rotation": 270, "texture": "#texture"},
				"south": {"uv": [0, 0, 0, 1], "texture": "#texture"},
				"west": {"uv": [7, 0, 8, 3], "rotation": 90, "texture": "#texture"},
				"up": {"uv": [7, 0, 7, 3], "rotation": 180, "texture": "#texture"},
				"down": {"uv": [7, 0, 7, 3], "texture": "#texture"}
			}
		},
		{
			"from": [10, 10, 13],
			"to": [11, 10, 16],
			"rotation": {"angle": 0, "axis": "x", "origin": [8, 1.5, 8]},
			"faces": {
				"north": {"uv": [0, 0, 1, 0], "rotation": 180, "texture": "#texture"},
				"east": {"uv": [7, 0, 7, 3], "rotation": 270, "texture": "#texture"},
				"south": {"uv": [0, 0, 1, 0], "texture": "#texture"},
				"west": {"uv": [7, 0, 7, 3], "rotation": 90, "texture": "#texture"},
				"up": {"uv": [7, 0, 8, 3], "rotation": 180, "texture": "#texture"},
				"down": {"uv": [7, 0, 8, 3], "texture": "#texture"}
			}
		},
		{
			"from": [11, 6, 13],
			"to": [11, 10, 16],
			"rotation": {"angle": 0, "axis": "x", "origin": [8, 1.5, 8]},
			"faces": {
				"north": {"uv": [0, 0, 0, 4], "rotation": 180, "texture": "#texture"},
				"east": {"uv": [6, 11, 10, 14], "rotation": 270, "texture": "#texture"},
				"south": {"uv": [0, 0, 0, 4], "texture": "#texture"},
				"west": {"uv": [6, 11, 10, 14], "rotation": 90, "texture": "#texture"},
				"up": {"uv": [0, 0, 0, 3], "rotation": 180, "texture": "#texture"},
				"down": {"uv": [0, 0, 0, 3], "texture": "#texture"}
			}
		},
		{
			"from": [10, 6, 13],
			"to": [11, 6, 16],
			"rotation": {"angle": 0, "axis": "x", "origin": [8, 1.5, 8]},
			"faces": {
				"north": {"uv": [0, 0, 1, 0], "rotation": 180, "texture": "#texture"},
				"east": {"uv": [7, 0, 7, 3], "rotation": 270, "texture": "#texture"},
				"south": {"uv": [0, 0, 1, 0], "texture": "#texture"},
				"west": {"uv": [7, 0, 7, 3], "rotation": 90, "texture": "#texture"},
				"up": {"uv": [7, 0, 8, 3], "rotation": 180, "texture": "#texture"},
				"down": {"uv": [7, 0, 8, 3], "texture": "#texture"}
			}
		},
		{
			"from": [10, 5, 13],
			"to": [10, 6, 16],
			"rotation": {"angle": 0, "axis": "x", "origin": [8, 1.5, 8]},
			"faces": {
				"north": {"uv": [0, 0, 0, 1], "rotation": 180, "texture": "#texture"},
				"east": {"uv": [7, 0, 8, 3], "rotation": 270, "texture": "#texture"},
				"south": {"uv": [0, 0, 0, 1], "texture": "#texture"},
				"west": {"uv": [7, 0, 8, 3], "rotation": 90, "texture": "#texture"},
				"up": {"uv": [7, 0, 7, 3], "rotation": 180, "texture": "#texture"},
				"down": {"uv": [7, 0, 7, 3], "texture": "#texture"}
			}
		}
	],
	"groups": [
		0,
		{
			"name": "group",
			"origin": [0, 0, 0],
			"color": 0,
			"nbt": "{}",
			"armAnimationEnabled": false,
			"children": [1, 2, 3, 4, 5, 6, 7, 8, 9, 10, 11, 12]
		}
	]
}