{
	"credit": "Made by CuDsan",
	"parent": "block/thin_block",
	"textures": {
		"particle": "block/oak_trapdoor",
		"texture": "block/oak_trapdoor"
	},
	"elements": [
		{
			"from": [0, 0, 0],
			"to": [16, 3, 16],
			"faces": {
				"north": {"uv": [0, 16, 16, 13], "texture": "#texture", "cullface": "north"},
				"east": {"uv": [0, 16, 16, 13], "texture": "#texture", "cullface": "east"},
				"south": {"uv": [0, 16, 16, 13], "texture": "#texture", "cullface": "south"},
				"west": {"uv": [0, 16, 16, 13], "texture": "#texture", "cullface": "west"},
				"up": {"uv": [0, 0, 16, 16], "texture": "#texture"},
				"down": {"uv": [0, 0, 16, 16], "texture": "#texture", "cullface": "down"}
			}
		},
		{
			"from": [3, 0, 13],
			"to": [13, 3, 13],
			"rotation": {"angle": 0, "axis": "x", "origin": [8, 1.5, 8]},
			"faces": {
				"north": {"uv": [3, 6, 13, 9], "texture": "#texture"},
				"east": {"uv": [0, 0, 0, 3], "texture": "#texture"},
				"south": {"uv": [3, 16, 13, 13], "texture": "#texture"},
				"west": {"uv": [0, 0, 0, 3], "texture": "#texture"},
				"up": {"uv": [0, 0, 10, 0], "texture": "#texture"},
				"down": {"uv": [0, 0, 10, 0], "texture": "#texture"}
			}
		},
		{
			"from": [3, 0, 10],
			"to": [13, 3, 10],
			"rotation": {"angle": 0, "axis": "x", "origin": [8, 1.5, 8]},
			"faces": {
				"north": {"uv": [3, 6, 13, 9], "texture": "#texture"},
				"east": {"uv": [0, 0, 0, 3], "texture": "#texture"},
				"south": {"uv": [3, 16, 13, 13], "texture": "#texture"},
				"west": {"uv": [0, 0, 0, 3], "texture": "#texture"},
				"up": {"uv": [0, 0, 10, 0], "texture": "#texture"},
				"down": {"uv": [0, 0, 10, 0], "texture": "#texture"}
			}
		},
		{
			"from": [3, 0, 6],
			"to": [13, 3, 6],
			"rotation": {"angle": 0, "axis": "x", "origin": [8, 1.5, 8]},
			"faces": {
				"north": {"uv": [3, 6, 13, 9], "texture": "#texture"},
				"east": {"uv": [0, 0, 0, 3], "texture": "#texture"},
				"south": {"uv": [3, 16, 13, 13], "texture": "#texture"},
				"west": {"uv": [0, 0, 0, 3], "texture": "#texture"},
				"up": {"uv": [0, 0, 10, 0], "texture": "#texture"},
				"down": {"uv": [0, 0, 10, 0], "texture": "#texture"}
			}
		},
		{
			"from": [3, 0, 3],
			"to": [13, 3, 3],
			"rotation": {"angle": 0, "axis": "x", "origin": [8, 1.5, 8]},
			"faces": {
				"north": {"uv": [3, 6, 13, 9], "texture": "#texture"},
				"east": {"uv": [0, 0, 0, 3], "texture": "#texture"},
				"south": {"uv": [3, 16, 13, 13], "texture": "#texture"},
				"west": {"uv": [0, 0, 0, 3], "texture": "#texture"},
				"up": {"uv": [0, 0, 10, 0], "texture": "#texture"},
				"down": {"uv": [0, 0, 10, 0], "texture": "#texture"}
			}
		},
		{
			"from": [13, 0, 3],
			"to": [13, 3, 13],
			"rotation": {"angle": 0, "axis": "y", "origin": [8, 1.5, 8]},
			"faces": {
				"north": {"uv": [0, 0, 0, 3], "texture": "#texture"},
				"east": {"uv": [3, 16, 13, 13], "texture": "#texture"},
				"south": {"uv": [0, 0, 0, 3], "texture": "#texture"},
				"west": {"uv": [3, 6, 13, 9], "texture": "#texture"},
				"up": {"uv": [0, 0, 10, 0], "rotation": 270, "texture": "#texture"},
				"down": {"uv": [0, 0, 10, 0], "rotation": 90, "texture": "#texture"}
			}
		},
		{
			"from": [10, 0, 3],
			"to": [10, 3, 13],
			"rotation": {"angle": 0, "axis": "y", "origin": [8, 1.5, 8]},
			"faces": {
				"north": {"uv": [0, 0, 0, 3], "texture": "#texture"},
				"east": {"uv": [3, 16, 13, 13], "texture": "#texture"},
				"south": {"uv": [0, 0, 0, 3], "texture": "#texture"},
				"west": {"uv": [3, 6, 13, 9], "texture": "#texture"},
				"up": {"uv": [0, 0, 10, 0], "rotation": 270, "texture": "#texture"},
				"down": {"uv": [0, 0, 10, 0], "rotation": 90, "texture": "#texture"}
			}
		},
		{
			"from": [6, 0, 3],
			"to": [6, 3, 13],
			"rotation": {"angle": 0, "axis": "y", "origin": [8, 1.5, 8]},
			"faces": {
				"north": {"uv": [0, 0, 0, 3], "texture": "#texture"},
				"east": {"uv": [3, 16, 13, 13], "texture": "#texture"},
				"south": {"uv": [0, 0, 0, 3], "texture": "#texture"},
				"west": {"uv": [3, 6, 13, 9], "texture": "#texture"},
				"up": {"uv": [0, 0, 10, 0], "rotation": 270, "texture": "#texture"},
				"down": {"uv": [0, 0, 10, 0], "rotation": 90, "texture": "#texture"}
			}
		},
		{
			"from": [3, 0, 3],
			"to": [3, 3, 13],
			"rotation": {"angle": 0, "axis": "y", "origin": [8, 1.5, 8]},
			"faces": {
				"north": {"uv": [0, 0, 0, 3], "texture": "#texture"},
				"east": {"uv": [3, 16, 13, 13], "texture": "#texture"},
				"south": {"uv": [0, 0, 0, 3], "texture": "#texture"},
				"west": {"uv": [3, 6, 13, 9], "texture": "#texture"},
				"up": {"uv": [0, 0, 10, 0], "rotation": 270, "texture": "#texture"},
				"down": {"uv": [0, 0, 10, 0], "rotation": 90, "texture": "#texture"}
			}
		}
	],
	"groups": [
		0,
		{
			"name": "group",
			"origin": [8, 8, 8],
			"color": 0,
			"nbt": "{}",
			"children": [
				{
					"name": "group",
					"origin": [0, 0, 0],
					"color": 0,
					"nbt": "{}",
					"children": [1, 2, 3, 4]
				},
				{
					"name": "group",
					"origin": [0, 0, 0],
					"color": 0,
					"nbt": "{}",
					"children": [5, 6, 7, 8]
				}
			]
		}
	]
}