{
	"credit": "Made by CuDsan",
	"textures": {
		"particle": "block/oxidized_copper_trapdoor",
		"texture": "block/oxidized_copper_trapdoor"
	},
	"elements": [
		{
			"from": [0, 0, 13],
			"to": [16, 16, 16],
			"faces": {
				"north": {"uv": [0, 0, 16, 16], "texture": "#texture"},
				"east": {"uv": [13, 0, 16, 16], "texture": "#texture", "cullface": "east"},
				"south": {"uv": [0, 0, 16, 16], "texture": "#texture", "cullface": "south"},
				"west": {"uv": [16, 0, 13, 16], "texture": "#texture", "cullface": "west"},
				"up": {"uv": [0, 16, 16, 13], "texture": "#texture", "cullface": "up"},
				"down": {"uv": [0, 13, 16, 16], "texture": "#texture", "cullface": "down"}
			}
		},
		{
			"from": [5, 3, 13],
			"to": [11, 3, 16],
			"rotation": {"angle": 0, "axis": "x", "origin": [8, 1, 8]},
			"faces": {
				"north": {"uv": [0, 0, 6, 0], "rotation": 180, "texture": "#texture"},
				"east": {"uv": [0, 0, 0, 3], "rotation": 270, "texture": "#texture"},
				"south": {"uv": [0, 0, 6, 0], "texture": "#texture"},
				"west": {"uv": [0, 0, 0, 3], "rotation": 90, "texture": "#texture"},
				"up": {"uv": [0, 0, 6, 3], "rotation": 180, "texture": "#texture"},
				"down": {"uv": [0, 0, 6, 3], "texture": "#texture"}
			}
		},
		{
			"from": [5, 3, 13],
			"to": [5, 4, 16],
			"rotation": {"angle": 0, "axis": "x", "origin": [8, 1, 8]},
			"faces": {
				"north": {"uv": [0, 0, 0, 1], "rotation": 180, "texture": "#texture"},
				"east": {"uv": [0, 0, 1, 3], "rotation": 270, "texture": "#texture"},
				"south": {"uv": [0, 0, 0, 1], "texture": "#texture"},
				"west": {"uv": [0, 0, 1, 3], "rotation": 90, "texture": "#texture"},
				"up": {"uv": [0, 0, 0, 3], "rotation": 180, "texture": "#texture"},
				"down": {"uv": [0, 0, 0, 3], "texture": "#texture"}
			}
		},
		{
			"from": [5, 4, 13],
			"to": [6, 4, 16],
			"rotation": {"angle": 0, "axis": "x", "origin": [8, 1, 8]},
			"faces": {
				"north": {"uv": [0, 0, 1, 0], "rotation": 180, "texture": "#texture"},
				"east": {"uv": [0, 0, 0, 3], "rotation": 270, "texture": "#texture"},
				"south": {"uv": [0, 0, 1, 0], "texture": "#texture"},
				"west": {"uv": [0, 0, 0, 3], "rotation": 90, "texture": "#texture"},
				"up": {"uv": [0, 0, 1, 3], "rotation": 180, "texture": "#texture"},
				"down": {"uv": [0, 0, 1, 3], "texture": "#texture"}
			}
		},
		{
			"from": [6, 4, 13],
			"to": [6, 5, 16],
			"rotation": {"angle": 0, "axis": "x", "origin": [8, 1, 8]},
			"faces": {
				"north": {"uv": [0, 0, 0, 1], "rotation": 180, "texture": "#texture"},
				"east": {"uv": [0, 0, 1, 3], "rotation": 270, "texture": "#texture"},
				"south": {"uv": [0, 0, 0, 1], "texture": "#texture"},
				"west": {"uv": [0, 0, 1, 3], "rotation": 90, "texture": "#texture"},
				"up": {"uv": [0, 0, 0, 3], "rotation": 180, "texture": "#texture"},
				"down": {"uv": [0, 0, 0, 3], "texture": "#texture"}
			}
		},
		{
			"from": [6, 5, 13],
			"to": [7, 5, 16],
			"rotation": {"angle": 0, "axis": "x", "origin": [8, 1, 8]},
			"faces": {
				"north": {"uv": [0, 0, 1, 0], "rotation": 180, "texture": "#texture"},
				"east": {"uv": [0, 0, 0, 3], "rotation": 270, "texture": "#texture"},
				"south": {"uv": [0, 0, 1, 0], "texture": "#texture"},
				"west": {"uv": [0, 0, 0, 3], "rotation": 90, "texture": "#texture"},
				"up": {"uv": [0, 0, 1, 3], "rotation": 180, "texture": "#texture"},
				"down": {"uv": [0, 0, 1, 3], "texture": "#texture"}
			}
		},
		{
			"from": [7, 5, 13],
			"to": [7, 6, 16],
			"rotation": {"angle": 0, "axis": "x", "origin": [8, 1, 8]},
			"faces": {
				"north": {"uv": [0, 0, 0, 1], "rotation": 180, "texture": "#texture"},
				"east": {"uv": [0, 0, 1, 3], "rotation": 270, "texture": "#texture"},
				"south": {"uv": [0, 0, 0, 1], "texture": "#texture"},
				"west": {"uv": [0, 0, 1, 3], "rotation": 90, "texture": "#texture"},
				"up": {"uv": [0, 0, 0, 3], "rotation": 180, "texture": "#texture"},
				"down": {"uv": [0, 0, 0, 3], "texture": "#texture"}
			}
		},
		{
			"from": [7, 6, 13],
			"to": [9, 6, 16],
			"rotation": {"angle": 0, "axis": "x", "origin": [8, 1, 8]},
			"faces": {
				"north": {"uv": [0, 0, 2, 0], "rotation": 180, "texture": "#texture"},
				"east": {"uv": [0, 0, 0, 3], "rotation": 270, "texture": "#texture"},
				"south": {"uv": [0, 0, 2, 0], "texture": "#texture"},
				"west": {"uv": [0, 0, 0, 3], "rotation": 90, "texture": "#texture"},
				"up": {"uv": [0, 0, 2, 3], "rotation": 180, "texture": "#texture"},
				"down": {"uv": [0, 0, 2, 3], "texture": "#texture"}
			}
		},
		{
			"from": [9, 5, 13],
			"to": [9, 6, 16],
			"rotation": {"angle": 0, "axis": "x", "origin": [8, 1, 8]},
			"faces": {
				"north": {"uv": [0, 0, 0, 1], "rotation": 180, "texture": "#texture"},
				"east": {"uv": [0, 0, 1, 3], "rotation": 270, "texture": "#texture"},
				"south": {"uv": [0, 0, 0, 1], "texture": "#texture"},
				"west": {"uv": [0, 0, 1, 3], "rotation": 90, "texture": "#texture"},
				"up": {"uv": [0, 0, 0, 3], "rotation": 180, "texture": "#texture"},
				"down": {"uv": [0, 0, 0, 3], "texture": "#texture"}
			}
		},
		{
			"from": [9, 5, 13],
			"to": [10, 5, 16],
			"rotation": {"angle": 0, "axis": "x", "origin": [8, 1, 8]},
			"faces": {
				"north": {"uv": [0, 0, 1, 0], "rotation": 180, "texture": "#texture"},
				"east": {"uv": [0, 0, 0, 3], "rotation": 270, "texture": "#texture"},
				"south": {"uv": [0, 0, 1, 0], "texture": "#texture"},
				"west": {"uv": [0, 0, 0, 3], "rotation": 90, "texture": "#texture"},
				"up": {"uv": [0, 0, 1, 3], "rotation": 180, "texture": "#texture"},
				"down": {"uv": [0, 0, 1, 3], "texture": "#texture"}
			}
		},
		{
			"from": [10, 4, 13],
			"to": [10, 5, 16],
			"rotation": {"angle": 0, "axis": "x", "origin": [8, 1, 8]},
			"faces": {
				"north": {"uv": [0, 0, 0, 1], "rotation": 180, "texture": "#texture"},
				"east": {"uv": [0, 0, 1, 3], "rotation": 270, "texture": "#texture"},
				"south": {"uv": [0, 0, 0, 1], "texture": "#texture"},
				"west": {"uv": [0, 0, 1, 3], "rotation": 90, "texture": "#texture"},
				"up": {"uv": [0, 0, 0, 3], "rotation": 180, "texture": "#texture"},
				"down": {"uv": [0, 0, 0, 3], "texture": "#texture"}
			}
		},
		{
			"from": [10, 4, 13],
			"to": [11, 4, 16],
			"rotation": {"angle": 0, "axis": "x", "origin": [8, 1, 8]},
			"faces": {
				"north": {"uv": [0, 0, 1, 0], "rotation": 180, "texture": "#texture"},
				"east": {"uv": [0, 0, 0, 3], "rotation": 270, "texture": "#texture"},
				"south": {"uv": [0, 0, 1, 0], "texture": "#texture"},
				"west": {"uv": [0, 0, 0, 3], "rotation": 90, "texture": "#texture"},
				"up": {"uv": [0, 0, 1, 3], "rotation": 180, "texture": "#texture"},
				"down": {"uv": [0, 0, 1, 3], "texture": "#texture"}
			}
		},
		{
			"from": [11, 3, 13],
			"to": [11, 4, 16],
			"rotation": {"angle": 0, "axis": "x", "origin": [8, 1, 8]},
			"faces": {
				"north": {"uv": [0, 0, 0, 1], "rotation": 180, "texture": "#texture"},
				"east": {"uv": [0, 0, 1, 3], "rotation": 270, "texture": "#texture"},
				"south": {"uv": [0, 0, 0, 1], "texture": "#texture"},
				"west": {"uv": [0, 0, 1, 3], "rotation": 90, "texture": "#texture"},
				"up": {"uv": [0, 0, 0, 3], "rotation": 180, "texture": "#texture"},
				"down": {"uv": [0, 0, 0, 3], "texture": "#texture"}
			}
		},
		{
			"from": [5, 13, 13],
			"to": [11, 13, 16],
			"rotation": {"angle": 0, "axis": "x", "origin": [8, 1, 8]},
			"faces": {
				"north": {"uv": [0, 0, 6, 0], "rotation": 180, "texture": "#texture"},
				"east": {"uv": [0, 0, 0, 3], "rotation": 270, "texture": "#texture"},
				"south": {"uv": [0, 0, 6, 0], "texture": "#texture"},
				"west": {"uv": [0, 0, 0, 3], "rotation": 90, "texture": "#texture"},
				"up": {"uv": [0, 0, 6, 3], "rotation": 180, "texture": "#texture"},
				"down": {"uv": [0, 0, 6, 3], "texture": "#texture"}
			}
		},
		{
			"from": [5, 12, 13],
			"to": [5, 13, 16],
			"rotation": {"angle": 0, "axis": "x", "origin": [8, 1, 8]},
			"faces": {
				"north": {"uv": [0, 0, 0, 1], "rotation": 180, "texture": "#texture"},
				"east": {"uv": [0, 0, 1, 3], "rotation": 270, "texture": "#texture"},
				"south": {"uv": [0, 0, 0, 1], "texture": "#texture"},
				"west": {"uv": [0, 0, 1, 3], "rotation": 90, "texture": "#texture"},
				"up": {"uv": [0, 0, 0, 3], "rotation": 180, "texture": "#texture"},
				"down": {"uv": [0, 0, 0, 3], "texture": "#texture"}
			}
		},
		{
			"from": [5, 12, 13],
			"to": [6, 12, 16],
			"rotation": {"angle": 0, "axis": "x", "origin": [8, 1, 8]},
			"faces": {
				"north": {"uv": [0, 0, 1, 0], "rotation": 180, "texture": "#texture"},
				"east": {"uv": [0, 0, 0, 3], "rotation": 270, "texture": "#texture"},
				"south": {"uv": [0, 0, 1, 0], "texture": "#texture"},
				"west": {"uv": [0, 0, 0, 3], "rotation": 90, "texture": "#texture"},
				"up": {"uv": [0, 0, 1, 3], "rotation": 180, "texture": "#texture"},
				"down": {"uv": [0, 0, 1, 3], "texture": "#texture"}
			}
		},
		{
			"from": [6, 11, 13],
			"to": [6, 12, 16],
			"rotation": {"angle": 0, "axis": "x", "origin": [8, 1, 8]},
			"faces": {
				"north": {"uv": [0, 0, 0, 1], "rotation": 180, "texture": "#texture"},
				"east": {"uv": [0, 0, 1, 3], "rotation": 270, "texture": "#texture"},
				"south": {"uv": [0, 0, 0, 1], "texture": "#texture"},
				"west": {"uv": [0, 0, 1, 3], "rotation": 90, "texture": "#texture"},
				"up": {"uv": [0, 0, 0, 3], "rotation": 180, "texture": "#texture"},
				"down": {"uv": [0, 0, 0, 3], "texture": "#texture"}
			}
		},
		{
			"from": [6, 11, 13],
			"to": [7, 11, 16],
			"rotation": {"angle": 0, "axis": "x", "origin": [8, 1, 8]},
			"faces": {
				"north": {"uv": [0, 0, 1, 0], "rotation": 180, "texture": "#texture"},
				"east": {"uv": [0, 0, 0, 3], "rotation": 270, "texture": "#texture"},
				"south": {"uv": [0, 0, 1, 0], "texture": "#texture"},
				"west": {"uv": [0, 0, 0, 3], "rotation": 90, "texture": "#texture"},
				"up": {"uv": [0, 0, 1, 3], "rotation": 180, "texture": "#texture"},
				"down": {"uv": [0, 0, 1, 3], "texture": "#texture"}
			}
		},
		{
			"from": [7, 10, 13],
			"to": [7, 11, 16],
			"rotation": {"angle": 0, "axis": "x", "origin": [8, 1, 8]},
			"faces": {
				"north": {"uv": [0, 0, 0, 1], "rotation": 180, "texture": "#texture"},
				"east": {"uv": [0, 0, 1, 3], "rotation": 270, "texture": "#texture"},
				"south": {"uv": [0, 0, 0, 1], "texture": "#texture"},
				"west": {"uv": [0, 0, 1, 3], "rotation": 90, "texture": "#texture"},
				"up": {"uv": [0, 0, 0, 3], "rotation": 180, "texture": "#texture"},
				"down": {"uv": [0, 0, 0, 3], "texture": "#texture"}
			}
		},
		{
			"from": [7, 10, 13],
			"to": [9, 10, 16],
			"rotation": {"angle": 0, "axis": "x", "origin": [8, 1, 8]},
			"faces": {
				"north": {"uv": [0, 0, 2, 0], "rotation": 180, "texture": "#texture"},
				"east": {"uv": [0, 0, 0, 3], "rotation": 270, "texture": "#texture"},
				"south": {"uv": [0, 0, 2, 0], "texture": "#texture"},
				"west": {"uv": [0, 0, 0, 3], "rotation": 90, "texture": "#texture"},
				"up": {"uv": [0, 0, 2, 3], "rotation": 180, "texture": "#texture"},
				"down": {"uv": [0, 0, 2, 3], "texture": "#texture"}
			}
		},
		{
			"from": [9, 10, 13],
			"to": [9, 11, 16],
			"rotation": {"angle": 0, "axis": "x", "origin": [8, 1, 8]},
			"faces": {
				"north": {"uv": [0, 0, 0, 1], "rotation": 180, "texture": "#texture"},
				"east": {"uv": [0, 0, 1, 3], "rotation": 270, "texture": "#texture"},
				"south": {"uv": [0, 0, 0, 1], "texture": "#texture"},
				"west": {"uv": [0, 0, 1, 3], "rotation": 90, "texture": "#texture"},
				"up": {"uv": [0, 0, 0, 3], "rotation": 180, "texture": "#texture"},
				"down": {"uv": [0, 0, 0, 3], "texture": "#texture"}
			}
		},
		{
			"from": [9, 11, 13],
			"to": [10, 11, 16],
			"rotation": {"angle": 0, "axis": "x", "origin": [8, 1, 8]},
			"faces": {
				"north": {"uv": [0, 0, 1, 0], "rotation": 180, "texture": "#texture"},
				"east": {"uv": [0, 0, 0, 3], "rotation": 270, "texture": "#texture"},
				"south": {"uv": [0, 0, 1, 0], "texture": "#texture"},
				"west": {"uv": [0, 0, 0, 3], "rotation": 90, "texture": "#texture"},
				"up": {"uv": [0, 0, 1, 3], "rotation": 180, "texture": "#texture"},
				"down": {"uv": [0, 0, 1, 3], "texture": "#texture"}
			}
		},
		{
			"from": [10, 11, 13],
			"to": [10, 12, 16],
			"rotation": {"angle": 0, "axis": "x", "origin": [8, 1, 8]},
			"faces": {
				"north": {"uv": [0, 0, 0, 1], "rotation": 180, "texture": "#texture"},
				"east": {"uv": [0, 0, 1, 3], "rotation": 270, "texture": "#texture"},
				"south": {"uv": [0, 0, 0, 1], "texture": "#texture"},
				"west": {"uv": [0, 0, 1, 3], "rotation": 90, "texture": "#texture"},
				"up": {"uv": [0, 0, 0, 3], "rotation": 180, "texture": "#texture"},
				"down": {"uv": [0, 0, 0, 3], "texture": "#texture"}
			}
		},
		{
			"from": [10, 12, 13],
			"to": [11, 12, 16],
			"rotation": {"angle": 0, "axis": "x", "origin": [8, 1, 8]},
			"faces": {
				"north": {"uv": [0, 0, 1, 0], "rotation": 180, "texture": "#texture"},
				"east": {"uv": [0, 0, 0, 3], "rotation": 270, "texture": "#texture"},
				"south": {"uv": [0, 0, 1, 0], "texture": "#texture"},
				"west": {"uv": [0, 0, 0, 3], "rotation": 90, "texture": "#texture"},
				"up": {"uv": [0, 0, 1, 3], "rotation": 180, "texture": "#texture"},
				"down": {"uv": [0, 0, 1, 3], "texture": "#texture"}
			}
		},
		{
			"from": [11, 12, 13],
			"to": [11, 13, 16],
			"rotation": {"angle": 0, "axis": "x", "origin": [8, 1, 8]},
			"faces": {
				"north": {"uv": [0, 0, 0, 1], "rotation": 180, "texture": "#texture"},
				"east": {"uv": [0, 0, 1, 3], "rotation": 270, "texture": "#texture"},
				"south": {"uv": [0, 0, 0, 1], "texture": "#texture"},
				"west": {"uv": [0, 0, 1, 3], "rotation": 90, "texture": "#texture"},
				"up": {"uv": [0, 0, 0, 3], "rotation": 180, "texture": "#texture"},
				"down": {"uv": [0, 0, 0, 3], "texture": "#texture"}
			}
		},
		{
			"from": [3, 5, 13],
			"to": [3, 11, 16],
			"rotation": {"angle": 0, "axis": "x", "origin": [8, 1, 8]},
			"faces": {
				"north": {"uv": [0, 0, 0, 6], "rotation": 180, "texture": "#texture"},
				"east": {"uv": [0, 0, 6, 3], "rotation": 270, "texture": "#texture"},
				"south": {"uv": [0, 0, 0, 6], "texture": "#texture"},
				"west": {"uv": [0, 0, 6, 3], "rotation": 90, "texture": "#texture"},
				"up": {"uv": [0, 0, 0, 3], "rotation": 180, "texture": "#texture"},
				"down": {"uv": [0, 0, 0, 3], "texture": "#texture"}
			}
		},
		{
			"from": [3, 11, 13],
			"to": [4, 11, 16],
			"rotation": {"angle": 0, "axis": "x", "origin": [8, 1, 8]},
			"faces": {
				"north": {"uv": [0, 0, 1, 0], "rotation": 180, "texture": "#texture"},
				"east": {"uv": [0, 0, 0, 3], "rotation": 270, "texture": "#texture"},
				"south": {"uv": [0, 0, 1, 0], "texture": "#texture"},
				"west": {"uv": [0, 0, 0, 3], "rotation": 90, "texture": "#texture"},
				"up": {"uv": [0, 0, 1, 3], "rotation": 180, "texture": "#texture"},
				"down": {"uv": [0, 0, 1, 3], "texture": "#texture"}
			}
		},
		{
			"from": [4, 10, 13],
			"to": [4, 11, 16],
			"rotation": {"angle": 0, "axis": "x", "origin": [8, 1, 8]},
			"faces": {
				"north": {"uv": [0, 0, 0, 1], "rotation": 180, "texture": "#texture"},
				"east": {"uv": [0, 0, 1, 3], "rotation": 270, "texture": "#texture"},
				"south": {"uv": [0, 0, 0, 1], "texture": "#texture"},
				"west": {"uv": [0, 0, 1, 3], "rotation": 90, "texture": "#texture"},
				"up": {"uv": [0, 0, 0, 3], "rotation": 180, "texture": "#texture"},
				"down": {"uv": [0, 0, 0, 3], "texture": "#texture"}
			}
		},
		{
			"from": [4, 10, 13],
			"to": [5, 10, 16],
			"rotation": {"angle": 0, "axis": "x", "origin": [8, 1, 8]},
			"faces": {
				"north": {"uv": [0, 0, 1, 0], "rotation": 180, "texture": "#texture"},
				"east": {"uv": [0, 0, 0, 3], "rotation": 270, "texture": "#texture"},
				"south": {"uv": [0, 0, 1, 0], "texture": "#texture"},
				"west": {"uv": [0, 0, 0, 3], "rotation": 90, "texture": "#texture"},
				"up": {"uv": [0, 0, 1, 3], "rotation": 180, "texture": "#texture"},
				"down": {"uv": [0, 0, 1, 3], "texture": "#texture"}
			}
		},
		{
			"from": [5, 9, 13],
			"to": [5, 10, 16],
			"rotation": {"angle": 0, "axis": "x", "origin": [8, 1, 8]},
			"faces": {
				"north": {"uv": [0, 0, 0, 1], "rotation": 180, "texture": "#texture"},
				"east": {"uv": [0, 0, 1, 3], "rotation": 270, "texture": "#texture"},
				"south": {"uv": [0, 0, 0, 1], "texture": "#texture"},
				"west": {"uv": [0, 0, 1, 3], "rotation": 90, "texture": "#texture"},
				"up": {"uv": [0, 0, 0, 3], "rotation": 180, "texture": "#texture"},
				"down": {"uv": [0, 0, 0, 3], "texture": "#texture"}
			}
		},
		{
			"from": [5, 9, 13],
			"to": [6, 9, 16],
			"rotation": {"angle": 0, "axis": "x", "origin": [8, 1, 8]},
			"faces": {
				"north": {"uv": [0, 0, 1, 0], "rotation": 180, "texture": "#texture"},
				"east": {"uv": [0, 0, 0, 3], "rotation": 270, "texture": "#texture"},
				"south": {"uv": [0, 0, 1, 0], "texture": "#texture"},
				"west": {"uv": [0, 0, 0, 3], "rotation": 90, "texture": "#texture"},
				"up": {"uv": [0, 0, 1, 3], "rotation": 180, "texture": "#texture"},
				"down": {"uv": [0, 0, 1, 3], "texture": "#texture"}
			}
		},
		{
			"from": [6, 7, 13],
			"to": [6, 9, 16],
			"rotation": {"angle": 0, "axis": "x", "origin": [8, 1, 8]},
			"faces": {
				"north": {"uv": [0, 0, 0, 2], "rotation": 180, "texture": "#texture"},
				"east": {"uv": [0, 0, 2, 3], "rotation": 270, "texture": "#texture"},
				"south": {"uv": [0, 0, 0, 2], "texture": "#texture"},
				"west": {"uv": [0, 0, 2, 3], "rotation": 90, "texture": "#texture"},
				"up": {"uv": [0, 0, 0, 3], "rotation": 180, "texture": "#texture"},
				"down": {"uv": [0, 0, 0, 3], "texture": "#texture"}
			}
		},
		{
			"from": [5, 7, 13],
			"to": [6, 7, 16],
			"rotation": {"angle": 0, "axis": "x", "origin": [8, 1, 8]},
			"faces": {
				"north": {"uv": [0, 0, 1, 0], "rotation": 180, "texture": "#texture"},
				"east": {"uv": [0, 0, 0, 3], "rotation": 270, "texture": "#texture"},
				"south": {"uv": [0, 0, 1, 0], "texture": "#texture"},
				"west": {"uv": [0, 0, 0, 3], "rotation": 90, "texture": "#texture"},
				"up": {"uv": [0, 0, 1, 3], "rotation": 180, "texture": "#texture"},
				"down": {"uv": [0, 0, 1, 3], "texture": "#texture"}
			}
		},
		{
			"from": [5, 6, 13],
			"to": [5, 7, 16],
			"rotation": {"angle": 0, "axis": "x", "origin": [8, 1, 8]},
			"faces": {
				"north": {"uv": [0, 0, 0, 1], "rotation": 180, "texture": "#texture"},
				"east": {"uv": [0, 0, 1, 3], "rotation": 270, "texture": "#texture"},
				"south": {"uv": [0, 0, 0, 1], "texture": "#texture"},
				"west": {"uv": [0, 0, 1, 3], "rotation": 90, "texture": "#texture"},
				"up": {"uv": [0, 0, 0, 3], "rotation": 180, "texture": "#texture"},
				"down": {"uv": [0, 0, 0, 3], "texture": "#texture"}
			}
		},
		{
			"from": [4, 6, 13],
			"to": [5, 6, 16],
			"rotation": {"angle": 0, "axis": "x", "origin": [8, 1, 8]},
			"faces": {
				"north": {"uv": [0, 0, 1, 0], "rotation": 180, "texture": "#texture"},
				"east": {"uv": [0, 0, 0, 3], "rotation": 270, "texture": "#texture"},
				"south": {"uv": [0, 0, 1, 0], "texture": "#texture"},
				"west": {"uv": [0, 0, 0, 3], "rotation": 90, "texture": "#texture"},
				"up": {"uv": [0, 0, 1, 3], "rotation": 180, "texture": "#texture"},
				"down": {"uv": [0, 0, 1, 3], "texture": "#texture"}
			}
		},
		{
			"from": [4, 5, 13],
			"to": [4, 6, 16],
			"rotation": {"angle": 0, "axis": "x", "origin": [8, 1, 8]},
			"faces": {
				"north": {"uv": [0, 0, 0, 1], "rotation": 180, "texture": "#texture"},
				"east": {"uv": [0, 0, 1, 3], "rotation": 270, "texture": "#texture"},
				"south": {"uv": [0, 0, 0, 1], "texture": "#texture"},
				"west": {"uv": [0, 0, 1, 3], "rotation": 90, "texture": "#texture"},
				"up": {"uv": [0, 0, 0, 3], "rotation": 180, "texture": "#texture"},
				"down": {"uv": [0, 0, 0, 3], "texture": "#texture"}
			}
		},
		{
			"from": [3, 5, 13],
			"to": [4, 5, 16],
			"rotation": {"angle": 0, "axis": "x", "origin": [8, 1, 8]},
			"faces": {
				"north": {"uv": [0, 0, 1, 0], "rotation": 180, "texture": "#texture"},
				"east": {"uv": [0, 0, 0, 3], "rotation": 270, "texture": "#texture"},
				"south": {"uv": [0, 0, 1, 0], "texture": "#texture"},
				"west": {"uv": [0, 0, 0, 3], "rotation": 90, "texture": "#texture"},
				"up": {"uv": [0, 0, 1, 3], "rotation": 180, "texture": "#texture"},
				"down": {"uv": [0, 0, 1, 3], "texture": "#texture"}
			}
		},
		{
			"from": [13, 5, 13],
			"to": [13, 11, 16],
			"rotation": {"angle": 0, "axis": "x", "origin": [8, 1, 8]},
			"faces": {
				"north": {"uv": [0, 0, 0, 6], "rotation": 180, "texture": "#texture"},
				"east": {"uv": [0, 0, 6, 3], "rotation": 270, "texture": "#texture"},
				"south": {"uv": [0, 0, 0, 6], "texture": "#texture"},
				"west": {"uv": [0, 0, 6, 3], "rotation": 90, "texture": "#texture"},
				"up": {"uv": [0, 0, 0, 3], "rotation": 180, "texture": "#texture"},
				"down": {"uv": [0, 0, 0, 3], "texture": "#texture"}
			}
		},
		{
			"from": [12, 11, 13],
			"to": [13, 11, 16],
			"rotation": {"angle": 0, "axis": "x", "origin": [8, 1, 8]},
			"faces": {
				"north": {"uv": [0, 0, 1, 0], "rotation": 180, "texture": "#texture"},
				"east": {"uv": [0, 0, 0, 3], "rotation": 270, "texture": "#texture"},
				"south": {"uv": [0, 0, 1, 0], "texture": "#texture"},
				"west": {"uv": [0, 0, 0, 3], "rotation": 90, "texture": "#texture"},
				"up": {"uv": [0, 0, 1, 3], "rotation": 180, "texture": "#texture"},
				"down": {"uv": [0, 0, 1, 3], "texture": "#texture"}
			}
		},
		{
			"from": [12, 10, 13],
			"to": [12, 11, 16],
			"rotation": {"angle": 0, "axis": "x", "origin": [8, 1, 8]},
			"faces": {
				"north": {"uv": [0, 0, 0, 1], "rotation": 180, "texture": "#texture"},
				"east": {"uv": [0, 0, 1, 3], "rotation": 270, "texture": "#texture"},
				"south": {"uv": [0, 0, 0, 1], "texture": "#texture"},
				"west": {"uv": [0, 0, 1, 3], "rotation": 90, "texture": "#texture"},
				"up": {"uv": [0, 0, 0, 3], "rotation": 180, "texture": "#texture"},
				"down": {"uv": [0, 0, 0, 3], "texture": "#texture"}
			}
		},
		{
			"from": [11, 10, 13],
			"to": [12, 10, 16],
			"rotation": {"angle": 0, "axis": "x", "origin": [8, 1, 8]},
			"faces": {
				"north": {"uv": [0, 0, 1, 0], "rotation": 180, "texture": "#texture"},
				"east": {"uv": [0, 0, 0, 3], "rotation": 270, "texture": "#texture"},
				"south": {"uv": [0, 0, 1, 0], "texture": "#texture"},
				"west": {"uv": [0, 0, 0, 3], "rotation": 90, "texture": "#texture"},
				"up": {"uv": [0, 0, 1, 3], "rotation": 180, "texture": "#texture"},
				"down": {"uv": [0, 0, 1, 3], "texture": "#texture"}
			}
		},
		{
			"from": [11, 9, 13],
			"to": [11, 10, 16],
			"rotation": {"angle": 0, "axis": "x", "origin": [8, 1, 8]},
			"faces": {
				"north": {"uv": [0, 0, 0, 1], "rotation": 180, "texture": "#texture"},
				"east": {"uv": [0, 0, 1, 3], "rotation": 270, "texture": "#texture"},
				"south": {"uv": [0, 0, 0, 1], "texture": "#texture"},
				"west": {"uv": [0, 0, 1, 3], "rotation": 90, "texture": "#texture"},
				"up": {"uv": [0, 0, 0, 3], "rotation": 180, "texture": "#texture"},
				"down": {"uv": [0, 0, 0, 3], "texture": "#texture"}
			}
		},
		{
			"from": [10, 9, 13],
			"to": [11, 9, 16],
			"rotation": {"angle": 0, "axis": "x", "origin": [8, 1, 8]},
			"faces": {
				"north": {"uv": [0, 0, 1, 0], "rotation": 180, "texture": "#texture"},
				"east": {"uv": [0, 0, 0, 3], "rotation": 270, "texture": "#texture"},
				"south": {"uv": [0, 0, 1, 0], "texture": "#texture"},
				"west": {"uv": [0, 0, 0, 3], "rotation": 90, "texture": "#texture"},
				"up": {"uv": [0, 0, 1, 3], "rotation": 180, "texture": "#texture"},
				"down": {"uv": [0, 0, 1, 3], "texture": "#texture"}
			}
		},
		{
			"from": [10, 7, 13],
			"to": [10, 9, 16],
			"rotation": {"angle": 0, "axis": "x", "origin": [8, 1, 8]},
			"faces": {
				"north": {"uv": [0, 0, 0, 2], "rotation": 180, "texture": "#texture"},
				"east": {"uv": [0, 0, 2, 3], "rotation": 270, "texture": "#texture"},
				"south": {"uv": [0, 0, 0, 2], "texture": "#texture"},
				"west": {"uv": [0, 0, 2, 3], "rotation": 90, "texture": "#texture"},
				"up": {"uv": [0, 0, 0, 3], "rotation": 180, "texture": "#texture"},
				"down": {"uv": [0, 0, 0, 3], "texture": "#texture"}
			}
		},
		{
			"from": [10, 7, 13],
			"to": [11, 7, 16],
			"rotation": {"angle": 0, "axis": "x", "origin": [8, 1, 8]},
			"faces": {
				"north": {"uv": [0, 0, 1, 0], "rotation": 180, "texture": "#texture"},
				"east": {"uv": [0, 0, 0, 3], "rotation": 270, "texture": "#texture"},
				"south": {"uv": [0, 0, 1, 0], "texture": "#texture"},
				"west": {"uv": [0, 0, 0, 3], "rotation": 90, "texture": "#texture"},
				"up": {"uv": [0, 0, 1, 3], "rotation": 180, "texture": "#texture"},
				"down": {"uv": [0, 0, 1, 3], "texture": "#texture"}
			}
		},
		{
			"from": [11, 6, 13],
			"to": [11, 7, 16],
			"rotation": {"angle": 0, "axis": "x", "origin": [8, 1, 8]},
			"faces": {
				"north": {"uv": [0, 0, 0, 1], "rotation": 180, "texture": "#texture"},
				"east": {"uv": [0, 0, 1, 3], "rotation": 270, "texture": "#texture"},
				"south": {"uv": [0, 0, 0, 1], "texture": "#texture"},
				"west": {"uv": [0, 0, 1, 3], "rotation": 90, "texture": "#texture"},
				"up": {"uv": [0, 0, 0, 3], "rotation": 180, "texture": "#texture"},
				"down": {"uv": [0, 0, 0, 3], "texture": "#texture"}
			}
		},
		{
			"from": [11, 6, 13],
			"to": [12, 6, 16],
			"rotation": {"angle": 0, "axis": "x", "origin": [8, 1, 8]},
			"faces": {
				"north": {"uv": [0, 0, 1, 0], "rotation": 180, "texture": "#texture"},
				"east": {"uv": [0, 0, 0, 3], "rotation": 270, "texture": "#texture"},
				"south": {"uv": [0, 0, 1, 0], "texture": "#texture"},
				"west": {"uv": [0, 0, 0, 3], "rotation": 90, "texture": "#texture"},
				"up": {"uv": [0, 0, 1, 3], "rotation": 180, "texture": "#texture"},
				"down": {"uv": [0, 0, 1, 3], "texture": "#texture"}
			}
		},
		{
			"from": [12, 5, 13],
			"to": [12, 6, 16],
			"rotation": {"angle": 0, "axis": "x", "origin": [8, 1, 8]},
			"faces": {
				"north": {"uv": [0, 0, 0, 1], "rotation": 180, "texture": "#texture"},
				"east": {"uv": [0, 0, 1, 3], "rotation": 270, "texture": "#texture"},
				"south": {"uv": [0, 0, 0, 1], "texture": "#texture"},
				"west": {"uv": [0, 0, 1, 3], "rotation": 90, "texture": "#texture"},
				"up": {"uv": [0, 0, 0, 3], "rotation": 180, "texture": "#texture"},
				"down": {"uv": [0, 0, 0, 3], "texture": "#texture"}
			}
		},
		{
			"from": [12, 5, 13],
			"to": [13, 5, 16],
			"rotation": {"angle": 0, "axis": "x", "origin": [8, 1, 8]},
			"faces": {
				"north": {"uv": [0, 0, 1, 0], "rotation": 180, "texture": "#texture"},
				"east": {"uv": [0, 0, 0, 3], "rotation": 270, "texture": "#texture"},
				"south": {"uv": [0, 0, 1, 0], "texture": "#texture"},
				"west": {"uv": [0, 0, 0, 3], "rotation": 90, "texture": "#texture"},
				"up": {"uv": [0, 0, 1, 3], "rotation": 180, "texture": "#texture"},
				"down": {"uv": [0, 0, 1, 3], "texture": "#texture"}
			}
		},
		{
			"from": [7, 7, 13],
			"to": [9, 7, 16],
			"rotation": {"angle": 0, "axis": "x", "origin": [8, 1, 8]},
			"faces": {
				"north": {"uv": [0, 0, 2, 0], "rotation": 180, "texture": "#texture"},
				"east": {"uv": [0, 0, 0, 3], "rotation": 270, "texture": "#texture"},
				"south": {"uv": [0, 0, 2, 0], "texture": "#texture"},
				"west": {"uv": [0, 0, 0, 3], "rotation": 90, "texture": "#texture"},
				"up": {"uv": [0, 0, 2, 3], "rotation": 180, "texture": "#texture"},
				"down": {"uv": [0, 0, 2, 3], "texture": "#texture"}
			}
		},
		{
			"from": [7, 9, 13],
			"to": [9, 9, 16],
			"rotation": {"angle": 0, "axis": "x", "origin": [8, 1, 8]},
			"faces": {
				"north": {"uv": [0, 0, 2, 0], "rotation": 180, "texture": "#texture"},
				"east": {"uv": [0, 0, 0, 3], "rotation": 270, "texture": "#texture"},
				"south": {"uv": [0, 0, 2, 0], "texture": "#texture"},
				"west": {"uv": [0, 0, 0, 3], "rotation": 90, "texture": "#texture"},
				"up": {"uv": [0, 0, 2, 3], "rotation": 180, "texture": "#texture"},
				"down": {"uv": [0, 0, 2, 3], "texture": "#texture"}
			}
		},
		{
			"from": [7, 7, 13],
			"to": [7, 9, 16],
			"rotation": {"angle": 0, "axis": "x", "origin": [8, 1, 8]},
			"faces": {
				"north": {"uv": [0, 0, 0, 2], "rotation": 180, "texture": "#texture"},
				"east": {"uv": [0, 0, 2, 3], "rotation": 270, "texture": "#texture"},
				"south": {"uv": [0, 0, 0, 2], "texture": "#texture"},
				"west": {"uv": [0, 0, 2, 3], "rotation": 90, "texture": "#texture"},
				"up": {"uv": [0, 0, 0, 3], "rotation": 180, "texture": "#texture"},
				"down": {"uv": [0, 0, 0, 3], "texture": "#texture"}
			}
		},
		{
			"from": [9, 7, 13],
			"to": [9, 9, 16],
			"rotation": {"angle": 0, "axis": "x", "origin": [8, 1, 8]},
			"faces": {
				"north": {"uv": [0, 0, 0, 2], "rotation": 180, "texture": "#texture"},
				"east": {"uv": [0, 0, 2, 3], "rotation": 270, "texture": "#texture"},
				"south": {"uv": [0, 0, 0, 2], "texture": "#texture"},
				"west": {"uv": [0, 0, 2, 3], "rotation": 90, "texture": "#texture"},
				"up": {"uv": [0, 0, 0, 3], "rotation": 180, "texture": "#texture"},
				"down": {"uv": [0, 0, 0, 3], "texture": "#texture"}
			}
		}
	],
	"groups": [
		0,
		{
			"name": "group",
			"origin": [8, 8, 8],
			"color": 0,
			"nbt": "{}",
			"children": [
				{
					"name": "group",
					"origin": [0, 0, 0],
					"color": 0,
					"nbt": "{}",
					"children": [1, 2, 3, 4, 5, 6, 7, 8, 9, 10, 11, 12]
				},
				{
					"name": "group",
					"origin": [0, 0, 0],
					"color": 0,
					"nbt": "{}",
					"children": [13, 14, 15, 16, 17, 18, 19, 20, 21, 22, 23, 24]
				},
				{
					"name": "group",
					"origin": [0, 0, 0],
					"color": 0,
					"nbt": "{}",
					"children": [25, 26, 27, 28, 29, 30, 31, 32, 33, 34, 35, 36]
				},
				{
					"name": "group",
					"origin": [0, 0, 0],
					"color": 0,
					"nbt": "{}",
					"children": [37, 38, 39, 40, 41, 42, 43, 44, 45, 46, 47, 48]
				},
				{
					"name": "group",
					"origin": [0, 0, 0],
					"color": 0,
					"nbt": "{}",
					"children": [49, 50, 51, 52]
				}
			]
		}
	]
}