{
	"credit": "Made by CuDsan",
	"parent": "block/thin_block",
	"textures": {
		"particle": "block/warped_trapdoor",
		"texture": "block/warped_trapdoor"
	},
	"elements": [
		{
			"from": [0, 0, 0],
			"to": [16, 3, 16],
			"faces": {
				"north": {"uv": [0, 0, 16, 3], "texture": "#texture", "cullface": "north"},
				"east": {"uv": [0, 0, 16, 3], "texture": "#texture", "cullface": "east"},
				"south": {"uv": [0, 0, 16, 3], "texture": "#texture", "cullface": "south"},
				"west": {"uv": [0, 0, 16, 3], "texture": "#texture", "cullface": "west"},
				"up": {"uv": [0, 16, 16, 0], "texture": "#texture"},
				"down": {"uv": [0, 0, 16, 16], "texture": "#texture", "cullface": "down"}
			}
		},
		{
			"from": [11, 0, 12],
			"to": [11, 3, 13],
			"faces": {
				"north": {"uv": [1, 0, 1, 3], "texture": "#texture"},
				"east": {"uv": [1, 0, 2, 3], "texture": "#texture"},
				"south": {"uv": [1, 0, 1, 3], "texture": "#texture"},
				"west": {"uv": [1, 0, 2, 3], "texture": "#texture"},
				"up": {"uv": [1, 0, 1, 1], "texture": "#texture"},
				"down": {"uv": [1, 0, 1, 1], "texture": "#texture"}
			}
		},
		{
			"from": [11, 0, 13],
			"to": [13, 3, 13],
			"faces": {
				"north": {"uv": [1, 0, 3, 3], "texture": "#texture"},
				"east": {"uv": [1, 0, 1, 3], "texture": "#texture"},
				"south": {"uv": [1, 0, 3, 3], "texture": "#texture"},
				"west": {"uv": [1, 0, 1, 3], "texture": "#texture"},
				"up": {"uv": [1, 0, 3, 0], "texture": "#texture"},
				"down": {"uv": [1, 0, 3, 0], "texture": "#texture"}
			}
		},
		{
			"from": [13, 0, 11],
			"to": [13, 3, 13],
			"faces": {
				"north": {"uv": [1, 0, 1, 3], "texture": "#texture"},
				"east": {"uv": [1, 0, 3, 3], "texture": "#texture"},
				"south": {"uv": [1, 0, 1, 3], "texture": "#texture"},
				"west": {"uv": [1, 0, 3, 3], "texture": "#texture"},
				"up": {"uv": [1, 0, 1, 2], "texture": "#texture"},
				"down": {"uv": [1, 0, 1, 2], "texture": "#texture"}
			}
		},
		{
			"from": [12, 0, 11],
			"to": [13, 3, 11],
			"faces": {
				"north": {"uv": [1, 0, 2, 3], "texture": "#texture"},
				"east": {"uv": [1, 0, 1, 3], "texture": "#texture"},
				"south": {"uv": [1, 0, 2, 3], "texture": "#texture"},
				"west": {"uv": [1, 0, 1, 3], "texture": "#texture"},
				"up": {"uv": [1, 0, 2, 0], "texture": "#texture"},
				"down": {"uv": [1, 0, 2, 0], "texture": "#texture"}
			}
		},
		{
			"from": [12, 0, 6],
			"to": [12, 3, 11],
			"faces": {
				"north": {"uv": [1, 0, 1, 3], "texture": "#texture"},
				"east": {"uv": [1, 0, 6, 3], "texture": "#texture"},
				"south": {"uv": [1, 0, 1, 3], "texture": "#texture"},
				"west": {"uv": [1, 0, 6, 3], "texture": "#texture"},
				"up": {"uv": [1, 0, 1, 5], "texture": "#texture"},
				"down": {"uv": [1, 0, 1, 5], "texture": "#texture"}
			}
		},
		{
			"from": [12, 0, 6],
			"to": [13, 3, 6],
			"faces": {
				"north": {"uv": [1, 0, 2, 3], "texture": "#texture"},
				"east": {"uv": [1, 0, 1, 3], "texture": "#texture"},
				"south": {"uv": [1, 0, 2, 3], "texture": "#texture"},
				"west": {"uv": [1, 0, 1, 3], "texture": "#texture"},
				"up": {"uv": [1, 0, 2, 0], "texture": "#texture"},
				"down": {"uv": [1, 0, 2, 0], "texture": "#texture"}
			}
		},
		{
			"from": [13, 0, 3],
			"to": [13, 3, 6],
			"faces": {
				"north": {"uv": [1, 0, 1, 3], "texture": "#texture"},
				"east": {"uv": [1, 0, 4, 3], "texture": "#texture"},
				"south": {"uv": [1, 0, 1, 3], "texture": "#texture"},
				"west": {"uv": [1, 0, 4, 3], "texture": "#texture"},
				"up": {"uv": [1, 0, 1, 3], "texture": "#texture"},
				"down": {"uv": [1, 0, 1, 3], "texture": "#texture"}
			}
		},
		{
			"from": [12, 0, 3],
			"to": [13, 3, 3],
			"faces": {
				"north": {"uv": [1, 0, 2, 3], "texture": "#texture"},
				"east": {"uv": [1, 0, 1, 3], "texture": "#texture"},
				"south": {"uv": [1, 0, 2, 3], "texture": "#texture"},
				"west": {"uv": [1, 0, 1, 3], "texture": "#texture"},
				"up": {"uv": [1, 0, 2, 0], "texture": "#texture"},
				"down": {"uv": [1, 0, 2, 0], "texture": "#texture"}
			}
		},
		{
			"from": [12, 0, 3],
			"to": [12, 3, 4],
			"faces": {
				"north": {"uv": [1, 0, 1, 3], "texture": "#texture"},
				"east": {"uv": [1, 0, 2, 3], "texture": "#texture"},
				"south": {"uv": [1, 0, 1, 3], "texture": "#texture"},
				"west": {"uv": [1, 0, 2, 3], "texture": "#texture"},
				"up": {"uv": [1, 0, 1, 1], "texture": "#texture"},
				"down": {"uv": [1, 0, 1, 1], "texture": "#texture"}
			}
		},
		{
			"from": [11, 0, 4],
			"to": [12, 3, 4],
			"faces": {
				"north": {"uv": [1, 0, 2, 3], "texture": "#texture"},
				"east": {"uv": [1, 0, 1, 3], "texture": "#texture"},
				"south": {"uv": [1, 0, 2, 3], "texture": "#texture"},
				"west": {"uv": [1, 0, 1, 3], "texture": "#texture"},
				"up": {"uv": [1, 0, 2, 0], "texture": "#texture"},
				"down": {"uv": [1, 0, 2, 0], "texture": "#texture"}
			}
		},
		{
			"from": [11, 0, 4],
			"to": [11, 3, 11],
			"faces": {
				"north": {"uv": [1, 0, 1, 3], "texture": "#texture"},
				"east": {"uv": [1, 0, 8, 3], "texture": "#texture"},
				"south": {"uv": [1, 0, 1, 3], "texture": "#texture"},
				"west": {"uv": [1, 0, 8, 3], "texture": "#texture"},
				"up": {"uv": [1, 0, 1, 7], "texture": "#texture"},
				"down": {"uv": [1, 0, 1, 7], "texture": "#texture"}
			}
		},
		{
			"from": [10, 0, 11],
			"to": [11, 3, 11],
			"faces": {
				"north": {"uv": [1, 0, 2, 3], "texture": "#texture"},
				"east": {"uv": [1, 0, 1, 3], "texture": "#texture"},
				"south": {"uv": [1, 0, 2, 3], "texture": "#texture"},
				"west": {"uv": [1, 0, 1, 3], "texture": "#texture"},
				"up": {"uv": [1, 0, 2, 0], "texture": "#texture"},
				"down": {"uv": [1, 0, 2, 0], "texture": "#texture"}
			}
		},
		{
			"from": [10, 0, 11],
			"to": [10, 3, 12],
			"faces": {
				"north": {"uv": [1, 0, 1, 3], "texture": "#texture"},
				"east": {"uv": [1, 0, 2, 3], "texture": "#texture"},
				"south": {"uv": [1, 0, 1, 3], "texture": "#texture"},
				"west": {"uv": [1, 0, 2, 3], "texture": "#texture"},
				"up": {"uv": [1, 0, 1, 1], "texture": "#texture"},
				"down": {"uv": [1, 0, 1, 1], "texture": "#texture"}
			}
		},
		{
			"from": [10, 0, 12],
			"to": [11, 3, 12],
			"faces": {
				"north": {"uv": [1, 0, 2, 3], "texture": "#texture"},
				"east": {"uv": [1, 0, 1, 3], "texture": "#texture"},
				"south": {"uv": [1, 0, 2, 3], "texture": "#texture"},
				"west": {"uv": [1, 0, 1, 3], "texture": "#texture"},
				"up": {"uv": [1, 0, 2, 0], "texture": "#texture"},
				"down": {"uv": [1, 0, 2, 0], "texture": "#texture"}
			}
		},
		{
			"from": [6, 0, 12],
			"to": [6, 3, 13],
			"faces": {
				"north": {"uv": [1, 0, 1, 3], "texture": "#texture"},
				"east": {"uv": [1, 0, 2, 3], "texture": "#texture"},
				"south": {"uv": [1, 0, 1, 3], "texture": "#texture"},
				"west": {"uv": [1, 0, 2, 3], "texture": "#texture"},
				"up": {"uv": [1, 0, 1, 1], "texture": "#texture"},
				"down": {"uv": [1, 0, 1, 1], "texture": "#texture"}
			}
		},
		{
			"from": [10, 0, 4],
			"to": [11, 3, 4],
			"faces": {
				"north": {"uv": [1, 0, 2, 3], "texture": "#texture"},
				"east": {"uv": [1, 0, 1, 3], "texture": "#texture"},
				"south": {"uv": [1, 0, 2, 3], "texture": "#texture"},
				"west": {"uv": [1, 0, 1, 3], "texture": "#texture"},
				"up": {"uv": [1, 0, 2, 0], "texture": "#texture"},
				"down": {"uv": [1, 0, 2, 0], "texture": "#texture"}
			}
		},
		{
			"from": [11, 0, 3],
			"to": [11, 3, 4],
			"faces": {
				"north": {"uv": [1, 0, 1, 3], "texture": "#texture"},
				"east": {"uv": [1, 0, 2, 3], "texture": "#texture"},
				"south": {"uv": [1, 0, 1, 3], "texture": "#texture"},
				"west": {"uv": [1, 0, 2, 3], "texture": "#texture"},
				"up": {"uv": [1, 0, 1, 1], "texture": "#texture"},
				"down": {"uv": [1, 0, 1, 1], "texture": "#texture"}
			}
		},
		{
			"from": [10, 0, 3],
			"to": [11, 3, 3],
			"faces": {
				"north": {"uv": [1, 0, 2, 3], "texture": "#texture"},
				"east": {"uv": [1, 0, 1, 3], "texture": "#texture"},
				"south": {"uv": [1, 0, 2, 3], "texture": "#texture"},
				"west": {"uv": [1, 0, 1, 3], "texture": "#texture"},
				"up": {"uv": [1, 0, 2, 0], "texture": "#texture"},
				"down": {"uv": [1, 0, 2, 0], "texture": "#texture"}
			}
		},
		{
			"from": [10, 0, 3],
			"to": [10, 3, 4],
			"faces": {
				"north": {"uv": [1, 0, 1, 3], "texture": "#texture"},
				"east": {"uv": [1, 0, 2, 3], "texture": "#texture"},
				"south": {"uv": [1, 0, 1, 3], "texture": "#texture"},
				"west": {"uv": [1, 0, 2, 3], "texture": "#texture"},
				"up": {"uv": [1, 0, 1, 1], "texture": "#texture"},
				"down": {"uv": [1, 0, 1, 1], "texture": "#texture"}
			}
		},
		{
			"from": [6, 0, 13],
			"to": [8, 3, 13],
			"faces": {
				"north": {"uv": [1, 0, 3, 3], "texture": "#texture"},
				"east": {"uv": [1, 0, 1, 3], "texture": "#texture"},
				"south": {"uv": [1, 0, 3, 3], "texture": "#texture"},
				"west": {"uv": [1, 0, 1, 3], "texture": "#texture"},
				"up": {"uv": [1, 0, 3, 0], "texture": "#texture"},
				"down": {"uv": [1, 0, 3, 0], "texture": "#texture"}
			}
		},
		{
			"from": [8, 0, 12],
			"to": [8, 3, 13],
			"faces": {
				"north": {"uv": [1, 0, 1, 3], "texture": "#texture"},
				"east": {"uv": [1, 0, 2, 3], "texture": "#texture"},
				"south": {"uv": [1, 0, 1, 3], "texture": "#texture"},
				"west": {"uv": [1, 0, 2, 3], "texture": "#texture"},
				"up": {"uv": [1, 0, 1, 1], "texture": "#texture"},
				"down": {"uv": [1, 0, 1, 1], "texture": "#texture"}
			}
		},
		{
			"from": [8, 0, 12],
			"to": [9, 3, 12],
			"faces": {
				"north": {"uv": [1, 0, 2, 3], "texture": "#texture"},
				"east": {"uv": [1, 0, 1, 3], "texture": "#texture"},
				"south": {"uv": [1, 0, 2, 3], "texture": "#texture"},
				"west": {"uv": [1, 0, 1, 3], "texture": "#texture"},
				"up": {"uv": [1, 0, 2, 0], "texture": "#texture"},
				"down": {"uv": [1, 0, 2, 0], "texture": "#texture"}
			}
		},
		{
			"from": [9, 0, 9],
			"to": [9, 3, 12],
			"faces": {
				"north": {"uv": [1, 0, 1, 3], "texture": "#texture"},
				"east": {"uv": [1, 0, 4, 3], "texture": "#texture"},
				"south": {"uv": [1, 0, 1, 3], "texture": "#texture"},
				"west": {"uv": [1, 0, 4, 3], "texture": "#texture"},
				"up": {"uv": [1, 0, 1, 3], "texture": "#texture"},
				"down": {"uv": [1, 0, 1, 3], "texture": "#texture"}
			}
		},
		{
			"from": [9, 0, 9],
			"to": [10, 3, 9],
			"faces": {
				"north": {"uv": [1, 0, 2, 3], "texture": "#texture"},
				"east": {"uv": [1, 0, 1, 3], "texture": "#texture"},
				"south": {"uv": [1, 0, 2, 3], "texture": "#texture"},
				"west": {"uv": [1, 0, 1, 3], "texture": "#texture"},
				"up": {"uv": [1, 0, 2, 0], "texture": "#texture"},
				"down": {"uv": [1, 0, 2, 0], "texture": "#texture"}
			}
		},
		{
			"from": [10, 0, 6],
			"to": [10, 3, 9],
			"faces": {
				"north": {"uv": [1, 0, 1, 3], "texture": "#texture"},
				"east": {"uv": [1, 0, 4, 3], "texture": "#texture"},
				"south": {"uv": [1, 0, 1, 3], "texture": "#texture"},
				"west": {"uv": [1, 0, 4, 3], "texture": "#texture"},
				"up": {"uv": [1, 0, 1, 3], "texture": "#texture"},
				"down": {"uv": [1, 0, 1, 3], "texture": "#texture"}
			}
		},
		{
			"from": [9, 0, 6],
			"to": [10, 3, 6],
			"faces": {
				"north": {"uv": [1, 0, 2, 3], "texture": "#texture"},
				"east": {"uv": [1, 0, 1, 3], "texture": "#texture"},
				"south": {"uv": [1, 0, 2, 3], "texture": "#texture"},
				"west": {"uv": [1, 0, 1, 3], "texture": "#texture"},
				"up": {"uv": [1, 0, 2, 0], "texture": "#texture"},
				"down": {"uv": [1, 0, 2, 0], "texture": "#texture"}
			}
		},
		{
			"from": [9, 0, 3],
			"to": [9, 3, 6],
			"faces": {
				"north": {"uv": [1, 0, 1, 3], "texture": "#texture"},
				"east": {"uv": [1, 0, 4, 3], "texture": "#texture"},
				"south": {"uv": [1, 0, 1, 3], "texture": "#texture"},
				"west": {"uv": [1, 0, 4, 3], "texture": "#texture"},
				"up": {"uv": [1, 0, 1, 3], "texture": "#texture"},
				"down": {"uv": [1, 0, 1, 3], "texture": "#texture"}
			}
		},
		{
			"from": [7, 0, 3],
			"to": [9, 3, 3],
			"faces": {
				"north": {"uv": [1, 0, 3, 3], "texture": "#texture"},
				"east": {"uv": [1, 0, 1, 3], "texture": "#texture"},
				"south": {"uv": [1, 0, 3, 3], "texture": "#texture"},
				"west": {"uv": [1, 0, 1, 3], "texture": "#texture"},
				"up": {"uv": [1, 0, 3, 0], "texture": "#texture"},
				"down": {"uv": [1, 0, 3, 0], "texture": "#texture"}
			}
		},
		{
			"from": [7, 0, 3],
			"to": [7, 3, 4],
			"faces": {
				"north": {"uv": [1, 0, 1, 3], "texture": "#texture"},
				"east": {"uv": [1, 0, 2, 3], "texture": "#texture"},
				"south": {"uv": [1, 0, 1, 3], "texture": "#texture"},
				"west": {"uv": [1, 0, 2, 3], "texture": "#texture"},
				"up": {"uv": [1, 0, 1, 1], "texture": "#texture"},
				"down": {"uv": [1, 0, 1, 1], "texture": "#texture"}
			}
		},
		{
			"from": [6, 0, 4],
			"to": [7, 3, 4],
			"faces": {
				"north": {"uv": [1, 0, 2, 3], "texture": "#texture"},
				"east": {"uv": [1, 0, 1, 3], "texture": "#texture"},
				"south": {"uv": [1, 0, 2, 3], "texture": "#texture"},
				"west": {"uv": [1, 0, 1, 3], "texture": "#texture"},
				"up": {"uv": [1, 0, 2, 0], "texture": "#texture"},
				"down": {"uv": [1, 0, 2, 0], "texture": "#texture"}
			}
		},
		{
			"from": [6, 0, 4],
			"to": [6, 3, 6],
			"faces": {
				"north": {"uv": [1, 0, 1, 3], "texture": "#texture"},
				"east": {"uv": [1, 0, 3, 3], "texture": "#texture"},
				"south": {"uv": [1, 0, 1, 3], "texture": "#texture"},
				"west": {"uv": [1, 0, 3, 3], "texture": "#texture"},
				"up": {"uv": [1, 0, 1, 2], "texture": "#texture"},
				"down": {"uv": [1, 0, 1, 2], "texture": "#texture"}
			}
		},
		{
			"from": [6, 0, 6],
			"to": [7, 3, 6],
			"faces": {
				"north": {"uv": [1, 0, 2, 3], "texture": "#texture"},
				"east": {"uv": [1, 0, 1, 3], "texture": "#texture"},
				"south": {"uv": [1, 0, 2, 3], "texture": "#texture"},
				"west": {"uv": [1, 0, 1, 3], "texture": "#texture"},
				"up": {"uv": [1, 0, 2, 0], "texture": "#texture"},
				"down": {"uv": [1, 0, 2, 0], "texture": "#texture"}
			}
		},
		{
			"from": [7, 0, 6],
			"to": [7, 3, 12],
			"faces": {
				"north": {"uv": [1, 0, 1, 3], "texture": "#texture"},
				"east": {"uv": [1, 0, 7, 3], "texture": "#texture"},
				"south": {"uv": [1, 0, 1, 3], "texture": "#texture"},
				"west": {"uv": [1, 0, 7, 3], "texture": "#texture"},
				"up": {"uv": [1, 0, 1, 6], "texture": "#texture"},
				"down": {"uv": [1, 0, 1, 6], "texture": "#texture"}
			}
		},
		{
			"from": [6, 0, 12],
			"to": [7, 3, 12],
			"faces": {
				"north": {"uv": [1, 0, 2, 3], "texture": "#texture"},
				"east": {"uv": [1, 0, 1, 3], "texture": "#texture"},
				"south": {"uv": [1, 0, 2, 3], "texture": "#texture"},
				"west": {"uv": [1, 0, 1, 3], "texture": "#texture"},
				"up": {"uv": [1, 0, 2, 0], "texture": "#texture"},
				"down": {"uv": [1, 0, 2, 0], "texture": "#texture"}
			}
		},
		{
			"from": [3, 0, 10],
			"to": [3, 3, 13],
			"faces": {
				"north": {"uv": [1, 0, 1, 3], "texture": "#texture"},
				"east": {"uv": [2, 0, 4, 3], "texture": "#texture"},
				"south": {"uv": [1, 0, 1, 3], "texture": "#texture"},
				"west": {"uv": [2, 0, 4, 3], "texture": "#texture"},
				"up": {"uv": [1, 0, 1, 3], "texture": "#texture"},
				"down": {"uv": [1, 0, 1, 3], "texture": "#texture"}
			}
		},
		{
			"from": [3, 0, 13],
			"to": [4, 3, 13],
			"faces": {
				"north": {"uv": [1, 0, 2, 3], "texture": "#texture"},
				"east": {"uv": [2, 0, 1, 3], "texture": "#texture"},
				"south": {"uv": [1, 0, 2, 3], "texture": "#texture"},
				"west": {"uv": [2, 0, 1, 3], "texture": "#texture"},
				"up": {"uv": [1, 0, 2, 0], "texture": "#texture"},
				"down": {"uv": [1, 0, 2, 0], "texture": "#texture"}
			}
		},
		{
			"from": [4, 0, 11],
			"to": [4, 3, 13],
			"faces": {
				"north": {"uv": [1, 0, 1, 3], "texture": "#texture"},
				"east": {"uv": [2, 0, 3, 3], "texture": "#texture"},
				"south": {"uv": [1, 0, 1, 3], "texture": "#texture"},
				"west": {"uv": [2, 0, 3, 3], "texture": "#texture"},
				"up": {"uv": [1, 0, 1, 2], "texture": "#texture"},
				"down": {"uv": [1, 0, 1, 2], "texture": "#texture"}
			}
		},
		{
			"from": [4, 0, 11],
			"to": [5, 3, 11],
			"faces": {
				"north": {"uv": [1, 0, 2, 3], "texture": "#texture"},
				"east": {"uv": [2, 0, 1, 3], "texture": "#texture"},
				"south": {"uv": [1, 0, 2, 3], "texture": "#texture"},
				"west": {"uv": [2, 0, 1, 3], "texture": "#texture"},
				"up": {"uv": [1, 0, 2, 0], "texture": "#texture"},
				"down": {"uv": [1, 0, 2, 0], "texture": "#texture"}
			}
		},
		{
			"from": [5, 0, 10],
			"to": [5, 3, 11],
			"faces": {
				"north": {"uv": [1, 0, 1, 3], "texture": "#texture"},
				"east": {"uv": [2, 0, 2, 3], "texture": "#texture"},
				"south": {"uv": [1, 0, 1, 3], "texture": "#texture"},
				"west": {"uv": [2, 0, 2, 3], "texture": "#texture"},
				"up": {"uv": [1, 0, 1, 1], "texture": "#texture"},
				"down": {"uv": [1, 0, 1, 1], "texture": "#texture"}
			}
		},
		{
			"from": [5, 0, 10],
			"to": [6, 3, 10],
			"faces": {
				"north": {"uv": [1, 0, 2, 3], "texture": "#texture"},
				"east": {"uv": [2, 0, 1, 3], "texture": "#texture"},
				"south": {"uv": [1, 0, 2, 3], "texture": "#texture"},
				"west": {"uv": [2, 0, 1, 3], "texture": "#texture"},
				"up": {"uv": [1, 0, 2, 0], "texture": "#texture"},
				"down": {"uv": [1, 0, 2, 0], "texture": "#texture"}
			}
		},
		{
			"from": [6, 0, 8],
			"to": [6, 3, 10],
			"faces": {
				"north": {"uv": [1, 0, 1, 3], "texture": "#texture"},
				"east": {"uv": [2, 0, 3, 3], "texture": "#texture"},
				"south": {"uv": [1, 0, 1, 3], "texture": "#texture"},
				"west": {"uv": [2, 0, 3, 3], "texture": "#texture"},
				"up": {"uv": [1, 0, 1, 2], "texture": "#texture"},
				"down": {"uv": [1, 0, 1, 2], "texture": "#texture"}
			}
		},
		{
			"from": [5, 0, 8],
			"to": [6, 3, 8],
			"faces": {
				"north": {"uv": [1, 0, 2, 3], "texture": "#texture"},
				"east": {"uv": [2, 0, 1, 3], "texture": "#texture"},
				"south": {"uv": [1, 0, 2, 3], "texture": "#texture"},
				"west": {"uv": [2, 0, 1, 3], "texture": "#texture"},
				"up": {"uv": [1, 0, 2, 0], "texture": "#texture"},
				"down": {"uv": [1, 0, 2, 0], "texture": "#texture"}
			}
		},
		{
			"from": [5, 0, 7],
			"to": [5, 3, 8],
			"faces": {
				"north": {"uv": [1, 0, 1, 3], "texture": "#texture"},
				"east": {"uv": [2, 0, 2, 3], "texture": "#texture"},
				"south": {"uv": [1, 0, 1, 3], "texture": "#texture"},
				"west": {"uv": [2, 0, 2, 3], "texture": "#texture"},
				"up": {"uv": [1, 0, 1, 1], "texture": "#texture"},
				"down": {"uv": [1, 0, 1, 1], "texture": "#texture"}
			}
		},
		{
			"from": [4, 0, 7],
			"to": [5, 3, 7],
			"faces": {
				"north": {"uv": [1, 0, 2, 3], "texture": "#texture"},
				"east": {"uv": [2, 0, 1, 3], "texture": "#texture"},
				"south": {"uv": [1, 0, 2, 3], "texture": "#texture"},
				"west": {"uv": [2, 0, 1, 3], "texture": "#texture"},
				"up": {"uv": [1, 0, 2, 0], "texture": "#texture"},
				"down": {"uv": [1, 0, 2, 0], "texture": "#texture"}
			}
		},
		{
			"from": [4, 0, 3],
			"to": [4, 3, 7],
			"faces": {
				"north": {"uv": [1, 0, 1, 3], "texture": "#texture"},
				"east": {"uv": [2, 0, 5, 3], "texture": "#texture"},
				"south": {"uv": [1, 0, 1, 3], "texture": "#texture"},
				"west": {"uv": [2, 0, 5, 3], "texture": "#texture"},
				"up": {"uv": [1, 0, 1, 4], "texture": "#texture"},
				"down": {"uv": [1, 0, 1, 4], "texture": "#texture"}
			}
		},
		{
			"from": [3, 0, 3],
			"to": [4, 3, 3],
			"faces": {
				"north": {"uv": [1, 0, 2, 3], "texture": "#texture"},
				"east": {"uv": [2, 0, 1, 3], "texture": "#texture"},
				"south": {"uv": [1, 0, 2, 3], "texture": "#texture"},
				"west": {"uv": [2, 0, 1, 3], "texture": "#texture"},
				"up": {"uv": [1, 0, 2, 0], "texture": "#texture"},
				"down": {"uv": [1, 0, 2, 0], "texture": "#texture"}
			}
		},
		{
			"from": [3, 0, 3],
			"to": [3, 3, 8],
			"faces": {
				"north": {"uv": [1, 0, 1, 3], "texture": "#texture"},
				"east": {"uv": [2, 0, 6, 3], "texture": "#texture"},
				"south": {"uv": [1, 0, 1, 3], "texture": "#texture"},
				"west": {"uv": [2, 0, 6, 3], "texture": "#texture"},
				"up": {"uv": [1, 0, 1, 5], "texture": "#texture"},
				"down": {"uv": [1, 0, 1, 5], "texture": "#texture"}
			}
		},
		{
			"from": [3, 0, 8],
			"to": [4, 3, 8],
			"faces": {
				"north": {"uv": [1, 0, 2, 3], "texture": "#texture"},
				"east": {"uv": [2, 0, 1, 3], "texture": "#texture"},
				"south": {"uv": [1, 0, 2, 3], "texture": "#texture"},
				"west": {"uv": [2, 0, 1, 3], "texture": "#texture"},
				"up": {"uv": [1, 0, 2, 0], "texture": "#texture"},
				"down": {"uv": [1, 0, 2, 0], "texture": "#texture"}
			}
		},
		{
			"from": [4, 0, 8],
			"to": [4, 3, 10],
			"faces": {
				"north": {"uv": [1, 0, 1, 3], "texture": "#texture"},
				"east": {"uv": [2, 0, 3, 3], "texture": "#texture"},
				"south": {"uv": [1, 0, 1, 3], "texture": "#texture"},
				"west": {"uv": [2, 0, 3, 3], "texture": "#texture"},
				"up": {"uv": [1, 0, 1, 2], "texture": "#texture"},
				"down": {"uv": [1, 0, 1, 2], "texture": "#texture"}
			}
		},
		{
			"from": [3, 0, 10],
			"to": [4, 3, 10],
			"faces": {
				"north": {"uv": [1, 0, 2, 3], "texture": "#texture"},
				"east": {"uv": [2, 0, 1, 3], "texture": "#texture"},
				"south": {"uv": [1, 0, 2, 3], "texture": "#texture"},
				"west": {"uv": [2, 0, 1, 3], "texture": "#texture"},
				"up": {"uv": [1, 0, 2, 0], "texture": "#texture"},
				"down": {"uv": [1, 0, 2, 0], "texture": "#texture"}
			}
		}
	],
	"groups": [
		0,
		{
			"name": "group",
			"origin": [0, 0, 0],
			"color": 0,
			"nbt": "{}",
			"armAnimationEnabled": false,
			"children": [1, 2, 3, 4, 5, 6, 7, 8, 9, 10, 11, 12, 13, 14]
		},
		{
			"name": "group",
			"origin": [0, 0, 0],
			"color": 0,
			"nbt": "{}",
			"armAnimationEnabled": false,
			"children": [15, 16, 17, 18, 19, 20, 21, 22, 23, 24, 25, 26, 27, 28, 29, 30, 31, 32, 33, 34]
		},
		{
			"name": "group",
			"origin": [0, 0, 0],
			"color": 0,
			"nbt": "{}",
			"armAnimationEnabled": false,
			"children": [35, 36, 37, 38, 39, 40, 41, 42, 43, 44, 45, 46, 47, 48, 49, 50]
		}
	]
}