{
	"credit": "Made by CuDsan",
	"textures": {
		"particle": "block/warped_trapdoor",
		"texture": "block/warped_trapdoor"
	},
	"elements": [
		{
			"from": [0, 0, 13],
			"to": [16, 16, 16],
			"faces": {
				"north": {"uv": [0, 16, 16, 0], "texture": "#texture"},
				"east": {"uv": [0, 3, 16, 0], "rotation": 90, "texture": "#texture", "cullface": "east"},
				"south": {"uv": [16, 16, 0, 0], "texture": "#texture", "cullface": "south"},
				"west": {"uv": [0, 0, 16, 3], "rotation": 90, "texture": "#texture", "cullface": "west"},
				"up": {"uv": [0, 3, 16, 0], "texture": "#texture", "cullface": "up"},
				"down": {"uv": [0, 0, 16, 3], "texture": "#texture", "cullface": "down"}
			}
		},
		{
			"from": [5, 3, 13],
			"to": [5, 4, 16],
			"rotation": {"angle": 0, "axis": "y", "origin": [8, 1.5, 8]},
			"faces": {
				"north": {"uv": [1, 0, 1, 1], "texture": "#texture"},
				"east": {"uv": [1, 0, 2, 3], "rotation": 90, "texture": "#texture"},
				"south": {"uv": [1, 0, 1, 1], "rotation": 180, "texture": "#texture"},
				"west": {"uv": [1, 0, 2, 3], "rotation": 270, "texture": "#texture"},
				"up": {"uv": [1, 0, 1, 3], "texture": "#texture"},
				"down": {"uv": [1, 0, 1, 3], "rotation": 180, "texture": "#texture"}
			}
		},
		{
			"from": [3, 3, 13],
			"to": [5, 3, 16],
			"rotation": {"angle": 0, "axis": "y", "origin": [8, 1.5, 8]},
			"faces": {
				"north": {"uv": [1, 0, 3, 0], "texture": "#texture"},
				"east": {"uv": [1, 0, 1, 3], "rotation": 90, "texture": "#texture"},
				"south": {"uv": [1, 0, 3, 0], "rotation": 180, "texture": "#texture"},
				"west": {"uv": [1, 0, 1, 3], "rotation": 270, "texture": "#texture"},
				"up": {"uv": [1, 0, 3, 3], "texture": "#texture"},
				"down": {"uv": [1, 0, 3, 3], "rotation": 180, "texture": "#texture"}
			}
		},
		{
			"from": [3, 3, 13],
			"to": [3, 5, 16],
			"rotation": {"angle": 0, "axis": "y", "origin": [8, 1.5, 8]},
			"faces": {
				"north": {"uv": [1, 0, 1, 2], "texture": "#texture"},
				"east": {"uv": [1, 0, 3, 3], "rotation": 90, "texture": "#texture"},
				"south": {"uv": [1, 0, 1, 2], "rotation": 180, "texture": "#texture"},
				"west": {"uv": [1, 0, 3, 3], "rotation": 270, "texture": "#texture"},
				"up": {"uv": [1, 0, 1, 3], "texture": "#texture"},
				"down": {"uv": [1, 0, 1, 3], "rotation": 180, "texture": "#texture"}
			}
		},
		{
			"from": [3, 5, 13],
			"to": [4, 5, 16],
			"rotation": {"angle": 0, "axis": "y", "origin": [8, 1.5, 8]},
			"faces": {
				"north": {"uv": [1, 0, 2, 0], "texture": "#texture"},
				"east": {"uv": [1, 0, 1, 3], "rotation": 90, "texture": "#texture"},
				"south": {"uv": [1, 0, 2, 0], "rotation": 180, "texture": "#texture"},
				"west": {"uv": [1, 0, 1, 3], "rotation": 270, "texture": "#texture"},
				"up": {"uv": [1, 0, 2, 3], "texture": "#texture"},
				"down": {"uv": [1, 0, 2, 3], "rotation": 180, "texture": "#texture"}
			}
		},
		{
			"from": [4, 5, 13],
			"to": [4, 10, 16],
			"rotation": {"angle": 0, "axis": "y", "origin": [8, 1.5, 8]},
			"faces": {
				"north": {"uv": [1, 0, 1, 5], "texture": "#texture"},
				"east": {"uv": [1, 0, 6, 3], "rotation": 90, "texture": "#texture"},
				"south": {"uv": [1, 0, 1, 5], "rotation": 180, "texture": "#texture"},
				"west": {"uv": [1, 0, 6, 3], "rotation": 270, "texture": "#texture"},
				"up": {"uv": [1, 0, 1, 3], "texture": "#texture"},
				"down": {"uv": [1, 0, 1, 3], "rotation": 180, "texture": "#texture"}
			}
		},
		{
			"from": [3, 10, 13],
			"to": [4, 10, 16],
			"rotation": {"angle": 0, "axis": "y", "origin": [8, 1.5, 8]},
			"faces": {
				"north": {"uv": [1, 0, 2, 0], "texture": "#texture"},
				"east": {"uv": [1, 0, 1, 3], "rotation": 90, "texture": "#texture"},
				"south": {"uv": [1, 0, 2, 0], "rotation": 180, "texture": "#texture"},
				"west": {"uv": [1, 0, 1, 3], "rotation": 270, "texture": "#texture"},
				"up": {"uv": [1, 0, 2, 3], "texture": "#texture"},
				"down": {"uv": [1, 0, 2, 3], "rotation": 180, "texture": "#texture"}
			}
		},
		{
			"from": [3, 10, 13],
			"to": [3, 13, 16],
			"rotation": {"angle": 0, "axis": "y", "origin": [8, 1.5, 8]},
			"faces": {
				"north": {"uv": [1, 0, 1, 3], "texture": "#texture"},
				"east": {"uv": [1, 0, 4, 3], "rotation": 90, "texture": "#texture"},
				"south": {"uv": [1, 0, 1, 3], "rotation": 180, "texture": "#texture"},
				"west": {"uv": [1, 0, 4, 3], "rotation": 270, "texture": "#texture"},
				"up": {"uv": [1, 0, 1, 3], "texture": "#texture"},
				"down": {"uv": [1, 0, 1, 3], "rotation": 180, "texture": "#texture"}
			}
		},
		{
			"from": [3, 13, 13],
			"to": [4, 13, 16],
			"rotation": {"angle": 0, "axis": "y", "origin": [8, 1.5, 8]},
			"faces": {
				"north": {"uv": [1, 0, 2, 0], "texture": "#texture"},
				"east": {"uv": [1, 0, 1, 3], "rotation": 90, "texture": "#texture"},
				"south": {"uv": [1, 0, 2, 0], "rotation": 180, "texture": "#texture"},
				"west": {"uv": [1, 0, 1, 3], "rotation": 270, "texture": "#texture"},
				"up": {"uv": [1, 0, 2, 3], "texture": "#texture"},
				"down": {"uv": [1, 0, 2, 3], "rotation": 180, "texture": "#texture"}
			}
		},
		{
			"from": [4, 12, 13],
			"to": [4, 13, 16],
			"rotation": {"angle": 0, "axis": "y", "origin": [8, 1.5, 8]},
			"faces": {
				"north": {"uv": [1, 0, 1, 1], "texture": "#texture"},
				"east": {"uv": [1, 0, 2, 3], "rotation": 90, "texture": "#texture"},
				"south": {"uv": [1, 0, 1, 1], "rotation": 180, "texture": "#texture"},
				"west": {"uv": [1, 0, 2, 3], "rotation": 270, "texture": "#texture"},
				"up": {"uv": [1, 0, 1, 3], "texture": "#texture"},
				"down": {"uv": [1, 0, 1, 3], "rotation": 180, "texture": "#texture"}
			}
		},
		{
			"from": [4, 12, 13],
			"to": [5, 12, 16],
			"rotation": {"angle": 0, "axis": "y", "origin": [8, 1.5, 8]},
			"faces": {
				"north": {"uv": [1, 0, 2, 0], "texture": "#texture"},
				"east": {"uv": [1, 0, 1, 3], "rotation": 90, "texture": "#texture"},
				"south": {"uv": [1, 0, 2, 0], "rotation": 180, "texture": "#texture"},
				"west": {"uv": [1, 0, 1, 3], "rotation": 270, "texture": "#texture"},
				"up": {"uv": [1, 0, 2, 3], "texture": "#texture"},
				"down": {"uv": [1, 0, 2, 3], "rotation": 180, "texture": "#texture"}
			}
		},
		{
			"from": [5, 5, 13],
			"to": [5, 12, 16],
			"rotation": {"angle": 0, "axis": "y", "origin": [8, 1.5, 8]},
			"faces": {
				"north": {"uv": [1, 0, 1, 7], "texture": "#texture"},
				"east": {"uv": [1, 0, 8, 3], "rotation": 90, "texture": "#texture"},
				"south": {"uv": [1, 0, 1, 7], "rotation": 180, "texture": "#texture"},
				"west": {"uv": [1, 0, 8, 3], "rotation": 270, "texture": "#texture"},
				"up": {"uv": [1, 0, 1, 3], "texture": "#texture"},
				"down": {"uv": [1, 0, 1, 3], "rotation": 180, "texture": "#texture"}
			}
		},
		{
			"from": [5, 5, 13],
			"to": [6, 5, 16],
			"rotation": {"angle": 0, "axis": "y", "origin": [8, 1.5, 8]},
			"faces": {
				"north": {"uv": [1, 0, 2, 0], "texture": "#texture"},
				"east": {"uv": [1, 0, 1, 3], "rotation": 90, "texture": "#texture"},
				"south": {"uv": [1, 0, 2, 0], "rotation": 180, "texture": "#texture"},
				"west": {"uv": [1, 0, 1, 3], "rotation": 270, "texture": "#texture"},
				"up": {"uv": [1, 0, 2, 3], "texture": "#texture"},
				"down": {"uv": [1, 0, 2, 3], "rotation": 180, "texture": "#texture"}
			}
		},
		{
			"from": [6, 4, 13],
			"to": [6, 5, 16],
			"rotation": {"angle": 0, "axis": "y", "origin": [8, 1.5, 8]},
			"faces": {
				"north": {"uv": [1, 0, 1, 1], "texture": "#texture"},
				"east": {"uv": [1, 0, 2, 3], "rotation": 90, "texture": "#texture"},
				"south": {"uv": [1, 0, 1, 1], "rotation": 180, "texture": "#texture"},
				"west": {"uv": [1, 0, 2, 3], "rotation": 270, "texture": "#texture"},
				"up": {"uv": [1, 0, 1, 3], "texture": "#texture"},
				"down": {"uv": [1, 0, 1, 3], "rotation": 180, "texture": "#texture"}
			}
		},
		{
			"from": [5, 4, 13],
			"to": [6, 4, 16],
			"rotation": {"angle": 0, "axis": "y", "origin": [8, 1.5, 8]},
			"faces": {
				"north": {"uv": [1, 0, 2, 0], "texture": "#texture"},
				"east": {"uv": [1, 0, 1, 3], "rotation": 90, "texture": "#texture"},
				"south": {"uv": [1, 0, 2, 0], "rotation": 180, "texture": "#texture"},
				"west": {"uv": [1, 0, 1, 3], "rotation": 270, "texture": "#texture"},
				"up": {"uv": [1, 0, 2, 3], "texture": "#texture"},
				"down": {"uv": [1, 0, 2, 3], "rotation": 180, "texture": "#texture"}
			}
		},
		{
			"from": [10, 3, 13],
			"to": [10, 4, 16],
			"rotation": {"angle": 0, "axis": "y", "origin": [8, 1.5, 8]},
			"faces": {
				"north": {"uv": [1, 0, 1, 1], "texture": "#texture"},
				"east": {"uv": [1, 0, 2, 3], "rotation": 90, "texture": "#texture"},
				"south": {"uv": [1, 0, 1, 1], "rotation": 180, "texture": "#texture"},
				"west": {"uv": [1, 0, 2, 3], "rotation": 270, "texture": "#texture"},
				"up": {"uv": [1, 0, 1, 3], "texture": "#texture"},
				"down": {"uv": [1, 0, 1, 3], "rotation": 180, "texture": "#texture"}
			}
		},
		{
			"from": [5, 12, 13],
			"to": [6, 12, 16],
			"rotation": {"angle": 0, "axis": "y", "origin": [8, 1.5, 8]},
			"faces": {
				"north": {"uv": [1, 0, 2, 0], "texture": "#texture"},
				"east": {"uv": [1, 0, 1, 3], "rotation": 90, "texture": "#texture"},
				"south": {"uv": [1, 0, 2, 0], "rotation": 180, "texture": "#texture"},
				"west": {"uv": [1, 0, 1, 3], "rotation": 270, "texture": "#texture"},
				"up": {"uv": [1, 0, 2, 3], "texture": "#texture"},
				"down": {"uv": [1, 0, 2, 3], "rotation": 180, "texture": "#texture"}
			}
		},
		{
			"from": [5, 12, 13],
			"to": [5, 13, 16],
			"rotation": {"angle": 0, "axis": "y", "origin": [8, 1.5, 8]},
			"faces": {
				"north": {"uv": [1, 0, 1, 1], "texture": "#texture"},
				"east": {"uv": [1, 0, 2, 3], "rotation": 90, "texture": "#texture"},
				"south": {"uv": [1, 0, 1, 1], "rotation": 180, "texture": "#texture"},
				"west": {"uv": [1, 0, 2, 3], "rotation": 270, "texture": "#texture"},
				"up": {"uv": [1, 0, 1, 3], "texture": "#texture"},
				"down": {"uv": [1, 0, 1, 3], "rotation": 180, "texture": "#texture"}
			}
		},
		{
			"from": [5, 13, 13],
			"to": [6, 13, 16],
			"rotation": {"angle": 0, "axis": "y", "origin": [8, 1.5, 8]},
			"faces": {
				"north": {"uv": [1, 0, 2, 0], "texture": "#texture"},
				"east": {"uv": [1, 0, 1, 3], "rotation": 90, "texture": "#texture"},
				"south": {"uv": [1, 0, 2, 0], "rotation": 180, "texture": "#texture"},
				"west": {"uv": [1, 0, 1, 3], "rotation": 270, "texture": "#texture"},
				"up": {"uv": [1, 0, 2, 3], "texture": "#texture"},
				"down": {"uv": [1, 0, 2, 3], "rotation": 180, "texture": "#texture"}
			}
		},
		{
			"from": [6, 12, 13],
			"to": [6, 13, 16],
			"rotation": {"angle": 0, "axis": "y", "origin": [8, 1.5, 8]},
			"faces": {
				"north": {"uv": [1, 0, 1, 1], "texture": "#texture"},
				"east": {"uv": [1, 0, 2, 3], "rotation": 90, "texture": "#texture"},
				"south": {"uv": [1, 0, 1, 1], "rotation": 180, "texture": "#texture"},
				"west": {"uv": [1, 0, 2, 3], "rotation": 270, "texture": "#texture"},
				"up": {"uv": [1, 0, 1, 3], "texture": "#texture"},
				"down": {"uv": [1, 0, 1, 3], "rotation": 180, "texture": "#texture"}
			}
		},
		{
			"from": [8, 3, 13],
			"to": [10, 3, 16],
			"rotation": {"angle": 0, "axis": "y", "origin": [8, 1.5, 8]},
			"faces": {
				"north": {"uv": [1, 0, 3, 0], "texture": "#texture"},
				"east": {"uv": [1, 0, 1, 3], "rotation": 90, "texture": "#texture"},
				"south": {"uv": [1, 0, 3, 0], "rotation": 180, "texture": "#texture"},
				"west": {"uv": [1, 0, 1, 3], "rotation": 270, "texture": "#texture"},
				"up": {"uv": [1, 0, 3, 3], "texture": "#texture"},
				"down": {"uv": [1, 0, 3, 3], "rotation": 180, "texture": "#texture"}
			}
		},
		{
			"from": [8, 3, 13],
			"to": [8, 4, 16],
			"rotation": {"angle": 0, "axis": "y", "origin": [8, 1.5, 8]},
			"faces": {
				"north": {"uv": [1, 0, 1, 1], "texture": "#texture"},
				"east": {"uv": [1, 0, 2, 3], "rotation": 90, "texture": "#texture"},
				"south": {"uv": [1, 0, 1, 1], "rotation": 180, "texture": "#texture"},
				"west": {"uv": [1, 0, 2, 3], "rotation": 270, "texture": "#texture"},
				"up": {"uv": [1, 0, 1, 3], "texture": "#texture"},
				"down": {"uv": [1, 0, 1, 3], "rotation": 180, "texture": "#texture"}
			}
		},
		{
			"from": [7, 4, 13],
			"to": [8, 4, 16],
			"rotation": {"angle": 0, "axis": "y", "origin": [8, 1.5, 8]},
			"faces": {
				"north": {"uv": [1, 0, 2, 0], "texture": "#texture"},
				"east": {"uv": [1, 0, 1, 3], "rotation": 90, "texture": "#texture"},
				"south": {"uv": [1, 0, 2, 0], "rotation": 180, "texture": "#texture"},
				"west": {"uv": [1, 0, 1, 3], "rotation": 270, "texture": "#texture"},
				"up": {"uv": [1, 0, 2, 3], "texture": "#texture"},
				"down": {"uv": [1, 0, 2, 3], "rotation": 180, "texture": "#texture"}
			}
		},
		{
			"from": [7, 4, 13],
			"to": [7, 7, 16],
			"rotation": {"angle": 0, "axis": "y", "origin": [8, 1.5, 8]},
			"faces": {
				"north": {"uv": [1, 0, 1, 3], "texture": "#texture"},
				"east": {"uv": [1, 0, 4, 3], "rotation": 90, "texture": "#texture"},
				"south": {"uv": [1, 0, 1, 3], "rotation": 180, "texture": "#texture"},
				"west": {"uv": [1, 0, 4, 3], "rotation": 270, "texture": "#texture"},
				"up": {"uv": [1, 0, 1, 3], "texture": "#texture"},
				"down": {"uv": [1, 0, 1, 3], "rotation": 180, "texture": "#texture"}
			}
		},
		{
			"from": [6, 7, 13],
			"to": [7, 7, 16],
			"rotation": {"angle": 0, "axis": "y", "origin": [8, 1.5, 8]},
			"faces": {
				"north": {"uv": [1, 0, 2, 0], "texture": "#texture"},
				"east": {"uv": [1, 0, 1, 3], "rotation": 90, "texture": "#texture"},
				"south": {"uv": [1, 0, 2, 0], "rotation": 180, "texture": "#texture"},
				"west": {"uv": [1, 0, 1, 3], "rotation": 270, "texture": "#texture"},
				"up": {"uv": [1, 0, 2, 3], "texture": "#texture"},
				"down": {"uv": [1, 0, 2, 3], "rotation": 180, "texture": "#texture"}
			}
		},
		{
			"from": [6, 7, 13],
			"to": [6, 10, 16],
			"rotation": {"angle": 0, "axis": "y", "origin": [8, 1.5, 8]},
			"faces": {
				"north": {"uv": [1, 0, 1, 3], "texture": "#texture"},
				"east": {"uv": [1, 0, 4, 3], "rotation": 90, "texture": "#texture"},
				"south": {"uv": [1, 0, 1, 3], "rotation": 180, "texture": "#texture"},
				"west": {"uv": [1, 0, 4, 3], "rotation": 270, "texture": "#texture"},
				"up": {"uv": [1, 0, 1, 3], "texture": "#texture"},
				"down": {"uv": [1, 0, 1, 3], "rotation": 180, "texture": "#texture"}
			}
		},
		{
			"from": [6, 10, 13],
			"to": [7, 10, 16],
			"rotation": {"angle": 0, "axis": "y", "origin": [8, 1.5, 8]},
			"faces": {
				"north": {"uv": [1, 0, 2, 0], "texture": "#texture"},
				"east": {"uv": [1, 0, 1, 3], "rotation": 90, "texture": "#texture"},
				"south": {"uv": [1, 0, 2, 0], "rotation": 180, "texture": "#texture"},
				"west": {"uv": [1, 0, 1, 3], "rotation": 270, "texture": "#texture"},
				"up": {"uv": [1, 0, 2, 3], "texture": "#texture"},
				"down": {"uv": [1, 0, 2, 3], "rotation": 180, "texture": "#texture"}
			}
		},
		{
			"from": [7, 10, 13],
			"to": [7, 13, 16],
			"rotation": {"angle": 0, "axis": "y", "origin": [8, 1.5, 8]},
			"faces": {
				"north": {"uv": [1, 0, 1, 3], "texture": "#texture"},
				"east": {"uv": [1, 0, 4, 3], "rotation": 90, "texture": "#texture"},
				"south": {"uv": [1, 0, 1, 3], "rotation": 180, "texture": "#texture"},
				"west": {"uv": [1, 0, 4, 3], "rotation": 270, "texture": "#texture"},
				"up": {"uv": [1, 0, 1, 3], "texture": "#texture"},
				"down": {"uv": [1, 0, 1, 3], "rotation": 180, "texture": "#texture"}
			}
		},
		{
			"from": [7, 13, 13],
			"to": [9, 13, 16],
			"rotation": {"angle": 0, "axis": "y", "origin": [8, 1.5, 8]},
			"faces": {
				"north": {"uv": [1, 0, 3, 0], "texture": "#texture"},
				"east": {"uv": [1, 0, 1, 3], "rotation": 90, "texture": "#texture"},
				"south": {"uv": [1, 0, 3, 0], "rotation": 180, "texture": "#texture"},
				"west": {"uv": [1, 0, 1, 3], "rotation": 270, "texture": "#texture"},
				"up": {"uv": [1, 0, 3, 3], "texture": "#texture"},
				"down": {"uv": [1, 0, 3, 3], "rotation": 180, "texture": "#texture"}
			}
		},
		{
			"from": [9, 12, 13],
			"to": [9, 13, 16],
			"rotation": {"angle": 0, "axis": "y", "origin": [8, 1.5, 8]},
			"faces": {
				"north": {"uv": [1, 0, 1, 1], "texture": "#texture"},
				"east": {"uv": [1, 0, 2, 3], "rotation": 90, "texture": "#texture"},
				"south": {"uv": [1, 0, 1, 1], "rotation": 180, "texture": "#texture"},
				"west": {"uv": [1, 0, 2, 3], "rotation": 270, "texture": "#texture"},
				"up": {"uv": [1, 0, 1, 3], "texture": "#texture"},
				"down": {"uv": [1, 0, 1, 3], "rotation": 180, "texture": "#texture"}
			}
		},
		{
			"from": [9, 12, 13],
			"to": [10, 12, 16],
			"rotation": {"angle": 0, "axis": "y", "origin": [8, 1.5, 8]},
			"faces": {
				"north": {"uv": [1, 0, 2, 0], "texture": "#texture"},
				"east": {"uv": [1, 0, 1, 3], "rotation": 90, "texture": "#texture"},
				"south": {"uv": [1, 0, 2, 0], "rotation": 180, "texture": "#texture"},
				"west": {"uv": [1, 0, 1, 3], "rotation": 270, "texture": "#texture"},
				"up": {"uv": [1, 0, 2, 3], "texture": "#texture"},
				"down": {"uv": [1, 0, 2, 3], "rotation": 180, "texture": "#texture"}
			}
		},
		{
			"from": [10, 10, 13],
			"to": [10, 12, 16],
			"rotation": {"angle": 0, "axis": "y", "origin": [8, 1.5, 8]},
			"faces": {
				"north": {"uv": [1, 0, 1, 2], "texture": "#texture"},
				"east": {"uv": [1, 0, 3, 3], "rotation": 90, "texture": "#texture"},
				"south": {"uv": [1, 0, 1, 2], "rotation": 180, "texture": "#texture"},
				"west": {"uv": [1, 0, 3, 3], "rotation": 270, "texture": "#texture"},
				"up": {"uv": [1, 0, 1, 3], "texture": "#texture"},
				"down": {"uv": [1, 0, 1, 3], "rotation": 180, "texture": "#texture"}
			}
		},
		{
			"from": [9, 10, 13],
			"to": [10, 10, 16],
			"rotation": {"angle": 0, "axis": "y", "origin": [8, 1.5, 8]},
			"faces": {
				"north": {"uv": [1, 0, 2, 0], "texture": "#texture"},
				"east": {"uv": [1, 0, 1, 3], "rotation": 90, "texture": "#texture"},
				"south": {"uv": [1, 0, 2, 0], "rotation": 180, "texture": "#texture"},
				"west": {"uv": [1, 0, 1, 3], "rotation": 270, "texture": "#texture"},
				"up": {"uv": [1, 0, 2, 3], "texture": "#texture"},
				"down": {"uv": [1, 0, 2, 3], "rotation": 180, "texture": "#texture"}
			}
		},
		{
			"from": [9, 4, 13],
			"to": [9, 10, 16],
			"rotation": {"angle": 0, "axis": "y", "origin": [8, 1.5, 8]},
			"faces": {
				"north": {"uv": [1, 0, 1, 6], "texture": "#texture"},
				"east": {"uv": [1, 0, 7, 3], "rotation": 90, "texture": "#texture"},
				"south": {"uv": [1, 0, 1, 6], "rotation": 180, "texture": "#texture"},
				"west": {"uv": [1, 0, 7, 3], "rotation": 270, "texture": "#texture"},
				"up": {"uv": [1, 0, 1, 3], "texture": "#texture"},
				"down": {"uv": [1, 0, 1, 3], "rotation": 180, "texture": "#texture"}
			}
		},
		{
			"from": [9, 4, 13],
			"to": [10, 4, 16],
			"rotation": {"angle": 0, "axis": "y", "origin": [8, 1.5, 8]},
			"faces": {
				"north": {"uv": [1, 0, 2, 0], "texture": "#texture"},
				"east": {"uv": [1, 0, 1, 3], "rotation": 90, "texture": "#texture"},
				"south": {"uv": [1, 0, 2, 0], "rotation": 180, "texture": "#texture"},
				"west": {"uv": [1, 0, 1, 3], "rotation": 270, "texture": "#texture"},
				"up": {"uv": [1, 0, 2, 3], "texture": "#texture"},
				"down": {"uv": [1, 0, 2, 3], "rotation": 180, "texture": "#texture"}
			}
		},
		{
			"from": [13, 3, 13],
			"to": [13, 6, 16],
			"rotation": {"angle": 0, "axis": "y", "origin": [8, 1.5, 8]},
			"faces": {
				"north": {"uv": [1, 0, 1, 3], "texture": "#texture"},
				"east": {"uv": [2, 0, 4, 3], "rotation": 90, "texture": "#texture"},
				"south": {"uv": [1, 0, 1, 3], "rotation": 180, "texture": "#texture"},
				"west": {"uv": [2, 0, 4, 3], "rotation": 270, "texture": "#texture"},
				"up": {"uv": [1, 0, 1, 3], "texture": "#texture"},
				"down": {"uv": [1, 0, 1, 3], "rotation": 180, "texture": "#texture"}
			}
		},
		{
			"from": [12, 3, 13],
			"to": [13, 3, 16],
			"rotation": {"angle": 0, "axis": "y", "origin": [8, 1.5, 8]},
			"faces": {
				"north": {"uv": [1, 0, 2, 0], "texture": "#texture"},
				"east": {"uv": [2, 0, 1, 3], "rotation": 90, "texture": "#texture"},
				"south": {"uv": [1, 0, 2, 0], "rotation": 180, "texture": "#texture"},
				"west": {"uv": [2, 0, 1, 3], "rotation": 270, "texture": "#texture"},
				"up": {"uv": [1, 0, 2, 3], "texture": "#texture"},
				"down": {"uv": [1, 0, 2, 3], "rotation": 180, "texture": "#texture"}
			}
		},
		{
			"from": [12, 3, 13],
			"to": [12, 5, 16],
			"rotation": {"angle": 0, "axis": "y", "origin": [8, 1.5, 8]},
			"faces": {
				"north": {"uv": [1, 0, 1, 2], "texture": "#texture"},
				"east": {"uv": [2, 0, 3, 3], "rotation": 90, "texture": "#texture"},
				"south": {"uv": [1, 0, 1, 2], "rotation": 180, "texture": "#texture"},
				"west": {"uv": [2, 0, 3, 3], "rotation": 270, "texture": "#texture"},
				"up": {"uv": [1, 0, 1, 3], "texture": "#texture"},
				"down": {"uv": [1, 0, 1, 3], "rotation": 180, "texture": "#texture"}
			}
		},
		{
			"from": [11, 5, 13],
			"to": [12, 5, 16],
			"rotation": {"angle": 0, "axis": "y", "origin": [8, 1.5, 8]},
			"faces": {
				"north": {"uv": [1, 0, 2, 0], "texture": "#texture"},
				"east": {"uv": [2, 0, 1, 3], "rotation": 90, "texture": "#texture"},
				"south": {"uv": [1, 0, 2, 0], "rotation": 180, "texture": "#texture"},
				"west": {"uv": [2, 0, 1, 3], "rotation": 270, "texture": "#texture"},
				"up": {"uv": [1, 0, 2, 3], "texture": "#texture"},
				"down": {"uv": [1, 0, 2, 3], "rotation": 180, "texture": "#texture"}
			}
		},
		{
			"from": [11, 5, 13],
			"to": [11, 6, 16],
			"rotation": {"angle": 0, "axis": "y", "origin": [8, 1.5, 8]},
			"faces": {
				"north": {"uv": [1, 0, 1, 1], "texture": "#texture"},
				"east": {"uv": [2, 0, 2, 3], "rotation": 90, "texture": "#texture"},
				"south": {"uv": [1, 0, 1, 1], "rotation": 180, "texture": "#texture"},
				"west": {"uv": [2, 0, 2, 3], "rotation": 270, "texture": "#texture"},
				"up": {"uv": [1, 0, 1, 3], "texture": "#texture"},
				"down": {"uv": [1, 0, 1, 3], "rotation": 180, "texture": "#texture"}
			}
		},
		{
			"from": [10, 6, 13],
			"to": [11, 6, 16],
			"rotation": {"angle": 0, "axis": "y", "origin": [8, 1.5, 8]},
			"faces": {
				"north": {"uv": [1, 0, 2, 0], "texture": "#texture"},
				"east": {"uv": [2, 0, 1, 3], "rotation": 90, "texture": "#texture"},
				"south": {"uv": [1, 0, 2, 0], "rotation": 180, "texture": "#texture"},
				"west": {"uv": [2, 0, 1, 3], "rotation": 270, "texture": "#texture"},
				"up": {"uv": [1, 0, 2, 3], "texture": "#texture"},
				"down": {"uv": [1, 0, 2, 3], "rotation": 180, "texture": "#texture"}
			}
		},
		{
			"from": [10, 6, 13],
			"to": [10, 8, 16],
			"rotation": {"angle": 0, "axis": "y", "origin": [8, 1.5, 8]},
			"faces": {
				"north": {"uv": [1, 0, 1, 2], "texture": "#texture"},
				"east": {"uv": [2, 0, 3, 3], "rotation": 90, "texture": "#texture"},
				"south": {"uv": [1, 0, 1, 2], "rotation": 180, "texture": "#texture"},
				"west": {"uv": [2, 0, 3, 3], "rotation": 270, "texture": "#texture"},
				"up": {"uv": [1, 0, 1, 3], "texture": "#texture"},
				"down": {"uv": [1, 0, 1, 3], "rotation": 180, "texture": "#texture"}
			}
		},
		{
			"from": [10, 8, 13],
			"to": [11, 8, 16],
			"rotation": {"angle": 0, "axis": "y", "origin": [8, 1.5, 8]},
			"faces": {
				"north": {"uv": [1, 0, 2, 0], "texture": "#texture"},
				"east": {"uv": [2, 0, 1, 3], "rotation": 90, "texture": "#texture"},
				"south": {"uv": [1, 0, 2, 0], "rotation": 180, "texture": "#texture"},
				"west": {"uv": [2, 0, 1, 3], "rotation": 270, "texture": "#texture"},
				"up": {"uv": [1, 0, 2, 3], "texture": "#texture"},
				"down": {"uv": [1, 0, 2, 3], "rotation": 180, "texture": "#texture"}
			}
		},
		{
			"from": [11, 8, 13],
			"to": [11, 9, 16],
			"rotation": {"angle": 0, "axis": "y", "origin": [8, 1.5, 8]},
			"faces": {
				"north": {"uv": [1, 0, 1, 1], "texture": "#texture"},
				"east": {"uv": [2, 0, 2, 3], "rotation": 90, "texture": "#texture"},
				"south": {"uv": [1, 0, 1, 1], "rotation": 180, "texture": "#texture"},
				"west": {"uv": [2, 0, 2, 3], "rotation": 270, "texture": "#texture"},
				"up": {"uv": [1, 0, 1, 3], "texture": "#texture"},
				"down": {"uv": [1, 0, 1, 3], "rotation": 180, "texture": "#texture"}
			}
		},
		{
			"from": [11, 9, 13],
			"to": [12, 9, 16],
			"rotation": {"angle": 0, "axis": "y", "origin": [8, 1.5, 8]},
			"faces": {
				"north": {"uv": [1, 0, 2, 0], "texture": "#texture"},
				"east": {"uv": [2, 0, 1, 3], "rotation": 90, "texture": "#texture"},
				"south": {"uv": [1, 0, 2, 0], "rotation": 180, "texture": "#texture"},
				"west": {"uv": [2, 0, 1, 3], "rotation": 270, "texture": "#texture"},
				"up": {"uv": [1, 0, 2, 3], "texture": "#texture"},
				"down": {"uv": [1, 0, 2, 3], "rotation": 180, "texture": "#texture"}
			}
		},
		{
			"from": [12, 9, 13],
			"to": [12, 13, 16],
			"rotation": {"angle": 0, "axis": "y", "origin": [8, 1.5, 8]},
			"faces": {
				"north": {"uv": [1, 0, 1, 4], "texture": "#texture"},
				"east": {"uv": [2, 0, 5, 3], "rotation": 90, "texture": "#texture"},
				"south": {"uv": [1, 0, 1, 4], "rotation": 180, "texture": "#texture"},
				"west": {"uv": [2, 0, 5, 3], "rotation": 270, "texture": "#texture"},
				"up": {"uv": [1, 0, 1, 3], "texture": "#texture"},
				"down": {"uv": [1, 0, 1, 3], "rotation": 180, "texture": "#texture"}
			}
		},
		{
			"from": [12, 13, 13],
			"to": [13, 13, 16],
			"rotation": {"angle": 0, "axis": "y", "origin": [8, 1.5, 8]},
			"faces": {
				"north": {"uv": [1, 0, 2, 0], "texture": "#texture"},
				"east": {"uv": [2, 0, 1, 3], "rotation": 90, "texture": "#texture"},
				"south": {"uv": [1, 0, 2, 0], "rotation": 180, "texture": "#texture"},
				"west": {"uv": [2, 0, 1, 3], "rotation": 270, "texture": "#texture"},
				"up": {"uv": [1, 0, 2, 3], "texture": "#texture"},
				"down": {"uv": [1, 0, 2, 3], "rotation": 180, "texture": "#texture"}
			}
		},
		{
			"from": [13, 8, 13],
			"to": [13, 13, 16],
			"rotation": {"angle": 0, "axis": "y", "origin": [8, 1.5, 8]},
			"faces": {
				"north": {"uv": [1, 0, 1, 5], "texture": "#texture"},
				"east": {"uv": [2, 0, 6, 3], "rotation": 90, "texture": "#texture"},
				"south": {"uv": [1, 0, 1, 5], "rotation": 180, "texture": "#texture"},
				"west": {"uv": [2, 0, 6, 3], "rotation": 270, "texture": "#texture"},
				"up": {"uv": [1, 0, 1, 3], "texture": "#texture"},
				"down": {"uv": [1, 0, 1, 3], "rotation": 180, "texture": "#texture"}
			}
		},
		{
			"from": [12, 8, 13],
			"to": [13, 8, 16],
			"rotation": {"angle": 0, "axis": "y", "origin": [8, 1.5, 8]},
			"faces": {
				"north": {"uv": [1, 0, 2, 0], "texture": "#texture"},
				"east": {"uv": [2, 0, 1, 3], "rotation": 90, "texture": "#texture"},
				"south": {"uv": [1, 0, 2, 0], "rotation": 180, "texture": "#texture"},
				"west": {"uv": [2, 0, 1, 3], "rotation": 270, "texture": "#texture"},
				"up": {"uv": [1, 0, 2, 3], "texture": "#texture"},
				"down": {"uv": [1, 0, 2, 3], "rotation": 180, "texture": "#texture"}
			}
		},
		{
			"from": [12, 6, 13],
			"to": [12, 8, 16],
			"rotation": {"angle": 0, "axis": "y", "origin": [8, 1.5, 8]},
			"faces": {
				"north": {"uv": [1, 0, 1, 2], "texture": "#texture"},
				"east": {"uv": [2, 0, 3, 3], "rotation": 90, "texture": "#texture"},
				"south": {"uv": [1, 0, 1, 2], "rotation": 180, "texture": "#texture"},
				"west": {"uv": [2, 0, 3, 3], "rotation": 270, "texture": "#texture"},
				"up": {"uv": [1, 0, 1, 3], "texture": "#texture"},
				"down": {"uv": [1, 0, 1, 3], "rotation": 180, "texture": "#texture"}
			}
		},
		{
			"from": [12, 6, 13],
			"to": [13, 6, 16],
			"rotation": {"angle": 0, "axis": "y", "origin": [8, 1.5, 8]},
			"faces": {
				"north": {"uv": [1, 0, 2, 0], "texture": "#texture"},
				"east": {"uv": [2, 0, 1, 3], "rotation": 90, "texture": "#texture"},
				"south": {"uv": [1, 0, 2, 0], "rotation": 180, "texture": "#texture"},
				"west": {"uv": [2, 0, 1, 3], "rotation": 270, "texture": "#texture"},
				"up": {"uv": [1, 0, 2, 3], "texture": "#texture"},
				"down": {"uv": [1, 0, 2, 3], "rotation": 180, "texture": "#texture"}
			}
		}
	],
	"groups": [
		0,
		{
			"name": "group",
			"origin": [8, 8, 8],
			"color": 0,
			"nbt": "{}",
			"armAnimationEnabled": false,
			"children": [
				{
					"name": "group",
					"origin": [0, 0, 0],
					"color": 0,
					"nbt": "{}",
					"armAnimationEnabled": false,
					"children": [1, 2, 3, 4, 5, 6, 7, 8, 9, 10, 11, 12, 13, 14]
				},
				{
					"name": "group",
					"origin": [0, 0, 0],
					"color": 0,
					"nbt": "{}",
					"armAnimationEnabled": false,
					"children": [15, 16, 17, 18, 19, 20, 21, 22, 23, 24, 25, 26, 27, 28, 29, 30, 31, 32, 33, 34]
				},
				{
					"name": "group",
					"origin": [0, 0, 0],
					"color": 0,
					"nbt": "{}",
					"armAnimationEnabled": false,
					"children": [35, 36, 37, 38, 39, 40, 41, 42, 43, 44, 45, 46, 47, 48, 49, 50]
				}
			]
		}
	]
}