{
	"credit": "Made with Blockbench",
	"texture_size": [64, 64],
	"textures": {
		"1": "./pdc",
		"4": "./microwave",
		"particle": "./pdc"
	},
	"elements": [
		{
			"from": [0, 0, 0],
			"to": [19, 11, 13],
			"faces": {
				"north": {"uv": [4.75, 0, 9.5, 2.75], "texture": "#4"},
				"east": {"uv": [10.25, 8.25, 7, 11], "texture": "#4"},
				"south": {"uv": [4.75, 2.75, 9.5, 5.5], "texture": "#4"},
				"west": {"uv": [7, 8.25, 10.25, 11], "texture": "#4"},
				"up": {"uv": [4.75, 3.25, 0, 0], "texture": "#4"},
				"down": {"uv": [4.75, 3.25, 0, 6.5], "texture": "#4"}
			}
		},
		{
			"from": [4, 0, -1],
			"to": [19, 11, 0],
			"faces": {
				"north": {"uv": [4.75, 5.5, 8.5, 8.25], "texture": "#4"},
				"east": {"uv": [0, 9.25, 0.25, 12], "texture": "#4"},
				"south": {"uv": [0, 6.5, 3.75, 9.25], "texture": "#4"},
				"west": {"uv": [0.25, 9.25, 0.5, 12], "texture": "#4"},
				"up": {"uv": [12.25, 5.75, 8.5, 5.5], "texture": "#4"},
				"down": {"uv": [12.25, 5.75, 8.5, 6], "texture": "#4"}
			}
		},
		{
			"from": [0.25, 2.25, -0.25],
			"to": [1.25, 3.25, 1.75],
			"faces": {
				"north": {"uv": [9.5, 5, 9.75, 5.25], "texture": "#4"},
				"east": {"uv": [3.75, 8, 4.25, 8.25], "texture": "#4"},
				"south": {"uv": [9.5, 5.25, 9.75, 5.5], "texture": "#4"},
				"west": {"uv": [4.25, 8, 4.75, 8.25], "texture": "#4"},
				"up": {"uv": [8.75, 6.5, 8.5, 6], "texture": "#4"},
				"down": {"uv": [8.75, 6.5, 8.5, 7], "texture": "#4"}
			}
		},
		{
			"from": [1.5, 2.25, -0.25],
			"to": [2.5, 3.25, 1.75],
			"faces": {
				"north": {"uv": [9.5, 6.5, 9.75, 6.75], "texture": "#4"},
				"east": {"uv": [8.5, 7, 9, 7.25], "texture": "#4"},
				"south": {"uv": [9.5, 6.75, 9.75, 7], "texture": "#4"},
				"west": {"uv": [8.5, 7.25, 9, 7.5], "texture": "#4"},
				"up": {"uv": [8.75, 8, 8.5, 7.5], "texture": "#4"},
				"down": {"uv": [9, 6, 8.75, 6.5], "texture": "#4"}
			}
		},
		{
			"from": [2.75, 2.25, -0.25],
			"to": [3.75, 3.25, 1.75],
			"faces": {
				"north": {"uv": [9.5, 7, 9.75, 7.25], "texture": "#4"},
				"east": {"uv": [8.5, 8, 9, 8.25], "texture": "#4"},
				"south": {"uv": [9.5, 7.75, 9.75, 8], "texture": "#4"},
				"west": {"uv": [8.75, 6.5, 9.25, 6.75], "texture": "#4"},
				"up": {"uv": [9, 8, 8.75, 7.5], "texture": "#4"},
				"down": {"uv": [9.25, 6, 9, 6.5], "texture": "#4"}
			}
		},
		{
			"from": [2.75, 3.5, -0.25],
			"to": [3.75, 4.5, 1.75],
			"faces": {
				"north": {"uv": [0.75, 9.75, 1, 10], "texture": "#4"},
				"east": {"uv": [2, 9.25, 2.5, 9.5], "texture": "#4"},
				"south": {"uv": [9.75, 0.75, 10, 1], "texture": "#4"},
				"west": {"uv": [2.5, 9.25, 3, 9.5], "texture": "#4"},
				"up": {"uv": [3.25, 9.75, 3, 9.25], "texture": "#4"},
				"down": {"uv": [3.5, 9.25, 3.25, 9.75], "texture": "#4"}
			}
		},
		{
			"from": [0.25, 3.5, -0.25],
			"to": [1.25, 4.5, 1.75],
			"faces": {
				"north": {"uv": [9.75, 0.25, 10, 0.5], "texture": "#4"},
				"east": {"uv": [0.5, 9.25, 1, 9.5], "texture": "#4"},
				"south": {"uv": [0.5, 9.75, 0.75, 10], "texture": "#4"},
				"west": {"uv": [1, 9.25, 1.5, 9.5], "texture": "#4"},
				"up": {"uv": [1.75, 9.75, 1.5, 9.25], "texture": "#4"},
				"down": {"uv": [2, 9.25, 1.75, 9.75], "texture": "#4"}
			}
		},
		{
			"from": [1.5, 3.5, -0.25],
			"to": [2.5, 4.5, 1.75],
			"faces": {
				"north": {"uv": [9.5, 8, 9.75, 8.25], "texture": "#4"},
				"east": {"uv": [8.75, 6.75, 9.25, 7], "texture": "#4"},
				"south": {"uv": [9.75, 0, 10, 0.25], "texture": "#4"},
				"west": {"uv": [9, 7, 9.5, 7.25], "texture": "#4"},
				"up": {"uv": [9.25, 7.75, 9, 7.25], "texture": "#4"},
				"down": {"uv": [9.25, 7.75, 9, 8.25], "texture": "#4"}
			}
		},
		{
			"from": [2.75, 4.75, -0.25],
			"to": [3.75, 5.75, 1.75],
			"faces": {
				"north": {"uv": [2, 9.75, 2.25, 10], "texture": "#4"},
				"east": {"uv": [0.5, 9.5, 1, 9.75], "texture": "#4"},
				"south": {"uv": [9.75, 2, 10, 2.25], "texture": "#4"},
				"west": {"uv": [9.5, 0.5, 10, 0.75], "texture": "#4"},
				"up": {"uv": [9.75, 1.25, 9.5, 0.75], "texture": "#4"},
				"down": {"uv": [1.25, 9.5, 1, 10], "texture": "#4"}
			}
		},
		{
			"from": [0.25, 4.75, -0.25],
			"to": [1.25, 5.75, 1.75],
			"faces": {
				"north": {"uv": [1.75, 9.75, 2, 10], "texture": "#4"},
				"east": {"uv": [9.25, 7.25, 9.75, 7.5], "texture": "#4"},
				"south": {"uv": [9.75, 1.75, 10, 2], "texture": "#4"},
				"west": {"uv": [9.25, 7.5, 9.75, 7.75], "texture": "#4"},
				"up": {"uv": [9.5, 8.25, 9.25, 7.75], "texture": "#4"},
				"down": {"uv": [9.75, 0, 9.5, 0.5], "texture": "#4"}
			}
		},
		{
			"from": [1.5, 4.75, -0.25],
			"to": [2.5, 5.75, 1.75],
			"faces": {
				"north": {"uv": [9.75, 1, 10, 1.25], "texture": "#4"},
				"east": {"uv": [9.25, 6, 9.75, 6.25], "texture": "#4"},
				"south": {"uv": [1.5, 9.75, 1.75, 10], "texture": "#4"},
				"west": {"uv": [9.25, 6.25, 9.75, 6.5], "texture": "#4"},
				"up": {"uv": [3.75, 9.75, 3.5, 9.25], "texture": "#4"},
				"down": {"uv": [9.5, 6.5, 9.25, 7], "texture": "#4"}
			}
		},
		{
			"from": [2.75, 6, -0.25],
			"to": [3.75, 7, 1.75],
			"faces": {
				"north": {"uv": [3.25, 9.75, 3.5, 10], "texture": "#4"},
				"east": {"uv": [9.5, 3, 10, 3.25], "texture": "#4"},
				"south": {"uv": [3.5, 9.75, 3.75, 10], "texture": "#4"},
				"west": {"uv": [9.5, 3.25, 10, 3.5], "texture": "#4"},
				"up": {"uv": [3, 10, 2.75, 9.5], "texture": "#4"},
				"down": {"uv": [9.75, 3.5, 9.5, 4], "texture": "#4"}
			}
		},
		{
			"from": [0.25, 6, -0.25],
			"to": [1.25, 7, 1.75],
			"faces": {
				"north": {"uv": [9.75, 2.75, 10, 3], "texture": "#4"},
				"east": {"uv": [2, 9.5, 2.5, 9.75], "texture": "#4"},
				"south": {"uv": [3, 9.75, 3.25, 10], "texture": "#4"},
				"west": {"uv": [9.5, 2.25, 10, 2.5], "texture": "#4"},
				"up": {"uv": [2.75, 10, 2.5, 9.5], "texture": "#4"},
				"down": {"uv": [9.75, 2.5, 9.5, 3], "texture": "#4"}
			}
		},
		{
			"from": [1.5, 6, -0.25],
			"to": [2.5, 7, 1.75],
			"faces": {
				"north": {"uv": [2.25, 9.75, 2.5, 10], "texture": "#4"},
				"east": {"uv": [9.5, 1.25, 10, 1.5], "texture": "#4"},
				"south": {"uv": [9.75, 2.5, 10, 2.75], "texture": "#4"},
				"west": {"uv": [9.5, 1.5, 10, 1.75], "texture": "#4"},
				"up": {"uv": [1.5, 10, 1.25, 9.5], "texture": "#4"},
				"down": {"uv": [9.75, 1.75, 9.5, 2.25], "texture": "#4"}
			}
		},
		{
			"from": [0.01, 8.5, -0.001],
			"to": [4, 9.5, 0.999],
			"faces": {
				"north": {"uv": [0.25, 14.3125, 5.98214, 15.75], "texture": "#4"},
				"east": {"uv": [9.5, 4, 9.75, 4.5], "texture": "#4"},
				"south": {"uv": [3.75, 7, 4.75, 7.5], "texture": "#4"},
				"west": {"uv": [9.5, 4.5, 9.75, 5], "texture": "#4"},
				"up": {"uv": [4.75, 7.75, 3.75, 7.5], "texture": "#4"},
				"down": {"uv": [4.75, 7.75, 3.75, 8], "texture": "#4"}
			}
		},
		{
			"from": [2, 1, 11.001],
			"to": [4, 3, 13.001],
			"faces": {
				"north": {"uv": [0, 0, 0.5, 0.5], "texture": "#missing"},
				"east": {"uv": [0, 0, 0.5, 0.5], "texture": "#missing"},
				"south": {"uv": [0, 8, 8, 16], "texture": "#1"},
				"west": {"uv": [0, 0, 0.5, 0.5], "texture": "#missing"},
				"up": {"uv": [0, 0, 0.5, 0.5], "texture": "#missing"},
				"down": {"uv": [0, 0, 0.5, 0.5], "texture": "#missing"}
			}
		}
	],
	"display": {
		"thirdperson_righthand": {
			"rotation": [-160.39, 37.22, -178.44],
			"translation": [1, 2.75, 0],
			"scale": [0.28711, 0.28711, 0.28711]
		},
		"thirdperson_lefthand": {
			"rotation": [-160.39, 37.22, -178.44],
			"translation": [1, 2.75, 0],
			"scale": [0.28711, 0.28711, 0.28711]
		},
		"firstperson_righthand": {
			"rotation": [-175.83, 45.07, 174.07],
			"translation": [0, 6, 0],
			"scale": [0.58203, 0.58203, 0.58203]
		},
		"firstperson_lefthand": {
			"rotation": [-175.83, 45.07, 174.07],
			"translation": [0, 6, 0],
			"scale": [0.58203, 0.58203, 0.58203]
		},
		"ground": {
			"translation": [0, 0.75, 0],
			"scale": [0.52, 0.52, 0.52]
		},
		"gui": {
			"rotation": [-160.5, -45, -180],
			"translation": [0, 1.75, 0],
			"scale": [0.68555, 0.68555, 0.68555]
		},
		"head": {
			"translation": [-2.5, 3.25, 0.5],
			"scale": [1.34766, 1.34766, 1.34766]
		},
		"fixed": {
			"rotation": [-90, 0, 0],
			"translation": [-2.75, 3.5, -12],
			"scale": [1.73438, 1.73438, 1.73438]
		}
	}
}