{
	"credit": "Made with Blockbench",
	"texture_size": [64, 64],
	"textures": {
		"0": "item/brush/ban_broom_spruce_1",
		"particle": "item/brush/ban_broom_spruce_1"
	},
	"elements": [
		{
			"from": [7, 10, 7],
			"to": [9, 13, 9],
			"faces": {
				"north": {"uv": [3, 0, 3.5, 0.75], "texture": "#0"},
				"east": {"uv": [3.5, 0, 3, 0.75], "texture": "#0"},
				"south": {"uv": [3, 0, 3.5, 0.75], "texture": "#0"},
				"west": {"uv": [3.5, 0, 3, 0.75], "texture": "#0"},
				"up": {"uv": [4, 0.75, 3.5, 0.25], "texture": "#0"},
				"down": {"uv": [4.5, 0.25, 4, 0.75], "texture": "#0"}
			}
		},
		{
			"from": [3, 0, 8],
			"to": [13, 11, 8],
			"rotation": {"angle": 22.5, "axis": "x", "origin": [8, 11, 8]},
			"faces": {
				"north": {"uv": [2.5, 0, 0, 2.75], "texture": "#0"},
				"east": {"uv": [0, 0, 0, 2.75], "texture": "#0"},
				"south": {"uv": [0, 0, 2.5, 2.75], "texture": "#0"},
				"west": {"uv": [0, 0, 0, 2.75], "texture": "#0"},
				"up": {"uv": [2.5, 0, 0, 0], "texture": "#0"},
				"down": {"uv": [2.5, 0, 0, 0], "texture": "#0"}
			}
		},
		{
			"from": [3, 0, 8],
			"to": [13, 11, 8],
			"rotation": {"angle": 45, "axis": "x", "origin": [8, 11, 8]},
			"faces": {
				"north": {"uv": [2.5, 0, 0, 2.75], "texture": "#0"},
				"east": {"uv": [0, 0, 0, 2.75], "texture": "#0"},
				"south": {"uv": [0, 0, 2.5, 2.75], "texture": "#0"},
				"west": {"uv": [0, 0, 0, 2.75], "texture": "#0"},
				"up": {"uv": [2.5, 0, 0, 0], "texture": "#0"},
				"down": {"uv": [2.5, 0, 0, 0], "texture": "#0"}
			}
		},
		{
			"from": [3, 0, 8],
			"to": [13, 11, 8],
			"rotation": {"angle": -45, "axis": "x", "origin": [8, 11, 8]},
			"faces": {
				"north": {"uv": [2.5, 0, 0, 2.75], "texture": "#0"},
				"east": {"uv": [0, 0, 0, 2.75], "texture": "#0"},
				"south": {"uv": [2.5, 0, 0, 2.75], "texture": "#0"},
				"west": {"uv": [0, 0, 0, 2.75], "texture": "#0"},
				"up": {"uv": [2.5, 0, 0, 0], "texture": "#0"},
				"down": {"uv": [2.5, 0, 0, 0], "texture": "#0"}
			}
		},
		{
			"from": [3, 0, 8],
			"to": [13, 11, 8],
			"rotation": {"angle": -22.5, "axis": "x", "origin": [8, 11, 8]},
			"faces": {
				"north": {"uv": [2.5, 0, 0, 2.75], "texture": "#0"},
				"east": {"uv": [0, 0, 0, 2.75], "texture": "#0"},
				"south": {"uv": [0, 0, 2.5, 2.75], "texture": "#0"},
				"west": {"uv": [0, 0, 0, 2.75], "texture": "#0"},
				"up": {"uv": [2.5, 0, 0, 0], "texture": "#0"},
				"down": {"uv": [2.5, 0, 0, 0], "texture": "#0"}
			}
		},
		{
			"from": [8, 0, 3],
			"to": [8, 11, 13],
			"rotation": {"angle": 0, "axis": "y", "origin": [8, 5.5, 8]},
			"faces": {
				"north": {"uv": [0, 0, 0, 2.75], "texture": "#0"},
				"east": {"uv": [0, 0, 2.5, 2.75], "texture": "#0"},
				"south": {"uv": [0, 0, 0, 2.75], "texture": "#0"},
				"west": {"uv": [2.5, 0, 0, 2.75], "texture": "#0"},
				"up": {"uv": [0, 2.5, 0, 0], "texture": "#0"},
				"down": {"uv": [0, 0, 0, 2.5], "texture": "#0"}
			}
		},
		{
			"from": [8, 0, 3],
			"to": [8, 11, 13],
			"rotation": {"angle": -22.5, "axis": "z", "origin": [8, 11, 8]},
			"faces": {
				"north": {"uv": [0, 0, 0, 2.75], "texture": "#0"},
				"east": {"uv": [0, 0, 2.5, 2.75], "texture": "#0"},
				"south": {"uv": [0, 0, 0, 2.75], "texture": "#0"},
				"west": {"uv": [2.5, 0, 0, 2.75], "texture": "#0"},
				"up": {"uv": [0, 2.5, 0, 0], "texture": "#0"},
				"down": {"uv": [0, 0, 0, 2.5], "texture": "#0"}
			}
		},
		{
			"from": [8, 0, 3],
			"to": [8, 11, 13],
			"rotation": {"angle": -45, "axis": "z", "origin": [8, 11, 8]},
			"faces": {
				"north": {"uv": [0, 0, 0, 2.75], "texture": "#0"},
				"east": {"uv": [0, 0, 2.5, 2.75], "texture": "#0"},
				"south": {"uv": [0, 0, 0, 2.75], "texture": "#0"},
				"west": {"uv": [0, 0, 2.5, 2.75], "texture": "#0"},
				"up": {"uv": [0, 2.5, 0, 0], "texture": "#0"},
				"down": {"uv": [0, 0, 0, 2.5], "texture": "#0"}
			}
		},
		{
			"from": [8, 0, 3],
			"to": [8, 11, 13],
			"rotation": {"angle": 22.5, "axis": "z", "origin": [8, 11, 8]},
			"faces": {
				"north": {"uv": [0, 0, 0, 2.75], "texture": "#0"},
				"east": {"uv": [0, 0, 2.5, 2.75], "texture": "#0"},
				"south": {"uv": [0, 0, 0, 2.75], "texture": "#0"},
				"west": {"uv": [2.5, 0, 0, 2.75], "texture": "#0"},
				"up": {"uv": [0, 2.5, 0, 0], "texture": "#0"},
				"down": {"uv": [0, 0, 0, 2.5], "texture": "#0"}
			}
		},
		{
			"from": [8, 0, 3],
			"to": [8, 11, 13],
			"rotation": {"angle": 45, "axis": "z", "origin": [8, 11, 8]},
			"faces": {
				"north": {"uv": [0, 0, 0, 2.75], "texture": "#0"},
				"east": {"uv": [0, 0, 2.5, 2.75], "texture": "#0"},
				"south": {"uv": [0, 0, 0, 2.75], "texture": "#0"},
				"west": {"uv": [2.5, 0, 0, 2.75], "texture": "#0"},
				"up": {"uv": [0, 2.5, 0, 0], "texture": "#0"},
				"down": {"uv": [0, 0, 0, 2.5], "texture": "#0"}
			}
		},
		{
			"from": [3, -3, 8],
			"to": [13, 8, 8],
			"rotation": {"angle": 22.5, "axis": "x", "origin": [8, 8, 8]},
			"faces": {
				"north": {"uv": [2.5, 0, 0, 2.75], "texture": "#0"},
				"east": {"uv": [0, 0, 0, 2.75], "texture": "#0"},
				"south": {"uv": [0, 0, 2.5, 2.75], "texture": "#0"},
				"west": {"uv": [0, 0, 0, 2.75], "texture": "#0"},
				"up": {"uv": [2.5, 0, 0, 0], "texture": "#0"},
				"down": {"uv": [2.5, 0, 0, 0], "texture": "#0"}
			}
		},
		{
			"from": [3, -3, 8],
			"to": [13, 8, 8],
			"rotation": {"angle": 45, "axis": "x", "origin": [8, 8, 8]},
			"faces": {
				"north": {"uv": [2.5, 0, 0, 2.75], "texture": "#0"},
				"east": {"uv": [0, 0, 0, 2.75], "texture": "#0"},
				"south": {"uv": [0, 0, 2.5, 2.75], "texture": "#0"},
				"west": {"uv": [0, 0, 0, 2.75], "texture": "#0"},
				"up": {"uv": [2.5, 0, 0, 0], "texture": "#0"},
				"down": {"uv": [2.5, 0, 0, 0], "texture": "#0"}
			}
		},
		{
			"from": [3, -3, 8],
			"to": [13, 8, 8],
			"rotation": {"angle": -45, "axis": "x", "origin": [8, 8, 8]},
			"faces": {
				"north": {"uv": [2.5, 0, 0, 2.75], "texture": "#0"},
				"east": {"uv": [0, 0, 0, 2.75], "texture": "#0"},
				"south": {"uv": [2.5, 0, 0, 2.75], "texture": "#0"},
				"west": {"uv": [0, 0, 0, 2.75], "texture": "#0"},
				"up": {"uv": [2.5, 0, 0, 0], "texture": "#0"},
				"down": {"uv": [2.5, 0, 0, 0], "texture": "#0"}
			}
		},
		{
			"from": [3, -3, 8],
			"to": [13, 8, 8],
			"rotation": {"angle": 0, "axis": "y", "origin": [8, 2.5, 8]},
			"faces": {
				"north": {"uv": [2.5, 0, 0, 2.75], "texture": "#0"},
				"east": {"uv": [0, 0, 0, 2.75], "texture": "#0"},
				"south": {"uv": [0, 0, 2.5, 2.75], "texture": "#0"},
				"west": {"uv": [0, 0, 0, 2.75], "texture": "#0"},
				"up": {"uv": [2.5, 0, 0, 0], "texture": "#0"},
				"down": {"uv": [2.5, 0, 0, 0], "texture": "#0"}
			}
		},
		{
			"from": [3, -3, 8],
			"to": [13, 8, 8],
			"rotation": {"angle": -22.5, "axis": "x", "origin": [8, 8, 8]},
			"faces": {
				"north": {"uv": [2.5, 0, 0, 2.75], "texture": "#0"},
				"east": {"uv": [0, 0, 0, 2.75], "texture": "#0"},
				"south": {"uv": [0, 0, 2.5, 2.75], "texture": "#0"},
				"west": {"uv": [0, 0, 0, 2.75], "texture": "#0"},
				"up": {"uv": [2.5, 0, 0, 0], "texture": "#0"},
				"down": {"uv": [2.5, 0, 0, 0], "texture": "#0"}
			}
		},
		{
			"from": [8, -3, 3],
			"to": [8, 8, 13],
			"rotation": {"angle": -22.5, "axis": "z", "origin": [8, 8, 8]},
			"faces": {
				"north": {"uv": [0, 0, 0, 2.75], "texture": "#0"},
				"east": {"uv": [0, 0, 2.5, 2.75], "texture": "#0"},
				"south": {"uv": [0, 0, 0, 2.75], "texture": "#0"},
				"west": {"uv": [2.5, 0, 0, 2.75], "texture": "#0"},
				"up": {"uv": [0, 2.5, 0, 0], "texture": "#0"},
				"down": {"uv": [0, 0, 0, 2.5], "texture": "#0"}
			}
		},
		{
			"from": [8, -3, 3],
			"to": [8, 8, 13],
			"rotation": {"angle": -45, "axis": "z", "origin": [8, 8, 8]},
			"faces": {
				"north": {"uv": [0, 0, 0, 2.75], "texture": "#0"},
				"east": {"uv": [0, 0, 2.5, 2.75], "texture": "#0"},
				"south": {"uv": [0, 0, 0, 2.75], "texture": "#0"},
				"west": {"uv": [0, 0, 2.5, 2.75], "texture": "#0"},
				"up": {"uv": [0, 2.5, 0, 0], "texture": "#0"},
				"down": {"uv": [0, 0, 0, 2.5], "texture": "#0"}
			}
		},
		{
			"from": [8, -3, 3],
			"to": [8, 8, 13],
			"rotation": {"angle": 22.5, "axis": "z", "origin": [8, 8, 8]},
			"faces": {
				"north": {"uv": [0, 0, 0, 2.75], "texture": "#0"},
				"east": {"uv": [0, 0, 2.5, 2.75], "texture": "#0"},
				"south": {"uv": [0, 0, 0, 2.75], "texture": "#0"},
				"west": {"uv": [2.5, 0, 0, 2.75], "texture": "#0"},
				"up": {"uv": [0, 2.5, 0, 0], "texture": "#0"},
				"down": {"uv": [0, 0, 0, 2.5], "texture": "#0"}
			}
		},
		{
			"from": [8, -3, 3],
			"to": [8, 8, 13],
			"rotation": {"angle": 45, "axis": "z", "origin": [8, 8, 8]},
			"faces": {
				"north": {"uv": [0, 0, 0, 2.75], "texture": "#0"},
				"east": {"uv": [0, 0, 2.5, 2.75], "texture": "#0"},
				"south": {"uv": [0, 0, 0, 2.75], "texture": "#0"},
				"west": {"uv": [2.5, 0, 0, 2.75], "texture": "#0"},
				"up": {"uv": [0, 2.5, 0, 0], "texture": "#0"},
				"down": {"uv": [0, 0, 0, 2.5], "texture": "#0"}
			}
		},
		{
			"from": [3, -8, 8],
			"to": [13, 3, 8],
			"rotation": {"angle": 22.5, "axis": "x", "origin": [8, 3, 8]},
			"faces": {
				"north": {"uv": [2.5, 0.5, 0, 3.25], "texture": "#0"},
				"east": {"uv": [0, 0.5, 0, 3.25], "texture": "#0"},
				"south": {"uv": [0, 0.5, 2.5, 3.25], "texture": "#0"},
				"west": {"uv": [0, 0.5, 0, 3.25], "texture": "#0"},
				"up": {"uv": [2.5, 0.5, 0, 0.5], "texture": "#0"},
				"down": {"uv": [2.5, 0.5, 0, 0.5], "texture": "#0"}
			}
		},
		{
			"from": [3, -8, 8],
			"to": [13, 3, 8],
			"rotation": {"angle": -22.5, "axis": "x", "origin": [8, 3, 8]},
			"faces": {
				"north": {"uv": [2.5, 0.5, 0, 3.25], "texture": "#0"},
				"east": {"uv": [0, 0.5, 0, 3.25], "texture": "#0"},
				"south": {"uv": [0, 0.5, 2.5, 3.25], "texture": "#0"},
				"west": {"uv": [0, 0.5, 0, 3.25], "texture": "#0"},
				"up": {"uv": [2.5, 0.5, 0, 0.5], "texture": "#0"},
				"down": {"uv": [2.5, 0.5, 0, 0.5], "texture": "#0"}
			}
		},
		{
			"from": [8, -8, 3],
			"to": [8, 3, 13],
			"rotation": {"angle": -22.5, "axis": "z", "origin": [8, 3, 8]},
			"faces": {
				"north": {"uv": [0, 0.5, 0, 3.25], "texture": "#0"},
				"east": {"uv": [0, 0.5, 2.5, 3.25], "texture": "#0"},
				"south": {"uv": [0, 0.5, 0, 3.25], "texture": "#0"},
				"west": {"uv": [2.5, 0.5, 0, 3.25], "texture": "#0"},
				"up": {"uv": [0, 3, 0, 0.5], "texture": "#0"},
				"down": {"uv": [0, 0.5, 0, 3], "texture": "#0"}
			}
		},
		{
			"from": [8, -8, 3],
			"to": [8, 3, 13],
			"rotation": {"angle": 22.5, "axis": "z", "origin": [8, 3, 8]},
			"faces": {
				"north": {"uv": [0, 0.5, 0, 3.25], "texture": "#0"},
				"east": {"uv": [0, 0.5, 2.5, 3.25], "texture": "#0"},
				"south": {"uv": [0, 0.5, 0, 3.25], "texture": "#0"},
				"west": {"uv": [2.5, 0.5, 0, 3.25], "texture": "#0"},
				"up": {"uv": [0, 3, 0, 0.5], "texture": "#0"},
				"down": {"uv": [0, 0.5, 0, 3], "texture": "#0"}
			}
		},
		{
			"from": [8, -12, 3],
			"to": [8, -1, 13],
			"rotation": {"angle": 0, "axis": "y", "origin": [8, -2.5, 8]},
			"faces": {
				"north": {"uv": [0, 0.5, 0, 3.25], "texture": "#0"},
				"east": {"uv": [0, 0.75, 3.25, 4.25], "texture": "#0"},
				"south": {"uv": [0, 0.5, 0, 3.25], "texture": "#0"},
				"west": {"uv": [3.25, 0.75, 0, 4.25], "texture": "#0"},
				"up": {"uv": [0, 3, 0, 0.5], "texture": "#0"},
				"down": {"uv": [0, 0.5, 0, 3], "texture": "#0"}
			}
		},
		{
			"from": [3, -12, 8],
			"to": [13, -1, 8],
			"rotation": {"angle": 0, "axis": "y", "origin": [8, -2.5, 8]},
			"faces": {
				"north": {"uv": [3, 0.5, 0, 3.75], "texture": "#0"},
				"east": {"uv": [0, 0.5, 0, 3.25], "texture": "#0"},
				"south": {"uv": [0, 0.5, 3, 3.75], "texture": "#0"},
				"west": {"uv": [0, 0.5, 0, 3.25], "texture": "#0"},
				"up": {"uv": [2.5, 0.5, 0, 0.5], "texture": "#0"},
				"down": {"uv": [2.5, 0.5, 0, 0.5], "texture": "#0"}
			}
		}
	],
	"display": {
		"thirdperson_righthand": {
			"rotation": [-180, 21, 0],
			"translation": [0, 3.5, 0]
		},
		"thirdperson_lefthand": {
			"rotation": [-180, 21, 0],
			"translation": [0, 3.5, 0]
		},
		"firstperson_righthand": {
			"rotation": [179, -16, 8],
			"translation": [4.5, 2.5, 0],
			"scale": [0.8, 0.8, 0.8]
		},
		"firstperson_lefthand": {
			"rotation": [179, -16, 8],
			"translation": [4.5, 2.5, 0],
			"scale": [0.8, 0.8, 0.8]
		},
		"ground": {
			"translation": [0, 3.25, 0]
		},
		"gui": {
			"rotation": [-18, -31, -37],
			"translation": [1.25, 1.5, 0]
		},
		"fixed": {
			"rotation": [18, -13, 0],
			"translation": [0, -3.25, -3.75],
			"scale": [2, 2, 2]
		}
	}
}