{
	"credit": "Made with Blockbench",
	"texture_size": [32, 32],
	"textures": {
		"0": "item/brush/broom",
		"particle": "item/brush/broom"
	},
	"elements": [
		{
			"from": [7, 11, 7],
			"to": [9, 24, 9],
			"faces": {
				"north": {"uv": [0, 0, 1, 6.5], "texture": "#0"},
				"east": {"uv": [1, 0, 0, 6.5], "texture": "#0"},
				"south": {"uv": [0, 0, 1, 6.5], "texture": "#0"},
				"west": {"uv": [1, 0, 0, 6.5], "texture": "#0"},
				"up": {"uv": [2, 1, 1, 0], "texture": "#0"},
				"down": {"uv": [16, 15, 15, 16], "texture": "#0"}
			}
		},
		{
			"from": [6.9, 10.9, 6.9],
			"to": [9.1, 24.1, 9.1],
			"faces": {
				"north": {"uv": [0, 6.5, 1, 13], "texture": "#0"},
				"east": {"uv": [1, 6.5, 0, 13], "texture": "#0"},
				"south": {"uv": [0, 6.5, 1, 13], "texture": "#0"},
				"west": {"uv": [1, 6.5, 0, 13], "texture": "#0"},
				"up": {"uv": [16, 16, 15, 15], "texture": "#0"},
				"down": {"uv": [16, 15, 15, 16], "texture": "#0"}
			}
		},
		{
			"from": [6, 8, 7],
			"to": [10, 11, 9],
			"faces": {
				"north": {"uv": [1, 1, 3, 2.5], "texture": "#0"},
				"east": {"uv": [2, 1, 1, 2.5], "texture": "#0"},
				"south": {"uv": [1, 1, 3, 2.5], "texture": "#0"},
				"west": {"uv": [2, 1, 1, 2.5], "texture": "#0"},
				"up": {"uv": [3, 3.5, 1, 2.5], "texture": "#0"},
				"down": {"uv": [16, 15, 14, 16], "texture": "#0"}
			}
		},
		{
			"from": [5.85, 7.85, 6.85],
			"to": [10.15, 11.15, 9.15],
			"faces": {
				"north": {"uv": [3, 1, 5, 2.5], "texture": "#0"},
				"east": {"uv": [6, 1, 5, 2.5], "texture": "#0"},
				"south": {"uv": [3, 1, 5, 2.5], "texture": "#0"},
				"west": {"uv": [5, 1, 6, 2.5], "texture": "#0"},
				"up": {"uv": [5, 3.5, 3, 2.5], "texture": "#0"},
				"down": {"uv": [16, 15, 14, 16], "texture": "#0"}
			}
		},
		{
			"from": [5, 0, 7],
			"to": [11, 8, 9],
			"faces": {
				"north": {"uv": [1, 4.5, 4, 8.5], "texture": "#0"},
				"east": {"uv": [4, 4.5, 5, 8.5], "texture": "#0"},
				"south": {"uv": [1, 4.5, 4, 8.5], "texture": "#0"},
				"west": {"uv": [4, 4.5, 5, 8.5], "texture": "#0"},
				"up": {"uv": [5, 1, 2, 0], "texture": "#0"},
				"down": {"uv": [4, 3.5, 1, 4.5], "texture": "#0"}
			}
		},
		{
			"from": [4.85, -0.15, 6.85],
			"to": [11.15, 8.15, 9.15],
			"faces": {
				"north": {"uv": [1, 8.5, 4, 12.5], "texture": "#0"},
				"east": {"uv": [4, 8.5, 5, 12.5], "texture": "#0"},
				"south": {"uv": [4, 8.5, 1, 12.5], "texture": "#0"},
				"west": {"uv": [4, 8.5, 5, 12.5], "texture": "#0"},
				"up": {"uv": [6, 13.5, 3, 12.5], "texture": "#0"},
				"down": {"uv": [3, 12.5, 0, 13.5], "texture": "#0"}
			}
		}
	],
	"display": {
		"thirdperson_righthand": {
			"rotation": [68, 6, 7],
			"translation": [0.5, -2.5, -6.5],
			"scale": [0.8, 0.8, 0.8]
		},
		"thirdperson_lefthand": {
			"rotation": [0, 0, 180],
			"translation": [0, 6, -0.5],
			"scale": [0.8, 0.8, 0.8]
		},
		"firstperson_righthand": {
			"rotation": [177, 49, -2],
			"translation": [3, 5.5, 0],
			"scale": [0.8, 0.8, 0.8]
		},
		"firstperson_lefthand": {
			"rotation": [177, 49, -2],
			"translation": [3, 5.5, 0],
			"scale": [0.8, 0.8, 0.8]
		},
		"ground": {
			"rotation": [90, 0, 0],
			"translation": [0, -2.5, 0],
			"scale": [0.8, 0.8, 0.8]
		},
		"gui": {
			"rotation": [-18, -6, -29],
			"translation": [-0.5, -2.25, 0],
			"scale": [0.7, 0.7, 0.7]
		},
		"fixed": {
			"rotation": [12, 0, 0],
			"translation": [4.25, -0.25, -8],
			"scale": [2, 2, 2]
		}
	}
}