{
	"credit": "Made with Blockbench",
	"textures": {
		"1": "item/brush/brush"
	},
	"elements": [
		{
			"from": [7.25, 0, 7.25],
			"to": [8.75, 8, 8.75],
			"faces": {
				"north": {"uv": [0, 0, 2, 8], "texture": "#1"},
				"east": {"uv": [2, 0, 4, 8], "texture": "#1"},
				"south": {"uv": [4, 0, 6, 8], "texture": "#1"},
				"west": {"uv": [6, 0, 8, 8], "texture": "#1"},
				"up": {"uv": [12, 14, 10, 12], "texture": "#1"},
				"down": {"uv": [14, 10, 12, 12], "texture": "#1"}
			}
		},
		{
			"from": [6, 8, 6],
			"to": [10, 12, 10],
			"faces": {
				"north": {"uv": [0, 8, 4, 12], "texture": "#1"},
				"east": {"uv": [8, 0, 12, 4], "texture": "#1"},
				"south": {"uv": [4, 8, 8, 12], "texture": "#1"},
				"west": {"uv": [8, 4, 12, 8], "texture": "#1"},
				"up": {"uv": [12, 12, 8, 8], "texture": "#1"},
				"down": {"uv": [4, 12, 0, 16], "texture": "#1"}
			}
		},
		{
			"from": [6.75, 7.25, 6.75],
			"to": [9.25, 8, 9.25],
			"faces": {
				"north": {"uv": [0, 8, 4, 12], "texture": "#1"},
				"east": {"uv": [8, 0, 12, 4], "texture": "#1"},
				"south": {"uv": [4, 8, 8, 12], "texture": "#1"},
				"west": {"uv": [8, 4, 12, 8], "texture": "#1"},
				"up": {"uv": [12, 12, 8, 8], "texture": "#1"},
				"down": {"uv": [4, 12, 0, 16], "texture": "#1"}
			}
		},
		{
			"from": [6.5, 12, 6.5],
			"to": [9.5, 14, 9.5],
			"faces": {
				"north": {"uv": [4, 12, 7, 14], "texture": "#1"},
				"east": {"uv": [12, 6, 15, 8], "texture": "#1"},
				"south": {"uv": [7, 12, 10, 14], "texture": "#1"},
				"west": {"uv": [12, 8, 15, 10], "texture": "#1"},
				"up": {"uv": [15, 3, 12, 0], "texture": "#1"},
				"down": {"uv": [15, 3, 12, 6], "texture": "#1"}
			}
		},
		{
			"from": [7, 14, 7.75],
			"to": [8.25, 15, 9],
			"faces": {
				"north": {"uv": [12, 12, 13, 13], "texture": "#1"},
				"east": {"uv": [12, 13, 13, 14], "texture": "#1"},
				"south": {"uv": [13, 12, 14, 13], "texture": "#1"},
				"west": {"uv": [13, 13, 14, 14], "texture": "#1"},
				"up": {"uv": [5, 15, 4, 14], "texture": "#1"},
				"down": {"uv": [6, 14, 5, 15], "texture": "#1"}
			}
		}
	],
	"display": {
		"thirdperson_righthand": {
			"rotation": [-79.14, 5.23, 14.35],
			"translation": [0, 0.5, -0.25],
			"scale": [0.58594, 0.58594, 0.58594]
		},
		"thirdperson_lefthand": {
			"rotation": [-79.14, 5.23, 14.35],
			"translation": [0, 0.5, -0.25],
			"scale": [0.58594, 0.58594, 0.58594]
		},
		"firstperson_righthand": {
			"translation": [0, 2.25, 0],
			"scale": [0.88, 0.88, 0.88]
		},
		"firstperson_lefthand": {
			"translation": [0, 2.25, 0],
			"scale": [0.88, 0.88, 0.88]
		},
		"ground": {
			"rotation": [90, 0, 0],
			"translation": [0, -1, 0],
			"scale": [0.5, 0.5, 0.5]
		},
		"gui": {
			"rotation": [51.96, 21.37, -31.61],
			"scale": [1.23047, 1.23047, 1.23047]
		},
		"head": {
			"rotation": [50.25, 0, 0],
			"translation": [0, 5.5, 5.75],
			"scale": [1.56641, 1.56641, 1.56641]
		},
		"fixed": {
			"rotation": [-7, 0, 0]
		}
	}
}