{
	"credit": "Made with Blockbench",
	"texture_size": [32, 32],
	"textures": {
		"1": "item/brush/brush_walik"
	},
	"elements": [
		{
			"from": [7, 0, 7],
			"to": [9, 7, 9],
			"faces": {
				"north": {"uv": [3, 3, 4, 6.5], "texture": "#1"},
				"east": {"uv": [4, 3, 5, 6.5], "texture": "#1"},
				"south": {"uv": [5, 0, 6, 3.5], "texture": "#1"},
				"west": {"uv": [5, 3.5, 6, 7], "texture": "#1"},
				"up": {"uv": [7.5, 5, 6.5, 4], "texture": "#1"},
				"down": {"uv": [7.5, 5, 6.5, 6], "texture": "#1"}
			}
		},
		{
			"from": [7.65, 7, 7.75],
			"to": [8.4, 12, 8.5],
			"faces": {
				"north": {"uv": [4.5, 0, 5, 2.5], "texture": "#1"},
				"east": {"uv": [6, 3, 6.5, 5.5], "texture": "#1"},
				"south": {"uv": [6, 5.5, 6.5, 8], "texture": "#1"},
				"west": {"uv": [3, 6.5, 3.5, 9], "texture": "#1"},
				"up": {"uv": [5, 3, 4.5, 2.5], "texture": "#1"},
				"down": {"uv": [7.5, 6, 7, 6.5], "texture": "#1"}
			}
		},
		{
			"from": [7.65, 11.25, 8.5],
			"to": [8.4, 12, 13.25],
			"faces": {
				"north": {"uv": [7, 6.5, 7.5, 7], "texture": "#1"},
				"east": {"uv": [6.5, 3, 9, 3.5], "texture": "#1"},
				"south": {"uv": [7, 7, 7.5, 7.5], "texture": "#1"},
				"west": {"uv": [6.5, 3.5, 9, 4], "texture": "#1"},
				"up": {"uv": [4, 9, 3.5, 6.5], "texture": "#1"},
				"down": {"uv": [4.5, 6.5, 4, 9], "texture": "#1"}
			}
		},
		{
			"from": [7.65, 12, 12.5],
			"to": [8.4, 16, 13.25],
			"faces": {
				"north": {"uv": [4.5, 6.5, 5, 8.5], "texture": "#1"},
				"east": {"uv": [6.5, 6, 7, 8], "texture": "#1"},
				"south": {"uv": [5, 7, 5.5, 9], "texture": "#1"},
				"west": {"uv": [5.5, 7, 6, 9], "texture": "#1"},
				"up": {"uv": [0.5, 8, 0, 7.5], "texture": "#1"},
				"down": {"uv": [8, 0, 7.5, 0.5], "texture": "#1"}
			}
		},
		{
			"from": [6.5, 14, 3.5],
			"to": [9.5, 17, 12.5],
			"rotation": {"angle": 45, "axis": "z", "origin": [8, 15.5, 8]},
			"faces": {
				"north": {"uv": [6, 0, 7.5, 1.5], "texture": "#1"},
				"east": {"uv": [0, 0, 4.5, 1.5], "texture": "#1"},
				"south": {"uv": [6, 1.5, 7.5, 3], "texture": "#1"},
				"west": {"uv": [0, 1.5, 4.5, 3], "texture": "#1"},
				"up": {"uv": [1.5, 7.5, 0, 3], "texture": "#1"},
				"down": {"uv": [3, 3, 1.5, 7.5], "texture": "#1"}
			}
		}
	],
	"display": {
		"thirdperson_righthand": {
			"rotation": [0, 75, 0],
			"translation": [0, 1.5, 1.5],
			"scale": [0.78125, 0.78125, 0.78125]
		},
		"thirdperson_lefthand": {
			"rotation": [0, 75, 0],
			"translation": [0, 1.5, 1.5],
			"scale": [0.78125, 0.78125, 0.78125]
		},
		"firstperson_righthand": {
			"rotation": [0, -87.75, 0],
			"translation": [0, -1, 0],
			"scale": [0.84766, 0.84766, 0.84766]
		},
		"firstperson_lefthand": {
			"rotation": [0, -87.75, 0],
			"translation": [0, -1, 0],
			"scale": [0.84766, 0.84766, 0.84766]
		},
		"ground": {
			"rotation": [0, 0, 90]
		},
		"gui": {
			"rotation": [30, 225, 0],
			"translation": [0, -1, 0],
			"scale": [0.85352, 0.85352, 0.85352]
		},
		"head": {
			"rotation": [-90, 0, 0],
			"translation": [0, -3.75, -10],
			"scale": [2.01758, 2.01758, 2.01758]
		},
		"fixed": {
			"rotation": [180, -90, 180]
		}
	}
}