{
    "providers": [
		{
			"type":"bitmap",
			"file":"icons:menu/main_menu.png",
				"ascent":13,
				"height":20,
				"chars":[
					"\uDB80\uDC00\uDB80\uDC01\uDB80\uDC02\uDB80\uDC03\uDB80\uDC04"
				]
		},
		{
			"type":"bitmap",
			"file":"icons:menu/options.png",
				"ascent":13,
				"height":20,
				"chars":[
					"\uDB80\uDC08\uDB80\uDC09\uDB80\uDC0A\uDB80\uDC0B\uDB80\uDC0C\uDB80\uDC0D\uDB80\uDC0E\uDB80\uDC0F\uDB80\uDC10\uDB80\uDC11\uDB80\uDC12\uDB80\uDC13"
				]
		},
		{
			"type":"bitmap",
			"file":"icons:menu/skin_customization.png",
				"ascent":13,
				"height":20,
				"chars":[
					"\uDB80\uDC18\uDB80\uDC19\uDB80\uDC1A\uDB80\uDC1B\uDB80\uDC1C\uDB80\uDC1D\uDB80\uDC1E\uDB80\uDC1F\uDB80\uDC20\uDB80\uDC21\uDB80\uDC22"
				]
		},
		{
			"type":"bitmap",
			"file":"icons:menu/online_options.png",
				"ascent":13,
				"height":20,
				"chars":[
					"\uDB80\uDC28\uDB80\uDC29"
				]
		},
		{
			"type":"bitmap",
			"file":"icons:menu/skin_customization.png",
				"ascent":13,
				"height":20,
				"chars":[
					"\uDB80\uDC2A\uDB80\uDC2B\uDB80\uDC2C\uDB80\uDC2D\uDB80\uDC2E\uDB80\uDC2F\uDB80\uDC30\uDB80\uDC31\uDB80\uDC32\uDB80\uDC33\uDB80\uDC34"
				]
		},
		{
			"type":"bitmap",
			"file":"icons:menu/music_sound_options.png",
				"ascent":13,
				"height":20,
				"chars":[
					"\uDB80\uDC3A\uDB80\uDC3B\uDB80\uDC3C\uDB80\uDC3D\uDB80\uDC3E\uDB80\uDC3F\uDB80\uDC40\uDB80\uDC41\uDB80\uDC42\uDB80\uDC43\uDB80\uDC44\uDB80\uDC45\uDB80\uDC46"
				]
		},
		{
			"type":"bitmap",
			"file":"icons:menu/video_settings.png",
				"ascent":13,
				"height":20,
				"chars":[
					"\uDB80\uDC48\uDB80\uDC49\uDB80\uDC4A\uDB80\uDC4B\uDB80\uDC4C\uDB80\uDC4D\uDB80\uDC4E\uDB80\uDC4F\uDB80\uDC50\uDB80\uDC51\uDB80\uDC52\uDB80\uDC53",
					"\uDB80\uDC54\uDB80\uDC55\uDB80\uDC56\uDB80\uDC57\uDB80\uDC58\uDB80\uDC59\uDB80\uDC5A\uDB80\uDC5B\uDB80\uDC5C\uDB80\uDC5D\uDB80\uDC5E\uDB80\uDC5F",		
					"\uDB80\uDC60\uDB80\uDC61\u0000\u0000\u0000\u0000\u0000\u0000\u0000\u0000\u0000\u0000"
				]
		},
		{
			"type":"bitmap",
			"file":"icons:menu/controls.png",
				"ascent":13,
				"height":20,
				"chars":[
					"\uDB80\uDC70\uDB80\uDC71"
				]
		},
		{
			"type":"bitmap",
			"file":"icons:menu/key_binds.png",
				"ascent":13,
				"height":20,
				"chars":[
					"\uDB80\uDC72\uDB80\uDC73\uDB80\uDC74\uDB80\uDC75\uDB80\uDC76\uDB80\uDC77\uDB80\uDC78"
				]
		},
		{
			"type":"bitmap",
			"file":"icons:menu/chat_settings.png",
				"ascent":13,
				"height":20,
				"chars":[
					"\uDB80\uDC79\uDB80\uDC7A\uDB80\uDC7B\uDB80\uDC7C\uDB80\uDC7D\uDB80\uDC7E\uDB80\uDC7F"
				]
		},
		{
			"type":"bitmap",
			"file":"icons:menu/resource_packs.png",
				"ascent":13,
				"height":20,
				"chars":[
					"\uDB80\uDC80\uDB80\uDC81\uDB80\uDC82"
				]
		},
		{
			"type":"bitmap",
			"file":"icons:menu/on_off.png",
				"ascent":13,
				"height":20,
				"chars":[
					"\uDB80\uDC23\uDB80\uDC24"
				]
		},
		{
			"type":"bitmap",
			"file":"icons:menu/accessibility_settings.png",
				"ascent":13,
				"height":20,
				"chars":[
					"\uDB80\uDC35\uDB80\uDC36\uDB80\uDC37\uDB80\uDC38\uDB80\uDC39"
				]
		},
		{
			"type":"bitmap",
			"file":"icons:menu/escape_menu.png",
				"ascent":13,
				"height":20,
				"chars":[
					"\uDB80\uDC83\uDB80\uDC84\uDB80\uDC85\uDB80\uDC86\uDB80\uDC87\uDB80\uDC88\uDB80\uDC89"
				]
		},
		{
			"type":"bitmap",
			"file":"icons:menu/sleep.png",
				"ascent":13,
				"height":20,
				"chars":[
					"\uDB80\uDC47"
				]
		},
		{
			"type":"bitmap",
			"file":"icons:menu/world_creation.png",
				"ascent":13,
				"height":20,
				"chars":[
					"\uDB80\uDC62\uDB80\uDC63\uDB80\uDC64\uDB80\uDC65\uDB80\uDC66\uDB80\uDC67\uDB80\uDC68\uDB80\uDC69\uDB80\uDC6A\uDB90\uDC6B\uDB90\uDC6C\uDB90\uDC6D",
					"\uDB90\uDC6E\uDB90\uDC6F\uDB90\uDC70\uDB90\uDC71\uDB90\uDC72\u0000\u0000\u0000\u0000\u0000\u0000\u0000"
				]
		},
		{
			"type":"bitmap",
			"file":"icons:menu/singleplayer.png",
				"ascent":13,
				"height":20,
				"chars":[
					"\uDB80\uDC14\uDB80\uDC15\uDB80\uDC16\uDB80\uDC17"
				]
		},
		{
			"type":"bitmap",
			"file":"icons:menu/multiplayer.png",
				"ascent":13,
				"height":20,
				"chars":[
					"\uDB80\uDC05\uDB80\uDC06"
				]
		},
		{
			"type":"bitmap",
			"file":"icons:menu/online_options.png",
				"ascent":13,
				"height":20,
				"chars":[
					"\uDB80\uDC07"
				]
		},
		{
			"type":"bitmap",
			"file":"icons:menu/game_rules.png",
				"ascent":13,
				"height":20,
				"chars":[
					"\uDB80\uDC8A\uDB80\uDC8B\uDB80\uDC8C\uDB80\uDC8D\uDB80\uDC8E\uDB80\uDC8F\uDB80\uDC90"
				]
		},		
		{
			"type": "bitmap",
			"file": "icons:menu/gamemenulogo.png",
				"ascent": 0,
				"height": 24,
				"chars": [
				"\uDB80\uDC25"
			]
		},
		{
			"type": "bitmap",
			"file": "icons:menu/death.png",
				"ascent": 15,
				"height": 19,
				"chars": [
				"\uDBE8\uDCF5\uDBE8\uDCF6"
			]
		},		
        {
         "type": "bitmap",
         "file": "icons:menu/modded.png",
         "ascent": 6,
         "height": 6,
         "chars": [
			 "\uDBE8\uDD90"
            ]
        }		
    ]
}
