{
	"credit": "Made with Blockbench",
	"texture_size": [32, 32],
	"textures": {
		"0": "item/carved_pumpkin/aqualang2",
		"particle": "item/carved_pumpkin/aqualang2"
	},
	"elements": [
		{
			"from": [4, 7, 4],
			"to": [12, 15, 12],
			"rotation": {"angle": 0, "axis": "y", "origin": [12, 15, 20]},
			"faces": {
				"north": {"uv": [8, 0, 12, 4], "texture": "#0"},
				"east": {"uv": [4, 0, 0, 4], "texture": "#0"},
				"south": {"uv": [4, 0, 8, 4], "texture": "#0"},
				"west": {"uv": [0, 0, 4, 4], "texture": "#0"},
				"up": {"uv": [12, 0, 16, 4], "rotation": 180, "texture": "#0"},
				"down": {"uv": [12, 4, 16, 8], "texture": "#0"}
			}
		},
		{
			"from": [5, 6, 5],
			"to": [11, 7, 11],
			"rotation": {"angle": 0, "axis": "y", "origin": [12, 15, 20]},
			"faces": {
				"north": {"uv": [12.5, 7.5, 15.5, 8], "texture": "#0"},
				"east": {"uv": [15.5, 7.5, 12.5, 8], "texture": "#0"},
				"south": {"uv": [12.5, 7.5, 15.5, 8], "texture": "#0"},
				"west": {"uv": [12.5, 7.5, 15.5, 8], "texture": "#0"}
			}
		},
		{
			"from": [4, 5, 4],
			"to": [12, 6, 12],
			"rotation": {"angle": 0, "axis": "y", "origin": [12, 15, 20]},
			"faces": {
				"north": {"uv": [0, 15.5, 4, 16], "texture": "#0"},
				"east": {"uv": [8, 15.5, 4, 16], "texture": "#0"},
				"south": {"uv": [0, 15.5, 4, 16], "texture": "#0"},
				"west": {"uv": [4, 16, 8, 15.5], "texture": "#0"},
				"up": {"uv": [8, 12, 12, 16], "rotation": 180, "texture": "#0"},
				"down": {"uv": [8, 12, 12, 16], "texture": "#0"}
			}
		},
		{
			"from": [12, 7, 4],
			"to": [4, 15, 12],
			"rotation": {"angle": 0, "axis": "y", "origin": [12, 15, 20]},
			"faces": {
				"north": {"uv": [8, 0, 12, 4], "texture": "#0"},
				"east": {"uv": [4, 0, 0, 4], "texture": "#0"},
				"south": {"uv": [4, 0, 8, 4], "texture": "#0"},
				"west": {"uv": [0, 0, 4, 4], "texture": "#0"},
				"up": {"uv": [12, 0, 16, 4], "rotation": 180, "texture": "#0"},
				"down": {"uv": [12, 4, 16, 8], "texture": "#0"}
			}
		},
		{
			"from": [5, 8, 3],
			"to": [11, 14, 4],
			"rotation": {"angle": 0, "axis": "y", "origin": [14, 13, 11]},
			"faces": {
				"north": {"uv": [0, 9.5, 3, 12.5], "texture": "#0"},
				"east": {"uv": [3, 9.5, 3.5, 12.5], "texture": "#0"},
				"west": {"uv": [3.5, 9.5, 3, 12.5], "texture": "#0"},
				"up": {"uv": [3.5, 9.5, 4, 12.5], "rotation": 270, "texture": "#0"},
				"down": {"uv": [3, 9.5, 3.5, 12.5], "texture": "#0"}
			}
		},
		{
			"from": [11, 8, 3],
			"to": [5, 14, 4],
			"rotation": {"angle": 0, "axis": "y", "origin": [14, 13, 11]},
			"faces": {
				"north": {"uv": [3, 9.5, 0, 12.5], "texture": "#0"},
				"east": {"uv": [3.5, 9.5, 4, 12.5], "texture": "#0"},
				"west": {"uv": [4, 9.5, 3.5, 12.5], "texture": "#0"},
				"up": {"uv": [2.5, 9.5, 3, 12.5], "rotation": 270, "texture": "#0"},
				"down": {"uv": [3, 9.5, 3.5, 12.5], "texture": "#0"}
			}
		},
		{
			"from": [12, 9, 6],
			"to": [13, 13, 10],
			"rotation": {"angle": 0, "axis": "y", "origin": [8, 11, 3.5]},
			"faces": {
				"north": {"uv": [2.5, 4, 2, 6], "texture": "#0"},
				"east": {"uv": [0, 4, 2, 6], "texture": "#0"},
				"south": {"uv": [2, 4, 2.5, 6], "texture": "#0"},
				"up": {"uv": [3, 4, 3.5, 6], "texture": "#0"},
				"down": {"uv": [2.5, 4, 3, 6], "rotation": 270, "texture": "#0"}
			}
		},
		{
			"from": [12, 9, 10],
			"to": [13, 13, 6],
			"rotation": {"angle": 0, "axis": "y", "origin": [8, 11, 3.5]},
			"faces": {
				"north": {"uv": [2.5, 4, 2, 6], "texture": "#0"},
				"east": {"uv": [2, 4, 0, 6], "texture": "#0"},
				"south": {"uv": [2, 4, 2.5, 6], "texture": "#0"},
				"up": {"uv": [3, 4, 3.5, 6], "texture": "#0"},
				"down": {"uv": [2.5, 4, 3, 6], "rotation": 270, "texture": "#0"}
			}
		},
		{
			"from": [3, 9, 6],
			"to": [4, 13, 10],
			"rotation": {"angle": 0, "axis": "y", "origin": [12.5, 11, 8]},
			"faces": {
				"north": {"uv": [2, 4, 2.5, 6], "texture": "#0"},
				"south": {"uv": [2.5, 4, 2, 6], "texture": "#0"},
				"west": {"uv": [0, 4, 2, 6], "texture": "#0"},
				"up": {"uv": [3, 4, 3.5, 6], "rotation": 180, "texture": "#0"},
				"down": {"uv": [2.5, 4, 3, 6], "rotation": 90, "texture": "#0"}
			}
		},
		{
			"from": [6.5, 15, 4],
			"to": [9.5, 18, 5],
			"rotation": {"angle": -22.5, "axis": "x", "origin": [6.5, 15, 5]},
			"faces": {
				"north": {"uv": [3.5, 12.5, 5, 14], "texture": "#0"},
				"east": {"uv": [5, 12.5, 5.5, 14], "texture": "#0"},
				"south": {"uv": [8, 12.5, 6.5, 14], "texture": "#0"},
				"west": {"uv": [5, 12.5, 5.5, 14], "texture": "#0"},
				"up": {"uv": [5.5, 12.5, 6, 14], "rotation": 90, "texture": "#0"},
				"down": {"uv": [6, 12.5, 6.5, 14], "rotation": 90, "texture": "#0"}
			}
		},
		{
			"from": [3, 9, 10],
			"to": [4, 13, 6],
			"rotation": {"angle": 0, "axis": "y", "origin": [12.5, 11, 8]},
			"faces": {
				"north": {"uv": [2, 4, 2.5, 6], "texture": "#0"},
				"south": {"uv": [2.5, 4, 2, 6], "texture": "#0"},
				"west": {"uv": [2, 4, 0, 6], "texture": "#0"},
				"up": {"uv": [3, 4, 3.5, 6], "rotation": 180, "texture": "#0"},
				"down": {"uv": [2.5, 4, 3, 6], "rotation": 90, "texture": "#0"}
			}
		},
		{
			"from": [8, 15, 6],
			"to": [8, 17, 10],
			"rotation": {"angle": 0, "axis": "y", "origin": [8, 16, 8]},
			"faces": {
				"north": {"uv": [2.5, 7, 2.75, 8], "texture": "#0"},
				"east": {"uv": [0, 6, 2, 7], "texture": "#0"},
				"south": {"uv": [2.75, 7, 2.5, 8], "texture": "#0"},
				"west": {"uv": [0, 6, 2, 7], "texture": "#0"},
				"up": {"uv": [2.5, 7.5, 3.5, 8], "rotation": 90, "texture": "#0"},
				"down": {"uv": [1.75, 3.5, 2, 4], "rotation": 90, "texture": "#0"}
			}
		},
		{
			"from": [7.5, 10.75, 12],
			"to": [8.5, 11.75, 15],
			"rotation": {"angle": 0, "axis": "x", "origin": [11.5, 16.25, 14]},
			"faces": {
				"east": {"uv": [0.5, 12.5, 1, 14], "rotation": 270, "texture": "#0"},
				"south": {"uv": [0.5, 14, 1, 14.5], "texture": "#0"},
				"west": {"uv": [0.5, 12.5, 1, 14], "rotation": 90, "texture": "#0"},
				"up": {"uv": [0, 12.5, 0.5, 14], "rotation": 180, "texture": "#0"},
				"down": {"uv": [0, 12.5, 0.5, 14], "texture": "#0"}
			}
		},
		{
			"from": [5.5, 8.75, 14],
			"to": [10.5, 13.75, 14],
			"rotation": {"angle": 0, "axis": "x", "origin": [11.5, 16.25, 14]},
			"faces": {
				"north": {"uv": [1, 12.5, 3.5, 15], "texture": "#0"},
				"east": {"uv": [2.75, 7, 2.5, 8], "rotation": 270, "texture": "#0"},
				"south": {"uv": [1, 12.5, 3.5, 15], "texture": "#0"},
				"west": {"uv": [2.5, 7, 2.75, 8], "rotation": 90, "texture": "#0"},
				"up": {"uv": [0, 6, 2, 7], "rotation": 180, "texture": "#0"},
				"down": {"uv": [0, 6, 2, 7], "texture": "#0"}
			}
		},
		{
			"from": [6.5, 9.75, 12],
			"to": [9.5, 12.75, 13],
			"rotation": {"angle": 0, "axis": "y", "origin": [8, 11.25, 12.5]},
			"faces": {
				"east": {"uv": [16, 14.5, 15.5, 16], "texture": "#0"},
				"south": {"uv": [14.5, 14.5, 16, 16], "texture": "#0"},
				"west": {"uv": [15, 14.5, 15.5, 16], "texture": "#0"},
				"up": {"uv": [14.5, 14.5, 15, 16], "rotation": 90, "texture": "#0"},
				"down": {"uv": [15.5, 14.5, 16, 16], "rotation": 90, "texture": "#0"}
			}
		},
		{
			"from": [4, 2, 6],
			"to": [12, 5, 6],
			"rotation": {"angle": 0, "axis": "y", "origin": [14, 13, 11]},
			"faces": {
				"north": {"uv": [3.5, 4.5, 7.5, 6], "texture": "#0"},
				"east": {"uv": [2.5, 7, 2.75, 8], "texture": "#0"},
				"south": {"uv": [3.5, 4, 7.5, 6], "texture": "#0"},
				"west": {"uv": [2.75, 7, 2.5, 8], "texture": "#0"},
				"up": {"uv": [2.5, 7.5, 3.5, 8], "rotation": 180, "texture": "#0"},
				"down": {"uv": [1.75, 3.5, 2, 4], "texture": "#0"}
			}
		},
		{
			"from": [4, 2, 10],
			"to": [12, 5, 10],
			"rotation": {"angle": 0, "axis": "y", "origin": [14, 13, 11]},
			"faces": {
				"north": {"uv": [3.5, 4.5, 7.5, 6], "texture": "#0"},
				"east": {"uv": [2.5, 7, 2.75, 8], "texture": "#0"},
				"south": {"uv": [3.5, 4.5, 7.5, 6], "texture": "#0"},
				"west": {"uv": [2.75, 7, 2.5, 8], "texture": "#0"},
				"up": {"uv": [2.5, 7.5, 3.5, 8], "rotation": 180, "texture": "#0"},
				"down": {"uv": [1.75, 3.5, 2, 4], "texture": "#0"}
			}
		}
	],
	"display": {
		"thirdperson_righthand": {
			"rotation": [-33, 6, 3],
			"translation": [0, 1.5, -0.25]
		},
		"thirdperson_lefthand": {
			"rotation": [-33, 6, 3],
			"translation": [0, 1.5, -0.25]
		},
		"firstperson_righthand": {
			"rotation": [-31, 17, -3],
			"translation": [0, -3, 0]
		},
		"firstperson_lefthand": {
			"rotation": [-31, 17, -3],
			"translation": [0, -3, 0]
		},
		"ground": {
			"translation": [0, 3, 0]
		},
		"gui": {
			"rotation": [30, 135, 0],
			"translation": [0, -1.25, 0],
			"scale": [0.95, 0.95, 0.95]
		},
		"head": {
			"translation": [0, -5, 0],
			"scale": [1.9, 1.9, 1.9]
		},
		"fixed": {
			"rotation": [-90, 0, 0],
			"translation": [0, 0, -4.75],
			"scale": [1.58, 1.58, 1.58]
		}
	},
	"groups": [
		0,
		1,
		2,
		3,
		4,
		5,
		6,
		7,
		8,
		9,
		10,
		11,
		{
			"name": "group",
			"origin": [11, 16, 8],
			"color": 0,
			"children": [12, 13, 14]
		},
		15,
		16
	]
}