{
	"credit": "Made with Blockbench",
	"texture_size": [64, 32],
	"textures": {
		"0": "item/carved_pumpkin/anklave",
		"particle": "item/carved_pumpkin/anklave"
	},
	"elements": [
		{
			"from": [2, 0, 13],
			"to": [14, 7, 13],
			"rotation": {"angle": 0, "axis": "y", "origin": [9, 15, 9]},
			"faces": {
				"north": {"uv": [11, 0, 8, 3.5], "texture": "#0"},
				"east": {"uv": [13.5, 0, 16, 3], "texture": "#0"},
				"south": {"uv": [8, 0, 11, 3.5], "texture": "#0"},
				"west": {"uv": [13.5, 0, 16, 3], "texture": "#0"},
				"up": {"uv": [9.5, 6, 13.5, 11], "rotation": 180, "texture": "#0"}
			}
		},
		{
			"from": [14, 0, 11],
			"to": [14, 6, 13],
			"rotation": {"angle": 0, "axis": "y", "origin": [9, 15, 9]},
			"faces": {
				"north": {"uv": [10.5, 0, 8, 3], "texture": "#0"},
				"east": {"uv": [11.5, 0.5, 11, 3.5], "texture": "#0"},
				"south": {"uv": [8, 0, 10.5, 3], "texture": "#0"},
				"west": {"uv": [11, 0.5, 11.5, 3.5], "texture": "#0"},
				"up": {"uv": [9.5, 6, 13.5, 11], "rotation": 180, "texture": "#0"}
			}
		},
		{
			"from": [2, 0, 5],
			"to": [4, 4, 5],
			"rotation": {"angle": 0, "axis": "y", "origin": [2, 3, 5]},
			"faces": {
				"north": {"uv": [11.5, 4.5, 11, 6.5], "texture": "#0"},
				"east": {"uv": [10.5, 0, 8, 3], "texture": "#0"},
				"south": {"uv": [11, 4.5, 11.5, 6.5], "texture": "#0"},
				"west": {"uv": [8, 0, 10.5, 3], "texture": "#0"},
				"up": {"uv": [9.5, 6, 13.5, 11], "rotation": 270, "texture": "#0"}
			}
		},
		{
			"from": [12, 0, 5],
			"to": [14, 4, 5],
			"rotation": {"angle": 0, "axis": "y", "origin": [2, 3, 5]},
			"faces": {
				"north": {"uv": [11, 4.5, 11.5, 6.5], "texture": "#0"},
				"east": {"uv": [10.5, 0, 8, 3], "texture": "#0"},
				"south": {"uv": [11.5, 4.5, 11, 6.5], "texture": "#0"},
				"west": {"uv": [8, 0, 10.5, 3], "texture": "#0"},
				"up": {"uv": [9.5, 6, 13.5, 11], "rotation": 270, "texture": "#0"}
			}
		},
		{
			"from": [2, 0, 11],
			"to": [2, 6, 13],
			"rotation": {"angle": 0, "axis": "y", "origin": [9, 15, 9]},
			"faces": {
				"north": {"uv": [10.5, 0, 8, 3], "texture": "#0"},
				"east": {"uv": [11.5, 0.5, 11, 3.5], "texture": "#0"},
				"south": {"uv": [8, 0, 10.5, 3], "texture": "#0"},
				"west": {"uv": [11, 0.5, 11.5, 3.5], "texture": "#0"},
				"up": {"uv": [9.5, 6, 13.5, 11], "rotation": 180, "texture": "#0"}
			}
		},
		{
			"from": [14, -1, 5],
			"to": [17, 6, 11],
			"rotation": {"angle": 0, "axis": "y", "origin": [9, 15, 9]},
			"faces": {
				"north": {"uv": [10.25, 3.5, 11, 7], "texture": "#0"},
				"east": {"uv": [8.75, 3.5, 10.25, 7], "texture": "#0"},
				"south": {"uv": [8, 3.5, 8.75, 7], "texture": "#0"},
				"up": {"uv": [8, 7, 8.75, 10], "rotation": 180, "texture": "#0"}
			}
		},
		{
			"from": [17, -1, 5],
			"to": [14, 6, 11],
			"rotation": {"angle": 0, "axis": "y", "origin": [9, 15, 9]},
			"faces": {
				"north": {"uv": [11, 3.5, 10.25, 7], "texture": "#0"},
				"south": {"uv": [8.75, 3.5, 8, 7], "texture": "#0"},
				"west": {"uv": [8.75, 3.5, 10.25, 7], "texture": "#0"},
				"up": {"uv": [8.75, 7, 8, 10], "rotation": 180, "texture": "#0"}
			}
		},
		{
			"from": [-1, -1, 5],
			"to": [2, 6, 11],
			"rotation": {"angle": 0, "axis": "y", "origin": [9, 15, 9]},
			"faces": {
				"north": {"uv": [11, 3.5, 10.25, 7], "texture": "#0"},
				"south": {"uv": [8.75, 3.5, 8, 7], "texture": "#0"},
				"west": {"uv": [10.25, 3.5, 8.75, 7], "texture": "#0"},
				"up": {"uv": [8.75, 7, 8, 10], "rotation": 180, "texture": "#0"}
			}
		},
		{
			"from": [2, -1, 5],
			"to": [-1, 6, 11],
			"rotation": {"angle": 0, "axis": "y", "origin": [9, 15, 9]},
			"faces": {
				"north": {"uv": [10.25, 3.5, 11, 7], "texture": "#0"},
				"east": {"uv": [8.75, 3.5, 10.25, 7], "texture": "#0"},
				"south": {"uv": [8, 3.5, 8.75, 7], "texture": "#0"},
				"up": {"uv": [8, 7, 8.75, 10], "rotation": 180, "texture": "#0"}
			}
		},
		{
			"from": [4, 2, 4],
			"to": [12, 10, 12],
			"rotation": {"angle": 0, "axis": "y", "origin": [9, 15, 9]},
			"faces": {
				"north": {"uv": [2, 4, 4, 8], "texture": "#0"},
				"east": {"uv": [0, 4, 2, 8], "texture": "#0"},
				"south": {"uv": [6, 4, 8, 8], "texture": "#0"},
				"west": {"uv": [4, 4, 6, 8], "texture": "#0"},
				"up": {"uv": [2, 0, 4, 4], "rotation": 180, "texture": "#0"},
				"down": {"uv": [6, 0, 4, 4], "texture": "#0"}
			}
		},
		{
			"from": [3.75, 1.75, 3.75],
			"to": [12.25, 10.25, 12.25],
			"rotation": {"angle": 0, "axis": "y", "origin": [9, 15, 9]},
			"faces": {
				"north": {"uv": [2, 12, 4, 16], "texture": "#0"},
				"east": {"uv": [0, 12, 2, 16], "texture": "#0"},
				"south": {"uv": [6, 12, 8, 16], "texture": "#0"},
				"west": {"uv": [4, 12, 6, 16], "texture": "#0"},
				"up": {"uv": [2, 8, 4, 12], "rotation": 180, "texture": "#0"},
				"down": {"uv": [6, 8, 4, 12], "texture": "#0"}
			}
		},
		{
			"from": [12.25, 1.75, 3.75],
			"to": [3.75, 10.25, 12.25],
			"rotation": {"angle": 0, "axis": "y", "origin": [9, 15, 9]},
			"faces": {
				"north": {"uv": [4, 12, 2, 16], "texture": "#0"},
				"east": {"uv": [6, 12, 4, 16], "texture": "#0"},
				"south": {"uv": [8, 12, 6, 16], "texture": "#0"},
				"west": {"uv": [2, 12, 0, 16], "texture": "#0"},
				"up": {"uv": [4, 8, 2, 12], "rotation": 180, "texture": "#0"},
				"down": {"uv": [6, 8, 4, 12], "texture": "#0"}
			}
		},
		{
			"from": [7, 3, 3],
			"to": [9, 6, 4],
			"faces": {
				"north": {"uv": [0.25, 0.5, 0.75, 2], "texture": "#0"},
				"east": {"uv": [0, 0.5, 0.25, 2], "texture": "#0"},
				"west": {"uv": [0.75, 0.5, 1, 2], "texture": "#0"},
				"up": {"uv": [0.25, 0, 0.75, 0.5], "rotation": 180, "texture": "#0"},
				"down": {"uv": [0.75, 0, 1.25, 0.5], "rotation": 180, "texture": "#0"}
			}
		},
		{
			"from": [12, 3, 6],
			"to": [13, 6, 9],
			"faces": {
				"north": {"uv": [0.75, 2, 1, 3.5], "texture": "#0"},
				"east": {"uv": [0, 2, 0.75, 3.5], "texture": "#0"},
				"south": {"uv": [0, 3.5, 0.75, 4], "rotation": 270, "texture": "#0"},
				"up": {"uv": [0.75, 2, 1, 3.5], "texture": "#0"},
				"down": {"uv": [0, 3.5, 0.75, 4], "rotation": 90, "texture": "#0"}
			}
		},
		{
			"from": [3, 3, 6],
			"to": [4, 6, 9],
			"faces": {
				"north": {"uv": [0.75, 2, 1, 3.5], "texture": "#0"},
				"south": {"uv": [0, 3.5, 0.75, 4], "rotation": 270, "texture": "#0"},
				"west": {"uv": [0, 2, 0.75, 3.5], "rotation": 270, "texture": "#0"},
				"up": {"uv": [0.75, 2, 1, 3.5], "texture": "#0"},
				"down": {"uv": [0, 3.5, 0.75, 4], "rotation": 90, "texture": "#0"}
			}
		}
	],
	"display": {
		"thirdperson_righthand": {
			"rotation": [-22, 0, -16],
			"translation": [1.5, 4.25, -2.5]
		},
		"thirdperson_lefthand": {
			"rotation": [-22, 0, -16],
			"translation": [1.5, 4.25, -2.5]
		},
		"firstperson_righthand": {
			"rotation": [-64, 19, -10],
			"translation": [0, -0.5, 0]
		},
		"firstperson_lefthand": {
			"rotation": [-64, 19, -10],
			"translation": [0, -0.5, 0]
		},
		"ground": {
			"translation": [0, 5.5, 0]
		},
		"gui": {
			"rotation": [30, 132, 0],
			"translation": [0, 2.75, 0],
			"scale": [0.9, 0.9, 0.9]
		},
		"head": {
			"translation": [0, 4, 0],
			"scale": [1.9, 1.9, 1.9]
		},
		"fixed": {
			"rotation": [-90, 0, 0],
			"translation": [0, 0, -12.5],
			"scale": [1.58, 1.58, 1.58]
		}
	},
	"groups": [
		{
			"name": "group",
			"origin": [9, 15, 9],
			"color": 0,
			"children": [0, 1, 2, 3, 4, 5, 6, 7, 8]
		},
		{
			"name": "group",
			"origin": [0, 0, 0],
			"color": 0,
			"children": [9, 10, 11, 12, 13, 14]
		}
	]
}