{
	"credit": "Made with Blockbench",
	"textures": {
		"particle": "item/carved_pumpkin/antlers"
	},
	"elements": [
		{
			"from": [4, -2, 7],
			"to": [12, 3, 9],
			"rotation": {"angle": 0, "axis": "x", "origin": [8, 9, 8]},
			"faces": {
				"east": {"uv": [0, 11, 2, 16], "texture": "#particle"},
				"west": {"uv": [0, 11, 2, 16], "texture": "#particle"},
				"up": {"uv": [0, 11, 8, 9], "texture": "#particle"}
			}
		},
		{
			"from": [12, -2, 7],
			"to": [4, 3, 9],
			"rotation": {"angle": 0, "axis": "x", "origin": [8, 9, 8]},
			"faces": {
				"east": {"uv": [2, 11, 0, 16], "texture": "#particle"},
				"west": {"uv": [2, 11, 0, 16], "texture": "#particle"},
				"up": {"uv": [8, 11, 0, 9], "texture": "#particle"}
			}
		},
		{
			"from": [-4, 2, 8],
			"to": [5, 10, 8],
			"faces": {
				"north": {"uv": [0, 0, 9, 8], "texture": "#particle"},
				"south": {"uv": [9, 0, 0, 8], "texture": "#particle"}
			}
		},
		{
			"from": [11, 2, 8],
			"to": [20, 10, 8],
			"faces": {
				"north": {"uv": [9, 0, 0, 8], "texture": "#particle"},
				"south": {"uv": [0, 0, 9, 8], "texture": "#particle"}
			}
		}
	],
	"display": {
		"thirdperson_righthand": {
			"rotation": [40, -175, 0],
			"translation": [0, 2.75, 3.25]
		},
		"thirdperson_lefthand": {
			"rotation": [40, -175, 0],
			"translation": [0, 2.75, 3.25]
		},
		"firstperson_righthand": {
			"rotation": [-15, 10, -12.5],
			"translation": [2, 5.25, -0.5]
		},
		"firstperson_lefthand": {
			"rotation": [-15, 10, -12.5],
			"translation": [2, 5.25, -0.5]
		},
		"ground": {
			"rotation": [90, 0, 0],
			"translation": [0, 1, 3.5]
		},
		"gui": {
			"rotation": [35, 135, 0],
			"translation": [0, 2.25, 0],
			"scale": [0.75, 0.75, 0.75]
		},
		"head": {
			"translation": [0, 14.425, 0],
			"scale": [1.6025, 1.6025, 1.6025]
		},
		"fixed": {
			"translation": [0, 10, 0],
			"scale": [2, 2, 2]
		}
	}
}