{
	"credit": "Made with Blockbench",
	"parent": "anubis",
	"texture_size": [32, 32],
	"textures": {
		"0": "item/carved_pumpkin/anubis",
		"particle": "item/carved_pumpkin/anubis"
	},
	"elements": [
		{
			"from": [4, 0, 5],
			"to": [12, 10, 13],
			"faces": {
				"north": {"uv": [12, 4, 16, 9], "texture": "#0"},
				"east": {"uv": [8, 4, 12, 9], "texture": "#0"},
				"south": {"uv": [0, 9, 4, 14], "texture": "#0"},
				"west": {"uv": [12, 4, 8, 9], "texture": "#0"},
				"up": {"uv": [12, 4, 8, 0], "texture": "#0"},
				"down": {"uv": [16, 0, 12, 4], "texture": "#0"}
			}
		},
		{
			"from": [3.75, -0.25, 4.75],
			"to": [12.25, 10.25, 13.25],
			"faces": {
				"east": {"uv": [0, 4, 4, 9], "texture": "#0"},
				"south": {"uv": [4, 4, 8, 9], "texture": "#0"},
				"west": {"uv": [4, 4, 0, 9], "texture": "#0"}
			}
		},
		{
			"from": [12.25, -0.25, 4.75],
			"to": [3.75, 10.25, 13.25],
			"faces": {
				"east": {"uv": [0, 4, 4, 9], "texture": "#0"},
				"south": {"uv": [4, 4, 8, 9], "texture": "#0"},
				"west": {"uv": [4, 4, 0, 9], "texture": "#0"}
			}
		},
		{
			"from": [4, -4, 5],
			"to": [4, 0, 7],
			"faces": {
				"east": {"uv": [1, 0, 0, 2], "texture": "#0"},
				"west": {"uv": [0, 0, 1, 2], "texture": "#0"}
			}
		},
		{
			"from": [6, 0, 1],
			"to": [6, 2, 3],
			"faces": {
				"east": {"uv": [0, 2, 1, 3], "texture": "#0"},
				"west": {"uv": [1, 2, 0, 3], "texture": "#0"}
			}
		},
		{
			"from": [10, 0, 1],
			"to": [10, 2, 3],
			"faces": {
				"east": {"uv": [0, 2, 1, 3], "texture": "#0"},
				"west": {"uv": [1, 2, 0, 3], "texture": "#0"}
			}
		},
		{
			"from": [12, -4, 5],
			"to": [12, 0, 7],
			"rotation": {"angle": 0, "axis": "y", "origin": [16, 0, 0]},
			"faces": {
				"east": {"uv": [1, 0, 0, 2], "texture": "#0"},
				"west": {"uv": [0, 0, 1, 2], "texture": "#0"}
			}
		},
		{
			"from": [3, 7, 6],
			"to": [7, 14, 8],
			"rotation": {"angle": 0, "axis": "y", "origin": [16, 0, 0]},
			"faces": {
				"north": {"uv": [4, 0, 2, 3.5], "texture": "#0"},
				"east": {"uv": [5, 0, 4, 3.5], "texture": "#0"},
				"south": {"uv": [7, 0, 5, 3.5], "texture": "#0"},
				"west": {"uv": [2, 0, 1, 3.5], "texture": "#0"},
				"up": {"uv": [7, 2, 8, 0], "rotation": 90, "texture": "#0"},
				"down": {"uv": [2, 3, 4, 3.5], "texture": "#0"}
			}
		},
		{
			"from": [9, 7, 6],
			"to": [13, 14, 8],
			"rotation": {"angle": 0, "axis": "y", "origin": [16, 0, 0]},
			"faces": {
				"north": {"uv": [2, 0, 4, 3.5], "texture": "#0"},
				"east": {"uv": [1, 0, 2, 3.5], "texture": "#0"},
				"south": {"uv": [5, 0, 7, 3.5], "texture": "#0"},
				"west": {"uv": [4, 0, 5, 3.5], "texture": "#0"},
				"up": {"uv": [7, 0, 8, 2], "rotation": 90, "texture": "#0"},
				"down": {"uv": [2, 3, 4, 3.5], "texture": "#0"}
			}
		},
		{
			"from": [6, 2, 0],
			"to": [10, 6, 5],
			"faces": {
				"north": {"uv": [6.5, 11.5, 8.5, 13.5], "texture": "#0"},
				"east": {"uv": [4, 11.5, 6.5, 13.5], "texture": "#0"},
				"west": {"uv": [6.5, 11.5, 4, 13.5], "texture": "#0"},
				"up": {"uv": [6.5, 11.5, 8.5, 9], "texture": "#0"},
				"down": {"uv": [8.5, 9, 10.5, 11.5], "texture": "#0"}
			}
		}
	],
	"display": {
		"thirdperson_righthand": {
			"rotation": [-25, 0, -15],
			"translation": [2, 2.5, -6]
		},
		"thirdperson_lefthand": {
			"rotation": [-25, 0, -15],
			"translation": [2, 2.5, -6]
		},
		"firstperson_righthand": {
			"rotation": [-50, -5, 10],
			"translation": [0.5, -1.5, -4.25]
		},
		"firstperson_lefthand": {
			"rotation": [-50, -5, 10],
			"translation": [0.5, -1.5, -4.25]
		},
		"ground": {
			"translation": [0, 9.25, 0]
		},
		"gui": {
			"rotation": [35, 135, 0],
			"translation": [0, 2, 0],
			"scale": [0.7, 0.7, 0.7]
		},
		"head": {
			"translation": [0, 6.44, -1.61],
			"scale": [1.61, 1.61, 1.61]
		},
		"fixed": {
			"rotation": [-90, 0, 0],
			"translation": [0, -2, -14],
			"scale": [2, 2, 2]
		}
	}
}