{
	"credit": "Made with Blockbench",
	"texture_size": [32, 32],
	"textures": {
		"0": "item/carved_pumpkin/apple_in_chicken_soup",
		"particle": "item/carved_pumpkin/apple_in_chicken_soup"
	},
	"elements": [
		{
			"from": [4, 7, 4],
			"to": [12, 14, 12],
			"rotation": {"angle": 0, "axis": "y", "origin": [12, 15, 12]},
			"faces": {
				"north": {"uv": [8, 0, 12, 3.5], "texture": "#0"},
				"east": {"uv": [12, 0, 16, 3.5], "texture": "#0"},
				"south": {"uv": [0, 0, 4, 3.5], "texture": "#0"},
				"west": {"uv": [4, 0, 8, 3.5], "texture": "#0"},
				"up": {"uv": [4, 0, 8, 4], "rotation": 180, "texture": "#0"},
				"down": {"uv": [4.5, 4.5, 8.5, 8.5], "texture": "#0"}
			}
		},
		{
			"from": [12.5, 13, 3.5],
			"to": [12.5, 15, 12.5],
			"rotation": {"angle": 0, "axis": "y", "origin": [20.5, 21, 11.5]},
			"faces": {
				"north": {"uv": [4, 4, 8, 5.5], "texture": "#0"},
				"east": {"uv": [4.5, 3.5, 9, 4.5], "texture": "#0"},
				"south": {"uv": [12, 4, 16, 5.5], "texture": "#0"},
				"west": {"uv": [4.5, 3.5, 9, 4.5], "texture": "#0"},
				"up": {"uv": [4, 0, 8, 4], "rotation": 180, "texture": "#0"},
				"down": {"uv": [6, 2.5, 6.5, 3], "texture": "#0"}
			}
		},
		{
			"from": [3.5, 15, 3.5],
			"to": [12.5, 15, 12.5],
			"rotation": {"angle": 0, "axis": "y", "origin": [11.5, 23, 11.5]},
			"faces": {
				"north": {"uv": [4, 4, 8, 5.5], "texture": "#0"},
				"east": {"uv": [0, 4, 4, 5.5], "texture": "#0"},
				"south": {"uv": [12, 4, 16, 5.5], "texture": "#0"},
				"west": {"uv": [8, 4, 12, 5.5], "texture": "#0"},
				"up": {"uv": [0, 4.5, 4.5, 9], "rotation": 180, "texture": "#0"},
				"down": {"uv": [0, 4.5, 4.5, 9], "texture": "#0"}
			}
		},
		{
			"from": [3.5, 13, 3.5],
			"to": [3.5, 15, 12.5],
			"rotation": {"angle": 0, "axis": "y", "origin": [11.5, 21, 11.5]},
			"faces": {
				"north": {"uv": [4, 4, 8, 5.5], "texture": "#0"},
				"east": {"uv": [4.5, 3.5, 9, 4.5], "texture": "#0"},
				"south": {"uv": [12, 4, 16, 5.5], "texture": "#0"},
				"west": {"uv": [4.5, 3.5, 9, 4.5], "texture": "#0"},
				"up": {"uv": [4, 0, 8, 4], "rotation": 180, "texture": "#0"},
				"down": {"uv": [6, 2.5, 6.5, 3], "texture": "#0"}
			}
		},
		{
			"from": [3.5, 13, 12.5],
			"to": [12.5, 15, 12.5],
			"rotation": {"angle": 0, "axis": "y", "origin": [11.5, 21, 20.5]},
			"faces": {
				"north": {"uv": [0, 3.5, 4.5, 4.5], "texture": "#0"},
				"east": {"uv": [0, 4, 4, 5.5], "texture": "#0"},
				"south": {"uv": [0, 3.5, 4.5, 4.5], "texture": "#0"},
				"west": {"uv": [8, 4, 12, 5.5], "texture": "#0"},
				"up": {"uv": [4, 0, 8, 4], "rotation": 180, "texture": "#0"},
				"down": {"uv": [6, 2.5, 6.5, 3], "texture": "#0"}
			}
		},
		{
			"from": [3.5, 13, 3.5],
			"to": [12.5, 15, 3.5],
			"rotation": {"angle": 0, "axis": "y", "origin": [11.5, 21, 11.5]},
			"faces": {
				"north": {"uv": [0, 3.5, 4.5, 4.5], "texture": "#0"},
				"east": {"uv": [0, 4, 4, 5.5], "texture": "#0"},
				"south": {"uv": [0, 3.5, 4.5, 4.5], "texture": "#0"},
				"west": {"uv": [8, 4, 12, 5.5], "texture": "#0"},
				"up": {"uv": [4, 0, 8, 4], "rotation": 180, "texture": "#0"},
				"down": {"uv": [6, 2.5, 6.5, 3], "texture": "#0"}
			}
		}
	],
	"display": {
		"thirdperson_righthand": {
			"rotation": [0, -180, 0]
		},
		"thirdperson_lefthand": {
			"rotation": [0, -180, 0]
		},
		"ground": {
			"translation": [0, -3.25, 0]
		},
		"gui": {
			"rotation": [30, 132, 0],
			"translation": [0, -2.5, 0]
		},
		"head": {
			"translation": [0, 5, 0],
			"scale": [1.9, 1.9, 1.9]
		},
		"fixed": {
			"rotation": [-90, 0, 0],
			"translation": [0, 0, -1.5],
			"scale": [1.58, 1.58, 1.58]
		}
	}
}