{
	"credit": "Made with Blockbench",
	"textures": {
		"4": "item/carved_pumpkin/barbossa"
	},
	"elements": [
		{
			"from": [4, 2, 4],
			"to": [12, 6, 12],
			"faces": {
				"north": {"uv": [12, 2, 14, 3], "texture": "#4"},
				"east": {"uv": [14, 2, 16, 3], "texture": "#4"},
				"south": {"uv": [10, 2, 12, 3], "texture": "#4"},
				"west": {"uv": [8, 2, 10, 3], "texture": "#4"},
				"up": {"uv": [10, 0, 12, 2], "texture": "#4"},
				"down": {"uv": [0, 7, 4, 11], "texture": "#4"}
			}
		},
		{
			"from": [0, 3, 0],
			"to": [16, 3, 16],
			"rotation": {"angle": 0, "axis": "y", "origin": [8, 12, 8]},
			"faces": {
				"north": {"uv": [5, 6, 9, 10], "texture": "#4"},
				"east": {"uv": [0, 5, 4, 9], "texture": "#4"},
				"south": {"uv": [0, 5, 4, 9], "texture": "#4"},
				"west": {"uv": [1, 4, 5, 8], "texture": "#4"},
				"up": {"uv": [7.75, 12, 11.75, 16], "texture": "#4"},
				"down": {"uv": [11.75, 16, 15.75, 12], "texture": "#4"}
			}
		},
		{
			"from": [4, 3, 1],
			"to": [10, 3, 7],
			"rotation": {"angle": 22.5, "axis": "x", "origin": [12, 11, 6]},
			"faces": {
				"north": {"uv": [0, 0, 6, 0], "rotation": 180, "texture": "#missing"},
				"east": {"uv": [0, 0, 0, 13], "rotation": 90, "texture": "#missing"},
				"south": {"uv": [0, 0, 6, 0], "texture": "#missing"},
				"west": {"uv": [0, 0, 0, 13], "rotation": 270, "texture": "#missing"},
				"up": {"uv": [1.5, 13.25, 3, 14.75], "texture": "#4"},
				"down": {"uv": [0, 13.25, 1.5, 14.75], "rotation": 180, "texture": "#4"}
			}
		},
		{
			"from": [8, 2.5, 2],
			"to": [14, 2.5, 7],
			"rotation": {"angle": 22.5, "axis": "x", "origin": [16, 10, 7]},
			"faces": {
				"north": {"uv": [0, 0, 6, 0], "rotation": 180, "texture": "#missing"},
				"east": {"uv": [0, 0, 0, 13], "rotation": 90, "texture": "#missing"},
				"south": {"uv": [0, 0, 6, 0], "texture": "#missing"},
				"west": {"uv": [0, 0, 0, 13], "rotation": 270, "texture": "#missing"},
				"up": {"uv": [1.5, 13.25, 3, 14.5], "texture": "#4"},
				"down": {"uv": [0, 13.25, 1.5, 14.5], "rotation": 180, "texture": "#4"}
			}
		},
		{
			"from": [9, 4.5, 5],
			"to": [15, 4.5, 11],
			"rotation": {"angle": 22.5, "axis": "z", "origin": [14, 12, 13]},
			"faces": {
				"north": {"uv": [0, 0, 0, 13], "rotation": 270, "texture": "#missing"},
				"east": {"uv": [0, 0, 6, 0], "rotation": 180, "texture": "#missing"},
				"south": {"uv": [0, 0, 0, 13], "rotation": 90, "texture": "#missing"},
				"west": {"uv": [0, 0, 6, 0], "texture": "#missing"},
				"up": {"uv": [3, 13.25, 4.5, 14.75], "rotation": 90, "texture": "#4"},
				"down": {"uv": [4.5, 13.25, 3, 14.75], "rotation": 90, "texture": "#4"}
			}
		},
		{
			"from": [3, 3.5, 7],
			"to": [13, 3.5, 13],
			"rotation": {"angle": 45, "axis": "y", "origin": [8, -4, 15]},
			"faces": {
				"north": {"uv": [0, 0, 0, 13], "rotation": 90, "texture": "#missing"},
				"east": {"uv": [0, 0, 6, 0], "rotation": 180, "texture": "#missing"},
				"south": {"uv": [0, 0, 0, 13], "rotation": 270, "texture": "#missing"},
				"west": {"uv": [0, 0, 6, 0], "texture": "#missing"},
				"up": {"uv": [0, 13.25, 1.5, 16], "rotation": 270, "texture": "#4"},
				"down": {"uv": [1.5, 13.25, 3, 16], "rotation": 270, "texture": "#4"}
			}
		}
	],
	"display": {
		"thirdperson_righthand": {
			"rotation": [-13, -180, 0],
			"translation": [0, 4.25, -1]
		},
		"thirdperson_lefthand": {
			"rotation": [-13, -180, 0],
			"translation": [0, 4.25, -1]
		},
		"firstperson_righthand": {
			"rotation": [-67, -5, -2],
			"translation": [-0.5, 1, -5.5]
		},
		"firstperson_lefthand": {
			"rotation": [-67, -5, -2],
			"translation": [-0.5, 1, -5.5]
		},
		"ground": {
			"translation": [0, 3, 0]
		},
		"gui": {
			"rotation": [45, 133, 0],
			"translation": [0, 2.75, 0],
			"scale": [0.8, 0.8, 0.8]
		},
		"head": {
			"rotation": [0, -90, 0],
			"translation": [0, 12.75, 0],
			"scale": [1.9, 1.9, 1.9]
		},
		"fixed": {
			"rotation": [-90, 0, 0],
			"translation": [0, 0, -8],
			"scale": [1.58, 1.58, 1.58]
		}
	}
}