{
	"credit": "Made with Blockbench",
	"texture_size": [32, 32],
	"textures": {
		"0": "item/carved_pumpkin/beebee",
		"particle": "item/carved_pumpkin/beebee"
	},
	"elements": [
		{
			"from": [2, 7, 2],
			"to": [14, 7, 14],
			"rotation": {"angle": 0, "axis": "y", "origin": [10, 15, 10]},
			"faces": {
				"north": {"uv": [4, 4, 8, 5.5], "texture": "#0"},
				"east": {"uv": [0, 4, 4, 5.5], "texture": "#0"},
				"south": {"uv": [12, 4, 16, 5.5], "texture": "#0"},
				"west": {"uv": [8, 4, 12, 5.5], "texture": "#0"},
				"up": {"uv": [10, 1.5, 16, 7.5], "rotation": 180, "texture": "#0"},
				"down": {"uv": [16, 1.5, 10, 7.5], "texture": "#0"}
			}
		},
		{
			"from": [4, 6, 4],
			"to": [12, 9, 12],
			"rotation": {"angle": 0, "axis": "y", "origin": [12, 14, 12]},
			"faces": {
				"north": {"uv": [4, 0, 8, 1.5], "texture": "#0"},
				"east": {"uv": [0, 0, 4, 1.5], "texture": "#0"},
				"south": {"uv": [12, 0, 16, 1.5], "texture": "#0"},
				"west": {"uv": [8, 0, 12, 1.5], "texture": "#0"},
				"up": {"uv": [0, 1.5, 4, 5.5], "rotation": 180, "texture": "#0"},
				"down": {"uv": [11, 2.5, 15, 6.5], "texture": "#0"}
			}
		},
		{
			"from": [3.5, 1, 3.5],
			"to": [12.5, 1, 12.5],
			"rotation": {"angle": 0, "axis": "y", "origin": [11.5, 9, 11.5]},
			"faces": {
				"north": {"uv": [4, 4, 8, 5.5], "texture": "#0"},
				"east": {"uv": [0, 4, 4, 5.5], "texture": "#0"},
				"south": {"uv": [12, 4, 16, 5.5], "texture": "#0"},
				"west": {"uv": [8, 4, 12, 5.5], "texture": "#0"},
				"up": {"uv": [8.5, 1.5, 4, 6], "rotation": 180, "texture": "#0"},
				"down": {"uv": [4, 1.5, 8.5, 6], "texture": "#0"}
			}
		},
		{
			"from": [3.5, 1, 3.5],
			"to": [3.5, 7, 12.5],
			"rotation": {"angle": 0, "axis": "y", "origin": [11.5, 9, 11.5]},
			"faces": {
				"north": {"uv": [4, 4, 8, 5.5], "texture": "#0"},
				"east": {"uv": [9, 7.5, 4.5, 10.5], "texture": "#0"},
				"south": {"uv": [12, 4, 16, 5.5], "texture": "#0"},
				"west": {"uv": [4.5, 7.5, 9, 10.5], "texture": "#0"},
				"up": {"uv": [4, 0, 8, 4], "rotation": 180, "texture": "#0"},
				"down": {"uv": [7, 6.5, 11, 10.5], "texture": "#0"}
			}
		},
		{
			"from": [12.5, 1, 3.5],
			"to": [12.5, 7, 12.5],
			"rotation": {"angle": 0, "axis": "y", "origin": [20.5, 9, 11.5]},
			"faces": {
				"north": {"uv": [4, 4, 8, 5.5], "texture": "#0"},
				"east": {"uv": [9, 7.5, 4.5, 10.5], "texture": "#0"},
				"south": {"uv": [12, 4, 16, 5.5], "texture": "#0"},
				"west": {"uv": [4.5, 7.5, 9, 10.5], "texture": "#0"},
				"up": {"uv": [4, 0, 8, 4], "rotation": 180, "texture": "#0"},
				"down": {"uv": [7, 6.5, 11, 10.5], "texture": "#0"}
			}
		},
		{
			"from": [3.5, 1, 3.5],
			"to": [12.5, 7, 3.5],
			"rotation": {"angle": 0, "axis": "y", "origin": [11.5, 9, 11.5]},
			"faces": {
				"north": {"uv": [0, 7.5, 4.5, 10.5], "texture": "#0"},
				"east": {"uv": [0, 4, 4, 5.5], "texture": "#0"},
				"south": {"uv": [4.5, 7.5, 0, 10.5], "texture": "#0"},
				"west": {"uv": [8, 4, 12, 5.5], "texture": "#0"},
				"up": {"uv": [4, 0, 8, 4], "rotation": 180, "texture": "#0"},
				"down": {"uv": [7, 6.5, 11, 10.5], "texture": "#0"}
			}
		},
		{
			"from": [3.5, 1, 12.5],
			"to": [12.5, 7, 12.5],
			"rotation": {"angle": 0, "axis": "y", "origin": [11.5, 9, 20.5]},
			"faces": {
				"north": {"uv": [13.5, 7.5, 9, 10.5], "texture": "#0"},
				"east": {"uv": [0, 4, 4, 5.5], "texture": "#0"},
				"south": {"uv": [9, 7.5, 13.5, 10.5], "texture": "#0"},
				"west": {"uv": [8, 4, 12, 5.5], "texture": "#0"},
				"up": {"uv": [4, 0, 8, 4], "rotation": 180, "texture": "#0"},
				"down": {"uv": [7, 6.5, 11, 10.5], "texture": "#0"}
			}
		}
	],
	"display": {
		"thirdperson_righthand": {
			"rotation": [-9, 0, -16],
			"translation": [0.25, -0.5, -3.5]
		},
		"thirdperson_lefthand": {
			"rotation": [-9, 0, -16],
			"translation": [0.25, -0.5, -3.5]
		},
		"firstperson_righthand": {
			"rotation": [-50, 0, 0],
			"translation": [1.25, 0, 0]
		},
		"firstperson_lefthand": {
			"rotation": [-50, 0, 0],
			"translation": [1.25, 0, 0]
		},
		"ground": {
			"translation": [0, 3.5, 0]
		},
		"gui": {
			"rotation": [30, 132, 0],
			"translation": [0, 2.25, 0],
			"scale": [0.87, 0.87, 0.87]
		},
		"head": {
			"translation": [0, 5.5, 0],
			"scale": [1.9, 1.9, 1.9]
		},
		"fixed": {
			"rotation": [-90, 0, 0],
			"translation": [0, 0, -10.5],
			"scale": [1.58, 1.58, 1.58]
		}
	}
}