{
	"credit": "Made with Blockbench",
	"texture_size": [32, 32],
	"textures": {
		"0": "item/carved_pumpkin/bicorne_taco",
		"particle": "item/carved_pumpkin/bicorne_taco"
	},
	"elements": [
		{
			"from": [1, 8, 5],
			"to": [15, 9, 11],
			"rotation": {"angle": 0, "axis": "y", "origin": [8, 10, 7]},
			"faces": {
				"north": {"uv": [0, 6.5, 7, 7], "texture": "#0"},
				"east": {"uv": [7, 6.5, 10, 7], "texture": "#0"},
				"south": {"uv": [0, 6.5, 7, 7], "texture": "#0"},
				"west": {"uv": [7, 6.5, 10, 7], "texture": "#0"},
				"up": {"uv": [0, 10, 7, 13], "texture": "#0"},
				"down": {"uv": [0, 0, 7, 3], "texture": "#0"}
			}
		},
		{
			"from": [1, 9, 5],
			"to": [15, 16, 5],
			"rotation": {"angle": 0, "axis": "y", "origin": [8, 10, 7]},
			"faces": {
				"north": {"uv": [0, 3, 7, 6.5], "texture": "#0"},
				"east": {"uv": [0, 6.5, 4, 9], "texture": "#0"},
				"south": {"uv": [7, 3, 0, 6.5], "texture": "#0"},
				"west": {"uv": [0, 9, 4, 11.5], "texture": "#0"},
				"up": {"uv": [11.5, 0, 12, 0.5], "texture": "#0"},
				"down": {"uv": [10.5, 0, 11, 0.5], "texture": "#0"}
			}
		},
		{
			"from": [1, 9, 11],
			"to": [15, 16, 11],
			"rotation": {"angle": 0, "axis": "y", "origin": [8, 10, 7]},
			"faces": {
				"north": {"uv": [0, 3, 7, 6.5], "texture": "#0"},
				"east": {"uv": [0, 6.5, 4, 9], "texture": "#0"},
				"south": {"uv": [0, 3, 7, 6.5], "texture": "#0"},
				"west": {"uv": [0, 9, 4, 11.5], "texture": "#0"},
				"up": {"uv": [11.5, 0, 12, 0.5], "texture": "#0"},
				"down": {"uv": [10.5, 0, 11, 0.5], "texture": "#0"}
			}
		},
		{
			"from": [2, 11, 6],
			"to": [10, 15, 6],
			"rotation": {"angle": 0, "axis": "y", "origin": [8, 10, 7]},
			"faces": {
				"north": {"uv": [11, 0, 7, 2], "texture": "#0"},
				"east": {"uv": [0, 6.5, 4, 9], "texture": "#0"},
				"south": {"uv": [7, 0, 11, 2], "texture": "#0"},
				"west": {"uv": [0, 9, 4, 11.5], "texture": "#0"},
				"up": {"uv": [11.5, 0, 12, 0.5], "texture": "#0"},
				"down": {"uv": [10.5, 0, 11, 0.5], "texture": "#0"}
			}
		},
		{
			"from": [8, 10, 8],
			"to": [14, 14, 8],
			"rotation": {"angle": 0, "axis": "y", "origin": [8, 10, 7]},
			"faces": {
				"north": {"uv": [10, 2, 7, 4], "texture": "#0"},
				"east": {"uv": [0, 6.5, 4, 9], "texture": "#0"},
				"south": {"uv": [7, 2, 10, 4], "texture": "#0"},
				"west": {"uv": [0, 9, 4, 11.5], "texture": "#0"},
				"up": {"uv": [11.5, 0, 12, 0.5], "texture": "#0"},
				"down": {"uv": [10.5, 0, 11, 0.5], "texture": "#0"}
			}
		},
		{
			"from": [2, 11, 9],
			"to": [8, 15, 9],
			"rotation": {"angle": 0, "axis": "y", "origin": [8, 10, 7]},
			"faces": {
				"north": {"uv": [14, 0, 11, 2], "texture": "#0"},
				"east": {"uv": [0, 6.5, 4, 9], "texture": "#0"},
				"south": {"uv": [11, 0, 14, 2], "texture": "#0"},
				"west": {"uv": [0, 9, 4, 11.5], "texture": "#0"},
				"up": {"uv": [11.5, 0, 12, 0.5], "texture": "#0"},
				"down": {"uv": [10.5, 0, 11, 0.5], "texture": "#0"}
			}
		},
		{
			"from": [2, 10, 7],
			"to": [7, 14, 7],
			"rotation": {"angle": 0, "axis": "y", "origin": [8, 10, 7]},
			"faces": {
				"north": {"uv": [14.5, 2, 12, 4], "texture": "#0"},
				"east": {"uv": [0, 6.5, 4, 9], "texture": "#0"},
				"south": {"uv": [12, 2, 14.5, 4], "texture": "#0"},
				"west": {"uv": [0, 9, 4, 11.5], "texture": "#0"},
				"up": {"uv": [11.5, 0, 12, 0.5], "texture": "#0"},
				"down": {"uv": [10.5, 0, 11, 0.5], "texture": "#0"}
			}
		},
		{
			"from": [10, 11, 10],
			"to": [14, 15, 10],
			"rotation": {"angle": 0, "axis": "y", "origin": [8, 10, 7]},
			"faces": {
				"north": {"uv": [10, 2, 12, 4], "texture": "#0"},
				"east": {"uv": [0, 6.5, 4, 9], "texture": "#0"},
				"south": {"uv": [12, 2, 10, 4], "texture": "#0"},
				"west": {"uv": [0, 9, 4, 11.5], "texture": "#0"},
				"up": {"uv": [11.5, 0, 12, 0.5], "texture": "#0"},
				"down": {"uv": [10.5, 0, 11, 0.5], "texture": "#0"}
			}
		},
		{
			"from": [10, 10, 6],
			"to": [14, 14, 6],
			"rotation": {"angle": 0, "axis": "y", "origin": [8, 10, 7]},
			"faces": {
				"north": {"uv": [14, 0, 16, 2], "texture": "#0"},
				"east": {"uv": [0, 6.5, 4, 9], "texture": "#0"},
				"south": {"uv": [16, 0, 14, 2], "texture": "#0"},
				"west": {"uv": [0, 9, 4, 11.5], "texture": "#0"},
				"up": {"uv": [11.5, 0, 12, 0.5], "texture": "#0"},
				"down": {"uv": [10.5, 0, 11, 0.5], "texture": "#0"}
			}
		},
		{
			"from": [1, 9, 5],
			"to": [1, 14, 11],
			"rotation": {"angle": 0, "axis": "y", "origin": [8, 10, 7]},
			"faces": {
				"north": {"uv": [4, 9, 9, 11.5], "texture": "#0"},
				"east": {"uv": [7, 4, 10, 6.5], "texture": "#0"},
				"south": {"uv": [4, 9, 9, 11.5], "texture": "#0"},
				"west": {"uv": [7, 4, 10, 6.5], "texture": "#0"},
				"up": {"uv": [11.5, 0, 12, 0.5], "texture": "#0"},
				"down": {"uv": [10.5, 0, 11, 0.5], "texture": "#0"}
			}
		},
		{
			"from": [15, 9, 5],
			"to": [15, 14, 11],
			"rotation": {"angle": 0, "axis": "y", "origin": [8, 10, 7]},
			"faces": {
				"north": {"uv": [4, 9, 9, 11.5], "texture": "#0"},
				"east": {"uv": [7, 4, 10, 6.5], "texture": "#0"},
				"south": {"uv": [4, 9, 9, 11.5], "texture": "#0"},
				"west": {"uv": [7, 4, 10, 6.5], "texture": "#0"},
				"up": {"uv": [11.5, 0, 12, 0.5], "texture": "#0"},
				"down": {"uv": [10.5, 0, 11, 0.5], "texture": "#0"}
			}
		},
		{
			"from": [3, 9, 5],
			"to": [13, 13, 11],
			"rotation": {"angle": 0, "axis": "y", "origin": [8, 10, 7]},
			"faces": {
				"east": {"uv": [5, 7, 8, 9], "texture": "#0"},
				"west": {"uv": [8, 7, 5, 9], "texture": "#0"},
				"up": {"uv": [0, 7, 5, 10], "texture": "#0"}
			}
		}
	],
	"display": {
		"thirdperson_righthand": {
			"rotation": [-18, -9, 0],
			"translation": [0, -0.75, 0.5]
		},
		"thirdperson_lefthand": {
			"rotation": [-18, -9, 0],
			"translation": [0, -0.75, 0.5]
		},
		"firstperson_righthand": {
			"rotation": [-18, -14, 0],
			"translation": [0, -0.5, 0]
		},
		"firstperson_lefthand": {
			"rotation": [-18, -14, 0],
			"translation": [0, -0.5, 0]
		},
		"ground": {
			"translation": [0, -3, 0]
		},
		"gui": {
			"rotation": [30, 132, 0],
			"translation": [0, -3, 0]
		},
		"head": {
			"rotation": [0, 90, 0],
			"translation": [0, 5.5, 0],
			"scale": [1.9, 1.9, 1.9]
		},
		"fixed": {
			"rotation": [-90, 0, 0],
			"scale": [1.58, 1.58, 1.58]
		}
	}
}