{
	"credit": "Made with Blockbench",
	"texture_size": [64, 32],
	"textures": {
		"0": "item/carved_pumpkin/engine",
		"particle": "item/carved_pumpkin/engine"
	},
	"elements": [
		{
			"from": [12, 7, 4],
			"to": [12, 15, 12],
			"rotation": {"angle": 0, "axis": "y", "origin": [20, 15, 12]},
			"faces": {
				"north": {"uv": [2, 4, 4, 8], "texture": "#0"},
				"east": {"uv": [0, 0, 2, 4], "texture": "#0"},
				"south": {"uv": [6, 4, 8, 8], "texture": "#0"},
				"west": {"uv": [2, 0, 0, 4], "texture": "#0"},
				"up": {"uv": [2, 0, 4, 4], "rotation": 180, "texture": "#0"},
				"down": {"uv": [4, 0, 6, 4], "texture": "#0"}
			}
		},
		{
			"from": [4, 7, 4],
			"to": [12, 15, 4],
			"rotation": {"angle": 0, "axis": "y", "origin": [12, 15, 12]},
			"faces": {
				"north": {"uv": [2, 0, 4, 4], "texture": "#0"},
				"east": {"uv": [0, 4, 2, 8], "texture": "#0"},
				"south": {"uv": [4, 0, 2, 4], "texture": "#0"},
				"west": {"uv": [4, 4, 6, 8], "texture": "#0"},
				"up": {"uv": [2, 0, 4, 4], "rotation": 180, "texture": "#0"},
				"down": {"uv": [4, 0, 6, 4], "texture": "#0"}
			}
		},
		{
			"from": [4.25, 7.25, 4.25],
			"to": [11.75, 14.75, 11.75],
			"rotation": {"angle": 0, "axis": "y", "origin": [12.25, 15.25, 12.25]},
			"faces": {
				"north": {"uv": [2, 8, 4, 12], "texture": "#0"},
				"east": {"uv": [0, 8, 2, 12], "texture": "#0"},
				"south": {"uv": [0, 12, 2, 16], "texture": "#0"},
				"up": {"uv": [4, 12, 2, 16], "rotation": 180, "texture": "#0"},
				"down": {"uv": [6, 8, 4, 12], "texture": "#0"}
			}
		},
		{
			"from": [4, 7, 12],
			"to": [12, 15, 12],
			"rotation": {"angle": 0, "axis": "y", "origin": [12, 15, 20]},
			"faces": {
				"north": {"uv": [2, 4, 0, 8], "texture": "#0"},
				"east": {"uv": [0, 4, 2, 8], "texture": "#0"},
				"south": {"uv": [0, 4, 2, 8], "texture": "#0"},
				"west": {"uv": [4, 4, 6, 8], "texture": "#0"},
				"up": {"uv": [2, 0, 4, 4], "rotation": 180, "texture": "#0"},
				"down": {"uv": [4, 0, 6, 4], "texture": "#0"}
			}
		},
		{
			"from": [4, 7, 4],
			"to": [12, 7, 12],
			"rotation": {"angle": 0, "axis": "y", "origin": [12, 15, 12]},
			"faces": {
				"north": {"uv": [2, 4, 4, 8], "texture": "#0"},
				"east": {"uv": [0, 4, 2, 8], "texture": "#0"},
				"south": {"uv": [6, 4, 8, 8], "texture": "#0"},
				"west": {"uv": [4, 4, 6, 8], "texture": "#0"},
				"up": {"uv": [4, 0, 6, 4], "rotation": 180, "texture": "#0"},
				"down": {"uv": [6, 0, 4, 4], "texture": "#0"}
			}
		},
		{
			"from": [4, 15, 4],
			"to": [12, 15, 12],
			"rotation": {"angle": 0, "axis": "y", "origin": [12, 23, 12]},
			"faces": {
				"north": {"uv": [2, 4, 4, 8], "texture": "#0"},
				"east": {"uv": [0, 4, 2, 8], "texture": "#0"},
				"south": {"uv": [6, 4, 8, 8], "texture": "#0"},
				"west": {"uv": [4, 4, 6, 8], "texture": "#0"},
				"up": {"uv": [2, 4, 4, 8], "texture": "#0"},
				"down": {"uv": [4, 4, 2, 8], "rotation": 180, "texture": "#0"}
			}
		},
		{
			"from": [9, 15, 7],
			"to": [13, 20, 11],
			"rotation": {"angle": -45, "axis": "z", "origin": [9, 15, 7]},
			"faces": {
				"north": {"uv": [7, 0, 6, 2.5], "texture": "#0"},
				"east": {"uv": [8, 0, 9, 2.5], "texture": "#0"},
				"south": {"uv": [6, 0, 7, 2.5], "texture": "#0"},
				"west": {"uv": [7, 0, 8, 2.5], "texture": "#0"},
				"up": {"uv": [6, 2.5, 7, 4.5], "texture": "#0"},
				"down": {"uv": [7, 2.5, 6, 4.5], "rotation": 180, "texture": "#0"}
			}
		},
		{
			"from": [8, 18, 9],
			"to": [14, 22, 9],
			"rotation": {"angle": -45, "axis": "z", "origin": [9, 15, 7]},
			"faces": {
				"north": {"uv": [8.5, 2.5, 7, 4.5], "texture": "#0"},
				"east": {"uv": [0, 0, 2, 4], "texture": "#0"},
				"south": {"uv": [7, 2.5, 8.5, 4.5], "texture": "#0"},
				"west": {"uv": [2, 0, 0, 4], "texture": "#0"},
				"up": {"uv": [2, 0, 4, 4], "rotation": 180, "texture": "#0"},
				"down": {"uv": [4, 0, 6, 4], "texture": "#0"}
			}
		},
		{
			"from": [11, 18, 6],
			"to": [11, 22, 12],
			"rotation": {"angle": -45, "axis": "z", "origin": [9, 15, 7]},
			"faces": {
				"north": {"uv": [2, 4, 4, 8], "texture": "#0"},
				"east": {"uv": [7, 2.5, 8.5, 4.5], "texture": "#0"},
				"south": {"uv": [6, 4, 8, 8], "texture": "#0"},
				"west": {"uv": [8.5, 2.5, 7, 4.5], "texture": "#0"},
				"up": {"uv": [2, 0, 4, 4], "rotation": 180, "texture": "#0"},
				"down": {"uv": [4, 0, 6, 4], "texture": "#0"}
			}
		}
	],
	"display": {
		"thirdperson_righthand": {
			"rotation": [0, 0, 51],
			"translation": [2, -4.5, 0]
		},
		"thirdperson_lefthand": {
			"rotation": [0, 0, -51],
			"translation": [-1.5, -4.5, 0]
		},
		"firstperson_righthand": {
			"rotation": [0, 0, 43],
			"translation": [0, -3, 0]
		},
		"firstperson_lefthand": {
			"rotation": [0, 0, -43],
			"translation": [0, -3, 0]
		},
		"ground": {
			"translation": [0, -2, 0]
		},
		"gui": {
			"rotation": [30, 132, 0],
			"translation": [1, -5, 0]
		},
		"head": {
			"translation": [0, -5.75, 0],
			"scale": [1.9, 1.9, 1.9]
		},
		"fixed": {
			"rotation": [-90, 0, 90],
			"translation": [5.75, 0, -0.75],
			"scale": [1.58, 1.58, 1.58]
		}
	},
	"groups": [0, 1, 2, 3, 4, 5,
		{
			"name": "group",
			"origin": [19, 26, 14],
			"children": [6, 7, 8]
		}
	]
}