{
	"credit": "Made with Blockbench",
	"texture_size": [32, 32],
	"textures": {
		"0": "item/carved_pumpkin/bow_back",
		"particle": "item/carved_pumpkin/bow_back"
	},
	"elements": [
		{
			"from": [7, 13, 10],
			"to": [9, 16, 14],
			"rotation": {"angle": 0, "axis": "y", "origin": [12, 15, 20]},
			"faces": {
				"north": {"uv": [2, 2, 3, 3.5], "texture": "#0"},
				"east": {"uv": [0, 2, 2, 3.5], "texture": "#0"},
				"south": {"uv": [3, 2, 4, 3.5], "texture": "#0"},
				"west": {"uv": [2, 2, 0, 3.5], "texture": "#0"},
				"up": {"uv": [0, 3.5, 2, 4.5], "rotation": 270, "texture": "#0"},
				"down": {"uv": [0, 3, 2, 3.5], "rotation": 90, "texture": "#0"}
			}
		},
		{
			"from": [9, 16, 11],
			"to": [9, 20, 15],
			"rotation": {"angle": 0, "axis": "y", "origin": [12, 15, 20]},
			"faces": {
				"north": {"uv": [6, 4, 8, 8], "texture": "#0"},
				"east": {"uv": [4, 0, 2, 2], "texture": "#0"},
				"south": {"uv": [6, 4, 8, 8], "texture": "#0"},
				"west": {"uv": [2, 0, 4, 2], "texture": "#0"},
				"up": {"uv": [2, 0, 4, 4], "rotation": 180, "texture": "#0"},
				"down": {"uv": [4, 0, 6, 4], "texture": "#0"}
			}
		},
		{
			"from": [3, 16, 11],
			"to": [3, 20, 15],
			"rotation": {"angle": 0, "axis": "y", "origin": [12, 15, 20]},
			"faces": {
				"north": {"uv": [6, 4, 8, 8], "texture": "#0"},
				"east": {"uv": [4, 0, 2, 2], "texture": "#0"},
				"south": {"uv": [6, 4, 8, 8], "texture": "#0"},
				"west": {"uv": [2, 0, 4, 2], "texture": "#0"},
				"up": {"uv": [2, 0, 4, 4], "rotation": 180, "texture": "#0"},
				"down": {"uv": [4, 0, 6, 4], "texture": "#0"}
			}
		},
		{
			"from": [13, 16, 11],
			"to": [13, 20, 15],
			"rotation": {"angle": 0, "axis": "y", "origin": [12, 15, 20]},
			"faces": {
				"north": {"uv": [6, 4, 8, 8], "texture": "#0"},
				"east": {"uv": [2, 0, 0, 2], "texture": "#0"},
				"south": {"uv": [6, 4, 8, 8], "texture": "#0"},
				"west": {"uv": [0, 0, 2, 2], "texture": "#0"},
				"up": {"uv": [2, 0, 4, 4], "rotation": 180, "texture": "#0"},
				"down": {"uv": [4, 0, 6, 4], "texture": "#0"}
			}
		},
		{
			"from": [7, 16, 11],
			"to": [7, 20, 15],
			"rotation": {"angle": 0, "axis": "y", "origin": [12, 15, 20]},
			"faces": {
				"north": {"uv": [6, 4, 8, 8], "texture": "#0"},
				"east": {"uv": [2, 0, 0, 2], "texture": "#0"},
				"south": {"uv": [6, 4, 8, 8], "texture": "#0"},
				"west": {"uv": [0, 0, 2, 2], "texture": "#0"},
				"up": {"uv": [2, 0, 4, 4], "rotation": 180, "texture": "#0"},
				"down": {"uv": [4, 0, 6, 4], "texture": "#0"}
			}
		},
		{
			"from": [9, 16, 11],
			"to": [13, 16, 15],
			"rotation": {"angle": 0, "axis": "y", "origin": [12, 15, 20]},
			"faces": {
				"north": {"uv": [6, 4, 8, 8], "texture": "#0"},
				"east": {"uv": [0, 4, 2, 8], "texture": "#0"},
				"south": {"uv": [6, 4, 8, 8], "texture": "#0"},
				"west": {"uv": [4, 4, 6, 8], "texture": "#0"},
				"up": {"uv": [8, 0, 10, 2], "rotation": 90, "texture": "#0"},
				"down": {"uv": [10, 0, 8, 2], "rotation": 90, "texture": "#0"}
			}
		},
		{
			"from": [3, 16, 11],
			"to": [7, 16, 15],
			"rotation": {"angle": 0, "axis": "y", "origin": [12, 15, 20]},
			"faces": {
				"north": {"uv": [6, 4, 8, 8], "texture": "#0"},
				"east": {"uv": [0, 4, 2, 8], "texture": "#0"},
				"south": {"uv": [6, 4, 8, 8], "texture": "#0"},
				"west": {"uv": [4, 4, 6, 8], "texture": "#0"},
				"up": {"uv": [8, 0, 10, 2], "rotation": 90, "texture": "#0"},
				"down": {"uv": [10, 0, 8, 2], "rotation": 90, "texture": "#0"}
			}
		},
		{
			"from": [9, 20, 11],
			"to": [13, 20, 15],
			"rotation": {"angle": 0, "axis": "y", "origin": [12, 15, 20]},
			"faces": {
				"north": {"uv": [6, 4, 8, 8], "texture": "#0"},
				"east": {"uv": [0, 4, 2, 8], "texture": "#0"},
				"south": {"uv": [6, 4, 8, 8], "texture": "#0"},
				"west": {"uv": [4, 4, 6, 8], "texture": "#0"},
				"up": {"uv": [4, 0, 6, 2], "rotation": 90, "texture": "#0"},
				"down": {"uv": [6, 0, 4, 2], "rotation": 270, "texture": "#0"}
			}
		},
		{
			"from": [3, 20, 11],
			"to": [7, 20, 15],
			"rotation": {"angle": 0, "axis": "y", "origin": [12, 15, 20]},
			"faces": {
				"north": {"uv": [6, 4, 8, 8], "texture": "#0"},
				"east": {"uv": [0, 4, 2, 8], "texture": "#0"},
				"south": {"uv": [6, 4, 8, 8], "texture": "#0"},
				"west": {"uv": [4, 4, 6, 8], "texture": "#0"},
				"up": {"uv": [4, 0, 6, 2], "rotation": 90, "texture": "#0"},
				"down": {"uv": [6, 0, 4, 2], "rotation": 270, "texture": "#0"}
			}
		},
		{
			"from": [3, 5, 14],
			"to": [7, 15, 14],
			"rotation": {"angle": 0, "axis": "y", "origin": [12, 15, 20]},
			"faces": {
				"north": {"uv": [0, 4.5, 2, 9.5], "texture": "#0"},
				"east": {"uv": [0, 4, 2, 8], "texture": "#0"},
				"south": {"uv": [2, 4.5, 0, 9.5], "texture": "#0"},
				"west": {"uv": [4, 4, 6, 8], "texture": "#0"},
				"up": {"uv": [2, 0, 4, 4], "rotation": 180, "texture": "#0"},
				"down": {"uv": [4, 0, 6, 4], "texture": "#0"}
			}
		},
		{
			"from": [9, 5, 16],
			"to": [13, 8, 16],
			"rotation": {"angle": 0, "axis": "y", "origin": [12, 15, 20]},
			"faces": {
				"north": {"uv": [2, 10.5, 0, 12], "rotation": 180, "texture": "#0"},
				"east": {"uv": [0, 4, 2, 8], "texture": "#0"},
				"south": {"uv": [0, 10.5, 2, 12], "rotation": 180, "texture": "#0"},
				"west": {"uv": [4, 4, 6, 8], "texture": "#0"},
				"up": {"uv": [2, 0, 4, 4], "rotation": 180, "texture": "#0"},
				"down": {"uv": [4, 0, 6, 4], "texture": "#0"}
			}
		},
		{
			"from": [3, 5, 16],
			"to": [7, 8, 16],
			"rotation": {"angle": 0, "axis": "y", "origin": [12, 15, 20]},
			"faces": {
				"north": {"uv": [2, 10.5, 0, 12], "rotation": 180, "texture": "#0"},
				"east": {"uv": [0, 4, 2, 8], "texture": "#0"},
				"south": {"uv": [0, 10.5, 2, 12], "rotation": 180, "texture": "#0"},
				"west": {"uv": [4, 4, 6, 8], "texture": "#0"},
				"up": {"uv": [2, 0, 4, 4], "rotation": 180, "texture": "#0"},
				"down": {"uv": [4, 0, 6, 4], "texture": "#0"}
			}
		},
		{
			"from": [9, 5, 14],
			"to": [13, 5, 16],
			"rotation": {"angle": 0, "axis": "y", "origin": [12, 15, 20]},
			"faces": {
				"north": {"uv": [6, 4, 8, 8], "texture": "#0"},
				"east": {"uv": [0, 4, 2, 8], "texture": "#0"},
				"south": {"uv": [6, 4, 8, 8], "texture": "#0"},
				"west": {"uv": [4, 4, 6, 8], "texture": "#0"},
				"up": {"uv": [0, 9.5, 2, 10.5], "texture": "#0"},
				"down": {"uv": [2, 9.5, 0, 10.5], "rotation": 180, "texture": "#0"}
			}
		},
		{
			"from": [3, 5, 14],
			"to": [7, 5, 16],
			"rotation": {"angle": 0, "axis": "y", "origin": [12, 15, 20]},
			"faces": {
				"north": {"uv": [6, 4, 8, 8], "texture": "#0"},
				"east": {"uv": [0, 4, 2, 8], "texture": "#0"},
				"south": {"uv": [6, 4, 8, 8], "texture": "#0"},
				"west": {"uv": [4, 4, 6, 8], "texture": "#0"},
				"up": {"uv": [0, 9.5, 2, 10.5], "texture": "#0"},
				"down": {"uv": [2, 9.5, 0, 10.5], "rotation": 180, "texture": "#0"}
			}
		},
		{
			"from": [9, 5, 14],
			"to": [13, 15, 14],
			"rotation": {"angle": 0, "axis": "y", "origin": [12, 15, 20]},
			"faces": {
				"north": {"uv": [2, 4.5, 0, 9.5], "texture": "#0"},
				"east": {"uv": [0, 4, 2, 8], "texture": "#0"},
				"south": {"uv": [0, 4.5, 2, 9.5], "texture": "#0"},
				"west": {"uv": [4, 4, 6, 8], "texture": "#0"},
				"up": {"uv": [2, 0, 4, 4], "rotation": 180, "texture": "#0"},
				"down": {"uv": [4, 0, 6, 4], "texture": "#0"}
			}
		}
	],
	"display": {
		"thirdperson_righthand": {
			"rotation": [71, -180, 0],
			"translation": [0, -6.25, -4.5]
		},
		"thirdperson_lefthand": {
			"rotation": [71, -180, 0],
			"translation": [0, -6.25, -4.5]
		},
		"firstperson_righthand": {
			"rotation": [0, -168, 0],
			"translation": [0, -5.5, 6.5]
		},
		"firstperson_lefthand": {
			"rotation": [0, -168, 0],
			"translation": [0, -5.5, 6.5]
		},
		"ground": {
			"rotation": [-90, 0, 0],
			"translation": [0, -4.75, 4.75]
		},
		"gui": {
			"rotation": [30, -45, 0],
			"translation": [3.25, -1.75, 0],
			"scale": [0.82, 0.82, 0.82]
		},
		"head": {
			"translation": [0, -6.75, -3],
			"scale": [1.9, 1.9, 1.9]
		},
		"fixed": {
			"rotation": [0, -180, 0],
			"translation": [0, -7, 4.75],
			"scale": [1.58, 1.58, 1.58]
		}
	}
}