{
	"credit": "Made with Blockbench",
	"texture_size": [64, 64],
	"textures": {
		"0": "item/carved_pumpkin/box",
		"particle": "item/carved_pumpkin/box"
	},
	"elements": [
		{
			"from": [0, -3, -8],
			"to": [0, 23, 24],
			"rotation": {"angle": 0, "axis": "y", "origin": [8, 21, 12]},
			"faces": {
				"north": {"uv": [2, 4, 4, 8], "texture": "#0"},
				"east": {"uv": [16, 9.5, 8, 16], "texture": "#0"},
				"south": {"uv": [6, 4, 8, 8], "texture": "#0"},
				"west": {"uv": [8, 9.5, 16, 16], "texture": "#0"},
				"up": {"uv": [2, 0, 4, 4], "rotation": 180, "texture": "#0"},
				"down": {"uv": [4, 0, 6, 4], "texture": "#0"}
			}
		},
		{
			"from": [16, -3, -8],
			"to": [16, 23, 24],
			"rotation": {"angle": 0, "axis": "y", "origin": [24, 21, 12]},
			"faces": {
				"north": {"uv": [2, 4, 4, 8], "texture": "#0"},
				"east": {"uv": [8, 0, 0, 6.5], "texture": "#0"},
				"south": {"uv": [6, 4, 8, 8], "texture": "#0"},
				"west": {"uv": [0, 0, 8, 6.5], "texture": "#0"},
				"up": {"uv": [2, 0, 4, 4], "rotation": 180, "texture": "#0"},
				"down": {"uv": [4, 0, 6, 4], "texture": "#0"}
			}
		},
		{
			"from": [0, 5, 24],
			"to": [16, 23, 24],
			"rotation": {"angle": 0, "axis": "y", "origin": [14, 16, 32]},
			"faces": {
				"north": {"uv": [12, 0, 8, 4.5], "texture": "#0"},
				"east": {"uv": [0, 4, 2, 8], "texture": "#0"},
				"south": {"uv": [8, 0, 12, 4.5], "texture": "#0"},
				"west": {"uv": [4, 4, 6, 8], "texture": "#0"},
				"up": {"uv": [2, 0, 4, 4], "rotation": 180, "texture": "#0"},
				"down": {"uv": [4, 0, 6, 4], "texture": "#0"}
			}
		},
		{
			"from": [0, 5, -8],
			"to": [16, 23, -8],
			"rotation": {"angle": 0, "axis": "y", "origin": [14, 16, 0]},
			"faces": {
				"north": {"uv": [12, 0, 8, 4.5], "texture": "#0"},
				"east": {"uv": [0, 4, 2, 8], "texture": "#0"},
				"south": {"uv": [8, 0, 12, 4.5], "texture": "#0"},
				"west": {"uv": [4, 4, 6, 8], "texture": "#0"},
				"up": {"uv": [2, 0, 4, 4], "rotation": 180, "texture": "#0"},
				"down": {"uv": [4, 0, 6, 4], "texture": "#0"}
			}
		},
		{
			"from": [0, -1, -8],
			"to": [16, 5, -8],
			"rotation": {"angle": 22.5, "axis": "x", "origin": [14, 5, -8]},
			"faces": {
				"north": {"uv": [12, 4.5, 8, 6], "texture": "#0"},
				"east": {"uv": [0, 4, 2, 8], "texture": "#0"},
				"south": {"uv": [8, 4.5, 12, 6], "texture": "#0"},
				"west": {"uv": [4, 4, 6, 8], "texture": "#0"},
				"up": {"uv": [2, 0, 4, 4], "rotation": 180, "texture": "#0"},
				"down": {"uv": [4, 0, 6, 4], "texture": "#0"}
			}
		},
		{
			"from": [0, -1, 24],
			"to": [16, 5, 24],
			"rotation": {"angle": -22.5, "axis": "x", "origin": [14, 5, 24]},
			"faces": {
				"north": {"uv": [12, 4.5, 8, 6], "texture": "#0"},
				"east": {"uv": [0, 4, 2, 8], "texture": "#0"},
				"south": {"uv": [8, 4.5, 12, 6], "texture": "#0"},
				"west": {"uv": [4, 4, 6, 8], "texture": "#0"},
				"up": {"uv": [2, 0, 4, 4], "rotation": 180, "texture": "#0"},
				"down": {"uv": [4, 0, 6, 4], "texture": "#0"}
			}
		},
		{
			"from": [0, 23, -8],
			"to": [16, 23, 24],
			"rotation": {"angle": 0, "axis": "y", "origin": [16, 31, 12]},
			"faces": {
				"north": {"uv": [2, 4, 4, 8], "texture": "#0"},
				"east": {"uv": [0, 4, 2, 8], "texture": "#0"},
				"south": {"uv": [6, 4, 8, 8], "texture": "#0"},
				"west": {"uv": [4, 4, 6, 8], "texture": "#0"},
				"up": {"uv": [0, 6.5, 8, 10.5], "rotation": 90, "texture": "#0"},
				"down": {"uv": [8, 6.5, 0, 10.5], "rotation": 90, "texture": "#0"}
			}
		}
	],
	"display": {
		"thirdperson_righthand": {
			"rotation": [-41, 1, 8.5],
			"translation": [-7.25, 9, 0]
		},
		"thirdperson_lefthand": {
			"rotation": [-41, 1, 8.5],
			"translation": [-7.25, 9, 0]
		},
		"firstperson_righthand": {
			"rotation": [8, -2, 0],
			"translation": [10, -16, -6.5]
		},
		"firstperson_lefthand": {
			"rotation": [8, -2, 0],
			"translation": [10, -16, -6.5]
		},
		"ground": {
			"rotation": [0, 0, 90],
			"translation": [2.5, 6, 0]
		},
		"gui": {
			"rotation": [30, 135, 0],
			"translation": [0, -0.75, 0],
			"scale": [0.39, 0.39, 0.39]
		},
		"head": {
			"translation": [0, -22, 0],
			"scale": [2, 2, 2]
		},
		"fixed": {
			"rotation": [-90, 0, 0],
			"translation": [0, 0, -4],
			"scale": [2, 2, 2]
		}
	}
}