{
	"credit": "Made with Blockbench",
	"texture_size": [32, 32],
	"textures": {
		"0": "item/carved_pumpkin/brain_bowl",
		"particle": "item/carved_pumpkin/brain_bowl"
	},
	"elements": [
		{
			"from": [4, 5, 4],
			"to": [12, 8, 12],
			"rotation": {"angle": 0, "axis": "y", "origin": [12, 13, 12]},
			"faces": {
				"north": {"uv": [4, 0, 8, 1.5], "texture": "#0"},
				"east": {"uv": [0, 0, 4, 1.5], "texture": "#0"},
				"south": {"uv": [12, 0, 16, 1.5], "texture": "#0"},
				"west": {"uv": [8, 0, 12, 1.5], "texture": "#0"},
				"up": {"uv": [0, 1.5, 4, 5.5], "rotation": 180, "texture": "#0"},
				"down": {"uv": [0, 1.5, 4, 5.5], "texture": "#0"}
			}
		},
		{
			"from": [4, 12, 4],
			"to": [12, 12, 12],
			"rotation": {"angle": 0, "axis": "y", "origin": [12, 20, 12]},
			"faces": {
				"north": {"uv": [4, 4, 8, 6], "texture": "#0"},
				"east": {"uv": [0, 4, 4, 6], "texture": "#0"},
				"south": {"uv": [12, 4, 16, 6], "texture": "#0"},
				"west": {"uv": [8, 4, 12, 6], "texture": "#0"},
				"up": {"uv": [0, 8.5, 4, 12.5], "rotation": 180, "texture": "#0"},
				"down": {"uv": [4, 8.5, 0, 12.5], "texture": "#0"}
			}
		},
		{
			"from": [12, 8, 4],
			"to": [12, 12, 12],
			"rotation": {"angle": 0, "axis": "y", "origin": [20, 16, 12]},
			"faces": {
				"north": {"uv": [4, 4, 8, 6], "texture": "#0"},
				"east": {"uv": [0, 6.5, 4, 8.5], "texture": "#0"},
				"south": {"uv": [12, 4, 16, 6], "texture": "#0"},
				"west": {"uv": [4, 6.5, 0, 8.5], "texture": "#0"},
				"up": {"uv": [4, 0, 8, 4], "rotation": 180, "texture": "#0"},
				"down": {"uv": [8, 0, 12, 4], "texture": "#0"}
			}
		},
		{
			"from": [4, 8, 12],
			"to": [12, 12, 12],
			"rotation": {"angle": 0, "axis": "y", "origin": [12, 16, 20]},
			"faces": {
				"north": {"uv": [16, 6.5, 12, 8.5], "texture": "#0"},
				"east": {"uv": [0, 4, 4, 6], "texture": "#0"},
				"south": {"uv": [12, 6.5, 16, 8.5], "texture": "#0"},
				"west": {"uv": [8, 4, 12, 6], "texture": "#0"},
				"up": {"uv": [4, 0, 8, 4], "rotation": 180, "texture": "#0"},
				"down": {"uv": [8, 0, 12, 4], "texture": "#0"}
			}
		},
		{
			"from": [4, 8, 4],
			"to": [4, 12, 12],
			"rotation": {"angle": 0, "axis": "y", "origin": [12, 16, 12]},
			"faces": {
				"north": {"uv": [4, 4, 8, 6], "texture": "#0"},
				"east": {"uv": [12, 6.5, 8, 8.5], "texture": "#0"},
				"south": {"uv": [12, 4, 16, 6], "texture": "#0"},
				"west": {"uv": [8, 6.5, 12, 8.5], "texture": "#0"},
				"up": {"uv": [4, 0, 8, 4], "rotation": 180, "texture": "#0"},
				"down": {"uv": [8, 0, 12, 4], "texture": "#0"}
			}
		},
		{
			"from": [4, 8, 4],
			"to": [12, 12, 4],
			"rotation": {"angle": 0, "axis": "y", "origin": [12, 16, 12]},
			"faces": {
				"north": {"uv": [4, 6.5, 8, 8.5], "texture": "#0"},
				"east": {"uv": [0, 4, 4, 6], "texture": "#0"},
				"south": {"uv": [8, 6.5, 4, 8.5], "texture": "#0"},
				"west": {"uv": [8, 4, 12, 6], "texture": "#0"},
				"up": {"uv": [4, 0, 8, 4], "rotation": 180, "texture": "#0"},
				"down": {"uv": [8, 0, 12, 4], "texture": "#0"}
			}
		},
		{
			"from": [4.5, 8, 4.5],
			"to": [11.5, 9.75, 11.5],
			"rotation": {"angle": 0, "axis": "y", "origin": [12.5, 16, 12.5]},
			"faces": {
				"north": {"uv": [4, 5.5, 8, 6.5], "texture": "#0"},
				"east": {"uv": [0, 5.5, 4, 6.5], "texture": "#0"},
				"south": {"uv": [12, 5.5, 16, 6.5], "texture": "#0"},
				"west": {"uv": [8, 5.5, 12, 6.5], "texture": "#0"},
				"up": {"uv": [4, 1.5, 8, 5.5], "rotation": 180, "texture": "#0"},
				"down": {"uv": [4, 1.5, 8, 5.5], "texture": "#0"}
			}
		}
	],
	"display": {
		"thirdperson_righthand": {
			"rotation": [-14, -180, 0],
			"translation": [0, 2, -0.25]
		},
		"thirdperson_lefthand": {
			"rotation": [-14, -180, 0],
			"translation": [0, 2, -0.25]
		},
		"ground": {
			"translation": [0, -0.25, 0]
		},
		"gui": {
			"rotation": [30, 135, 0],
			"translation": [0, -0.5, 0]
		},
		"head": {
			"translation": [0, 7.375, 0],
			"scale": [1.9, 1.9, 1.9]
		},
		"fixed": {
			"rotation": [-90, 0, 0],
			"translation": [0, 0.25, -4],
			"scale": [1.58, 1.58, 1.58]
		}
	}
}