{
	"credit": "Made with Blockbench",
	"texture_size": [32, 32],
	"textures": {
		"0": "item/carved_pumpkin/carrot",
		"particle": "item/carved_pumpkin/carrot"
	},
	"elements": [
		{
			"from": [6.5, 0, 6.5],
			"to": [9.5, 3, 9.5],
			"faces": {
				"north": {"uv": [4, 4, 5.5, 5.5], "texture": "#0"},
				"east": {"uv": [0, 5, 1.5, 6.5], "texture": "#0"},
				"south": {"uv": [1.5, 5, 3, 6.5], "texture": "#0"},
				"west": {"uv": [3, 5.5, 4.5, 7], "texture": "#0"},
				"up": {"uv": [7, 5.5, 5.5, 4], "texture": "#0"},
				"down": {"uv": [6, 5.5, 4.5, 7], "texture": "#0"}
			}
		},
		{
			"from": [6, 3, 6],
			"to": [10, 8, 10],
			"faces": {
				"north": {"uv": [0, 0, 2, 2.5], "texture": "#0"},
				"east": {"uv": [2, 0, 4, 2.5], "texture": "#0"},
				"south": {"uv": [0, 2.5, 2, 5], "texture": "#0"},
				"west": {"uv": [2, 2.5, 4, 5], "texture": "#0"},
				"up": {"uv": [6, 2, 4, 0], "texture": "#0"},
				"down": {"uv": [6, 2, 4, 4], "texture": "#0"}
			}
		},
		{
			"from": [7, 11, 5],
			"to": [9, 12, 8],
			"rotation": {"angle": 22.5, "axis": "x", "origin": [0, 0, 0]},
			"faces": {
				"north": {"uv": [1, 7, 2, 7.5], "texture": "#0"},
				"east": {"uv": [6, 3.5, 7.5, 4], "texture": "#0"},
				"south": {"uv": [2, 7, 3, 7.5], "texture": "#0"},
				"west": {"uv": [1, 6.5, 2.5, 7], "texture": "#0"},
				"up": {"uv": [7, 7, 6, 5.5], "texture": "#0"},
				"down": {"uv": [1, 6.5, 0, 8], "texture": "#0"}
			}
		},
		{
			"from": [7, 4.75, 7],
			"to": [9, 5.75, 10],
			"rotation": {"angle": -22.5, "axis": "x", "origin": [0, 0, 0]},
			"faces": {
				"north": {"uv": [7, 4.5, 8, 5], "texture": "#0"},
				"east": {"uv": [7, 3, 8.5, 3.5], "texture": "#0"},
				"south": {"uv": [5, 7, 6, 7.5], "texture": "#0"},
				"west": {"uv": [7, 4, 8.5, 4.5], "texture": "#0"},
				"up": {"uv": [4, 8.5, 3, 7], "texture": "#0"},
				"down": {"uv": [5, 7, 4, 8.5], "texture": "#0"}
			}
		},
		{
			"from": [7, 4.75, 7],
			"to": [10, 5.75, 9],
			"rotation": {"angle": 22.5, "axis": "z", "origin": [0, 0, 0]},
			"faces": {
				"north": {"uv": [6, 2, 7.5, 2.5], "texture": "#0"},
				"east": {"uv": [3, 5, 4, 5.5], "texture": "#0"},
				"south": {"uv": [6, 2.5, 7.5, 3], "texture": "#0"},
				"west": {"uv": [6, 3, 7, 3.5], "texture": "#0"},
				"up": {"uv": [7.5, 1, 6, 0], "texture": "#0"},
				"down": {"uv": [7.5, 1, 6, 2], "texture": "#0"}
			}
		},
		{
			"from": [5, 10.75, 7],
			"to": [8, 11.75, 9],
			"rotation": {"angle": -22.5, "axis": "z", "origin": [0, 0, 0]},
			"faces": {
				"north": {"uv": [7, 6, 8.5, 6.5], "texture": "#0"},
				"east": {"uv": [7.5, 0, 8.5, 0.5], "texture": "#0"},
				"south": {"uv": [7, 6.5, 8.5, 7], "texture": "#0"},
				"west": {"uv": [7.5, 0.5, 8.5, 1], "texture": "#0"},
				"up": {"uv": [8.5, 6, 7, 5], "texture": "#0"},
				"down": {"uv": [7.5, 7, 6, 8], "texture": "#0"}
			}
		}
	],
	"display": {
		"thirdperson_righthand": {
			"translation": [0, 4.75, 0],
			"scale": [0.8, 0.8, 0.8]
		},
		"thirdperson_lefthand": {
			"translation": [0, 4.75, 0],
			"scale": [0.8, 0.8, 0.8]
		},
		"firstperson_righthand": {
			"translation": [0, 4.25, 0]
		},
		"firstperson_lefthand": {
			"translation": [0, 4.25, 0]
		},
		"ground": {
			"rotation": [90, 0, 0],
			"translation": [0, -2.75, 2.5],
			"scale": [0.65, 0.65, 0.65]
		},
		"gui": {
			"rotation": [34, 40, 0],
			"translation": [0, 3.25, 0]
		},
		"head": {
			"rotation": [-90, 0, 29],
			"translation": [-3.25, -6, -11],
			"scale": [0.8, 0.8, 0.8]
		},
		"fixed": {
			"rotation": [-90, 8, 0],
			"translation": [0, 0, -18.75],
			"scale": [3, 3, 3]
		}
	}
}