{
	"credit": "Made with Blockbench",
	"texture_size": [32, 32],
	"textures": {
		"1": "item/carved_pumpkin/cardboard_fire",
		"2": "item/carved_pumpkin/carton_rocket"
	},
	"elements": [
		{
			"from": [3, -9.8, 5],
			"to": [13, 0.7, 5],
			"faces": {
				"north": {"uv": [0, 0, 10, 10], "texture": "#1"},
				"east": {"uv": [0, 0, 10, 10], "texture": "#1"},
				"south": {"uv": [0, 0, 10, 10], "texture": "#1"},
				"west": {"uv": [0, 0, 10, 10], "texture": "#1"},
				"up": {"uv": [10, 0, 0, 10], "texture": "#1"},
				"down": {"uv": [10, 0, 0, 10], "texture": "#1"}
			}
		},
		{
			"from": [8, -9.8, 0],
			"to": [8, 0.7, 10],
			"faces": {
				"north": {"uv": [0, 0, 10, 10], "texture": "#1"},
				"east": {"uv": [0, 0, 10, 10], "texture": "#1"},
				"south": {"uv": [0, 0, 10, 10], "texture": "#1"},
				"west": {"uv": [0, 0, 10, 10], "texture": "#1"},
				"up": {"uv": [10, 0, 0, 10], "rotation": 90, "texture": "#1"},
				"down": {"uv": [10, 0, 0, 10], "rotation": 270, "texture": "#1"}
			}
		},
		{
			"from": [11.75, -2, 5],
			"to": [19.75, 10, 5],
			"faces": {
				"north": {"uv": [6, 4.25, 4, 7.25], "texture": "#2"},
				"east": {"uv": [0, 0, 0, 3], "texture": "#2"},
				"south": {"uv": [4, 4.25, 6, 7.25], "texture": "#2"},
				"west": {"uv": [0, 0, 0, 3], "texture": "#2"},
				"up": {"uv": [2, 0, 0, 0], "texture": "#2"},
				"down": {"uv": [2, 0, 0, 0], "texture": "#2"}
			}
		},
		{
			"from": [4.25, 4.25, 1.25],
			"to": [11.75, 21, 8.75],
			"faces": {
				"north": {"uv": [0, 0, 1.875, 4.25], "texture": "#2"},
				"east": {"uv": [4, 0, 5.875, 4.25], "texture": "#2"},
				"south": {"uv": [3.875, 0, 2, 4.25], "texture": "#2"},
				"west": {"uv": [4, 0, 5.875, 4.25], "texture": "#2"},
				"up": {"uv": [1.875, 6.25, 0, 4.375], "texture": "#2"},
				"down": {"uv": [1.875, 6.375, 0, 8.25], "texture": "#2"}
			}
		},
		{
			"from": [5.25, 21, 2.25],
			"to": [10.75, 31, 7.75],
			"faces": {
				"north": {"uv": [6, 0, 7.375, 2.5], "texture": "#2"},
				"east": {"uv": [7.375, 2.5, 6, 5], "texture": "#2"},
				"south": {"uv": [6, 0, 7.375, 2.5], "texture": "#2"},
				"west": {"uv": [7.375, 2.5, 6, 5], "texture": "#2"},
				"up": {"uv": [7.375, 6.375, 6, 5], "texture": "#2"},
				"down": {"uv": [7.375, 5, 6, 6.375], "texture": "#2"}
			}
		},
		{
			"from": [5.75, 3, 2.75],
			"to": [10.25, 4.25, 7.25],
			"faces": {
				"north": {"uv": [7.5, 0.75, 8.625, 1.125], "texture": "#2"},
				"east": {"uv": [7.5, 0.75, 8.625, 1.125], "texture": "#2"},
				"south": {"uv": [7.5, 0.75, 8.625, 1.125], "texture": "#2"},
				"west": {"uv": [7.5, 0.75, 8.625, 1.125], "texture": "#2"},
				"up": {"uv": [8.75, 2.5, 7.625, 1.375], "texture": "#2"},
				"down": {"uv": [8.75, 1.375, 7.625, 2.5], "texture": "#2"}
			}
		},
		{
			"from": [5.5, 0.75, 2.5],
			"to": [10.5, 3, 7.5],
			"faces": {
				"north": {"uv": [7.5, 0, 8.75, 0.625], "texture": "#2"},
				"east": {"uv": [7.5, 0, 8.75, 0.625], "texture": "#2"},
				"south": {"uv": [7.5, 0, 8.75, 0.625], "texture": "#2"},
				"west": {"uv": [8.75, 0, 7.5, 0.625], "texture": "#2"},
				"up": {"uv": [8.75, 2.5, 7.5, 1.25], "texture": "#2"},
				"down": {"uv": [8.75, 2.625, 7.5, 3.875], "texture": "#2"}
			}
		},
		{
			"from": [8, -2, -6.75],
			"to": [8, 10, 1.25],
			"faces": {
				"north": {"uv": [0, 0, 0, 3], "texture": "#2"},
				"east": {"uv": [3.875, 4.25, 1.875, 7.25], "texture": "#2"},
				"south": {"uv": [0, 0, 0, 3], "texture": "#2"},
				"west": {"uv": [1.875, 4.25, 3.875, 7.25], "texture": "#2"},
				"up": {"uv": [2, 0, 0, 0], "rotation": 90, "texture": "#2"},
				"down": {"uv": [2, 0, 0, 0], "rotation": 270, "texture": "#2"}
			}
		},
		{
			"from": [-3.75, -2, 5],
			"to": [4.25, 10, 5],
			"faces": {
				"north": {"uv": [4, 4.25, 6, 7.25], "texture": "#2"},
				"east": {"uv": [0, 0, 0, 3], "texture": "#2"},
				"south": {"uv": [6, 4.25, 4, 7.25], "texture": "#2"},
				"west": {"uv": [0, 0, 0, 3], "texture": "#2"},
				"up": {"uv": [2, 0, 0, 0], "texture": "#2"},
				"down": {"uv": [2, 0, 0, 0], "texture": "#2"}
			}
		},
		{
			"from": [8, -2, 8.75],
			"to": [8, 10, 16.75],
			"faces": {
				"north": {"uv": [0, 0, 0, 3], "texture": "#2"},
				"east": {"uv": [1.875, 4.25, 3.875, 7.25], "texture": "#2"},
				"south": {"uv": [0, 0, 0, 3], "texture": "#2"},
				"west": {"uv": [3.875, 4.25, 1.875, 7.25], "texture": "#2"},
				"up": {"uv": [2, 0, 0, 0], "rotation": 270, "texture": "#2"},
				"down": {"uv": [2, 0, 0, 0], "rotation": 90, "texture": "#2"}
			}
		}
	],
	"display": {
		"thirdperson_righthand": {
			"translation": [0, -4, -0.75],
			"scale": [0.5, 0.5, 0.5]
		},
		"thirdperson_lefthand": {
			"translation": [0, -4, -0.75],
			"scale": [0.5, 0.5, 0.5]
		},
		"firstperson_righthand": {
			"rotation": [-10, 125, 17],
			"translation": [1.5, 2.25, 0],
			"scale": [0.5, 0.5, 0.5]
		},
		"firstperson_lefthand": {
			"rotation": [-10, 125, 17],
			"translation": [1.5, 2.25, 0],
			"scale": [0.5, 0.5, 0.5]
		},
		"ground": {
			"rotation": [0, 0, 90],
			"translation": [2, 1.5, 1.25],
			"scale": [0.5, 0.5, 0.5]
		},
		"gui": {
			"rotation": [30, -140, -94],
			"translation": [0.5, 0.75, 0],
			"scale": [0.4, 0.4, 0.4]
		},
		"head": {
			"rotation": [-40, 0, 0],
			"translation": [-0.1, -10.75, 23.5],
			"scale": [4, 4, 4]
		},
		"fixed": {
			"rotation": [-90, 0, 0],
			"translation": [0, 11.25, -29],
			"scale": [4, 4, 4]
		}
	},
	"groups": [
		0,
		1,
		{
			"name": "group",
			"origin": [0, 0, 0],
			"color": 0,
			"children": [2, 3, 4, 5, 6, 7, 8, 9]
		}
	]
}