{
	"credit": "Made with Blockbench",
	"texture_size": [32, 32],
	"textures": {
		"0": "item/carved_pumpkin/cat-18_black",
		"particle": "item/carved_pumpkin/cat-18_black"
	},
	"elements": [
		{
			"from": [1.80656, 4.2517, 8.5],
			"to": [7.80656, 11.2517, 8.5],
			"rotation": {"angle": 45, "axis": "z", "origin": [4.80656, 6.2517, 8.5]},
			"faces": {
				"north": {"uv": [0, 0, 3, 3.5], "texture": "#0"},
				"east": {"uv": [0, 0, 0, 3.5], "texture": "#0"},
				"south": {"uv": [3, 0, 0, 3.5], "texture": "#0"},
				"west": {"uv": [0, 0, 0, 3.5], "texture": "#0"},
				"up": {"uv": [0, 0, 3, 0], "texture": "#0"},
				"down": {"uv": [0, 0, 3, 0], "texture": "#0"}
			}
		},
		{
			"from": [8.19344, 4.2517, 8],
			"to": [14.19344, 11.2517, 8],
			"rotation": {"angle": -45, "axis": "z", "origin": [11.19344, 6.2517, 8.5]},
			"faces": {
				"north": {"uv": [0, 3.5, 3, 7], "texture": "#0"},
				"east": {"uv": [0, 0, 0, 3.5], "texture": "#0"},
				"south": {"uv": [3, 3.5, 0, 7], "texture": "#0"},
				"west": {"uv": [0, 0, 0, 3.5], "texture": "#0"},
				"up": {"uv": [3, 0, 0, 0], "texture": "#0"},
				"down": {"uv": [3, 0, 0, 0], "texture": "#0"}
			}
		},
		{
			"from": [7.4803, -1.5, 5],
			"to": [8.4803, -0.5, 6],
			"rotation": {"angle": 22.5, "axis": "x", "origin": [7.9803, -1, 5.5]},
			"faces": {
				"north": {"uv": [6.5, 0.5, 7, 1], "texture": "#0"},
				"east": {"uv": [6.5, 0, 7, 0.5], "texture": "#0"},
				"south": {"uv": [6, 0.5, 6.5, 1], "texture": "#0"},
				"west": {"uv": [6.5, 0, 7, 0.5], "texture": "#0"},
				"up": {"uv": [6.5, 1, 6, 0.5], "texture": "#0"},
				"down": {"uv": [6.5, 0, 6, 0.5], "texture": "#0"}
			}
		},
		{
			"from": [6, -0.5, 5],
			"to": [10, 0.5, 6],
			"faces": {
				"north": {"uv": [5.5, 6, 7.5, 6.5], "texture": "#0"},
				"east": {"uv": [5.5, 6, 6, 6.5], "texture": "#0"},
				"south": {"uv": [5.5, 6, 7.5, 6.5], "texture": "#0"},
				"west": {"uv": [7, 6, 7.5, 6.5], "texture": "#0"},
				"up": {"uv": [7.5, 6.5, 5.5, 6], "texture": "#0"},
				"down": {"uv": [7.5, 6, 5.5, 6.5], "texture": "#0"}
			}
		},
		{
			"from": [6, -0.5, 10],
			"to": [10, 0.5, 11],
			"faces": {
				"north": {"uv": [5.5, 6, 7.5, 6.5], "texture": "#0"},
				"east": {"uv": [5.5, 6, 6, 6.5], "texture": "#0"},
				"south": {"uv": [5.5, 6, 7.5, 6.5], "texture": "#0"},
				"west": {"uv": [7, 6, 7.5, 6.5], "texture": "#0"},
				"up": {"uv": [7.5, 6.5, 5.5, 6], "texture": "#0"},
				"down": {"uv": [7.5, 6, 5.5, 6.5], "texture": "#0"}
			}
		},
		{
			"from": [5, -0.5, 6],
			"to": [6, 0.5, 10],
			"rotation": {"angle": 0, "axis": "y", "origin": [8, 0, 5.5]},
			"faces": {
				"north": {"uv": [5.5, 6, 6, 6.5], "texture": "#0"},
				"east": {"uv": [5.5, 6, 7.5, 6.5], "texture": "#0"},
				"south": {"uv": [5.5, 6, 6, 6.5], "texture": "#0"},
				"west": {"uv": [5.5, 6, 7.5, 6.5], "texture": "#0"},
				"up": {"uv": [5.5, 6, 7.5, 6.5], "rotation": 270, "texture": "#0"},
				"down": {"uv": [5.5, 6, 7.5, 6.5], "rotation": 90, "texture": "#0"}
			}
		},
		{
			"from": [10, -0.5, 6],
			"to": [11, 0.5, 10],
			"rotation": {"angle": 0, "axis": "y", "origin": [8, 0, 5.5]},
			"faces": {
				"north": {"uv": [6, 6, 5.5, 6.5], "texture": "#0"},
				"east": {"uv": [7.5, 6, 5.5, 6.5], "texture": "#0"},
				"south": {"uv": [6, 6, 5.5, 6.5], "texture": "#0"},
				"west": {"uv": [7.5, 6, 5.5, 6.5], "texture": "#0"},
				"up": {"uv": [5.5, 6.5, 7.5, 6], "rotation": 270, "texture": "#0"},
				"down": {"uv": [5.5, 6.5, 7.5, 6], "rotation": 90, "texture": "#0"}
			}
		},
		{
			"from": [1.80656, 4.2517, 8],
			"to": [7.80656, 11.2517, 8],
			"rotation": {"angle": 45, "axis": "z", "origin": [4.80656, 6.2517, 8.5]},
			"faces": {
				"north": {"uv": [3, 3.5, 0, 7], "texture": "#0"},
				"east": {"uv": [0, 0, 0, 3.5], "texture": "#0"},
				"south": {"uv": [0, 3.5, 3, 7], "texture": "#0"},
				"west": {"uv": [0, 0, 0, 3.5], "texture": "#0"},
				"up": {"uv": [0, 0, 3, 0], "texture": "#0"},
				"down": {"uv": [0, 0, 3, 0], "texture": "#0"}
			}
		},
		{
			"from": [8.19344, 4.2517, 7.5],
			"to": [14.19344, 11.2517, 7.5],
			"rotation": {"angle": -45, "axis": "z", "origin": [11.19344, 6.2517, 8.5]},
			"faces": {
				"north": {"uv": [3, 0, 6, 3.5], "texture": "#0"},
				"east": {"uv": [0, 0, 0, 3.5], "texture": "#0"},
				"south": {"uv": [6, 0, 3, 3.5], "texture": "#0"},
				"west": {"uv": [0, 0, 0, 3.5], "texture": "#0"},
				"up": {"uv": [3, 0, 0, 0], "texture": "#0"},
				"down": {"uv": [3, 0, 0, 0], "texture": "#0"}
			}
		},
		{
			"from": [1.80656, 4.2517, 7.5],
			"to": [7.80656, 11.2517, 7.5],
			"rotation": {"angle": 45, "axis": "z", "origin": [4.80656, 6.2517, 8.5]},
			"faces": {
				"north": {"uv": [6, 0, 3, 3.5], "texture": "#0"},
				"east": {"uv": [0, 0, 0, 3.5], "texture": "#0"},
				"south": {"uv": [3, 0, 6, 3.5], "texture": "#0"},
				"west": {"uv": [0, 0, 0, 3.5], "texture": "#0"},
				"up": {"uv": [0, 0, 3, 0], "texture": "#0"},
				"down": {"uv": [0, 0, 3, 0], "texture": "#0"}
			}
		},
		{
			"from": [8.19344, 4.2517, 8.5],
			"to": [12.19344, 9.2517, 9.5],
			"rotation": {"angle": -45, "axis": "z", "origin": [11.19344, 6.2517, 8.5]},
			"faces": {
				"north": {"uv": [14, 13.5, 16, 16], "texture": "#0"},
				"east": {"uv": [2, 7, 2.5, 9.5], "texture": "#0"},
				"south": {"uv": [0, 7, 2, 9.5], "texture": "#0"},
				"west": {"uv": [2.5, 7, 3, 9.5], "texture": "#0"},
				"up": {"uv": [2, 10, 0, 9.5], "texture": "#0"},
				"down": {"uv": [4, 9.5, 2, 10], "texture": "#0"}
			}
		},
		{
			"from": [-0.18198, 11.25, 6.5],
			"to": [1.81802, 11.25, 8.5],
			"rotation": {"angle": 45, "axis": "z", "origin": [1.81802, 13.47487, 7.5]},
			"faces": {
				"north": {"uv": [1, 0, 0, 0], "rotation": 180, "texture": "#0"},
				"east": {"uv": [1, 0, 0, 0], "rotation": 180, "texture": "#0"},
				"south": {"uv": [1, 0, 0, 0], "rotation": 180, "texture": "#0"},
				"west": {"uv": [1, 0, 0, 0], "rotation": 180, "texture": "#0"},
				"up": {"uv": [4, 3.5, 3, 4.5], "rotation": 180, "texture": "#0"},
				"down": {"uv": [4, 4.5, 3, 3.5], "rotation": 180, "texture": "#0"}
			}
		},
		{
			"from": [11.5, 6.78, 6.5],
			"to": [11.5, 12.78, 8.5],
			"rotation": {"angle": -45, "axis": "z", "origin": [11, 11, 8]},
			"faces": {
				"north": {"uv": [0, 0, 0, 3], "texture": "#0"},
				"east": {"uv": [7.5, 3, 6.5, 6], "texture": "#0"},
				"south": {"uv": [0, 0, 0, 3], "texture": "#0"},
				"west": {"uv": [6.5, 3, 7.5, 6], "texture": "#0"},
				"up": {"uv": [0, 1, 0, 0], "texture": "#0"},
				"down": {"uv": [0, 0, 0, 1], "texture": "#0"}
			}
		},
		{
			"from": [14.18198, 11.25, 6.5],
			"to": [16.18198, 11.25, 8.5],
			"rotation": {"angle": -45, "axis": "z", "origin": [14.18198, 13.47487, 7.5]},
			"faces": {
				"north": {"uv": [0, 0, 1, 0], "rotation": 180, "texture": "#0"},
				"east": {"uv": [0, 0, 1, 0], "rotation": 180, "texture": "#0"},
				"south": {"uv": [0, 0, 1, 0], "rotation": 180, "texture": "#0"},
				"west": {"uv": [0, 0, 1, 0], "rotation": 180, "texture": "#0"},
				"up": {"uv": [3, 3.5, 4, 4.5], "rotation": 180, "texture": "#0"},
				"down": {"uv": [3, 4.5, 4, 3.5], "rotation": 180, "texture": "#0"}
			}
		},
		{
			"from": [4.5, 6.78, 6.5],
			"to": [4.5, 12.78, 8.5],
			"rotation": {"angle": 45, "axis": "z", "origin": [5, 11, 8]},
			"faces": {
				"north": {"uv": [0, 0, 0, 3], "texture": "#0"},
				"east": {"uv": [7.5, 3, 6.5, 6], "texture": "#0"},
				"south": {"uv": [0, 0, 0, 3], "texture": "#0"},
				"west": {"uv": [6.5, 3, 7.5, 6], "texture": "#0"},
				"up": {"uv": [0, 1, 0, 0], "texture": "#0"},
				"down": {"uv": [0, 0, 0, 1], "texture": "#0"}
			}
		},
		{
			"from": [-1, -1.5, 9],
			"to": [4, 4.5, 9],
			"rotation": {"angle": 22.5, "axis": "y", "origin": [1.5, 2, 8]},
			"faces": {
				"north": {"uv": [3, 6.5, 5.5, 9.5], "texture": "#0"},
				"east": {"uv": [0, 0, 0, 3], "texture": "#0"},
				"south": {"uv": [5.5, 6.5, 3, 9.5], "texture": "#0"},
				"west": {"uv": [0, 0, 0, 3], "texture": "#0"},
				"up": {"uv": [0, 0, 2.5, 0], "texture": "#0"},
				"down": {"uv": [0, 0, 2.5, 0], "texture": "#0"}
			}
		},
		{
			"from": [12, -1.5, 9],
			"to": [17, 4.5, 9],
			"rotation": {"angle": -22.5, "axis": "y", "origin": [14.5, 2, 8]},
			"faces": {
				"north": {"uv": [5.5, 6.5, 3, 9.5], "texture": "#0"},
				"east": {"uv": [0, 0, 0, 3], "texture": "#0"},
				"south": {"uv": [3, 6.5, 5.5, 9.5], "texture": "#0"},
				"west": {"uv": [0, 0, 0, 3], "texture": "#0"},
				"up": {"uv": [2.5, 0, 0, 0], "texture": "#0"},
				"down": {"uv": [2.5, 0, 0, 0], "texture": "#0"}
			}
		},
		{
			"from": [3.80656, 4.2517, 8.5],
			"to": [7.80656, 9.2517, 9.5],
			"rotation": {"angle": 45, "axis": "z", "origin": [4.80656, 6.2517, 8.5]},
			"faces": {
				"north": {"uv": [16, 13.5, 14, 16], "texture": "#0"},
				"east": {"uv": [3, 7, 2.5, 9.5], "texture": "#0"},
				"south": {"uv": [2, 7, 0, 9.5], "texture": "#0"},
				"west": {"uv": [2.5, 7, 2, 9.5], "texture": "#0"},
				"up": {"uv": [0, 10, 2, 9.5], "texture": "#0"},
				"down": {"uv": [2, 9.5, 4, 10], "texture": "#0"}
			}
		},
		{
			"from": [8.19344, 4.2517, 8.5],
			"to": [14.19344, 11.2517, 8.5],
			"rotation": {"angle": -45, "axis": "z", "origin": [11.19344, 6.2517, 8.5]},
			"faces": {
				"north": {"uv": [3, 0, 0, 3.5], "texture": "#0"},
				"east": {"uv": [0, 0, 0, 3.5], "texture": "#0"},
				"south": {"uv": [0, 0, 3, 3.5], "texture": "#0"},
				"west": {"uv": [0, 0, 0, 3.5], "texture": "#0"},
				"up": {"uv": [3, 0, 0, 0], "texture": "#0"},
				"down": {"uv": [3, 0, 0, 0], "texture": "#0"}
			}
		},
		{
			"from": [2.5, 2.5, 5.7],
			"to": [3.5, 3.5, 6.7],
			"rotation": {"angle": 22.5, "axis": "x", "origin": [7.9803, -1, 5.5]},
			"faces": {
				"north": {"uv": [6, 0, 6.5, 0.5], "rotation": 180, "texture": "#0"},
				"east": {"uv": [6.5, 0, 7, 0.5], "rotation": 270, "texture": "#0"},
				"south": {"uv": [6, 0.5, 6.5, 1], "texture": "#0"},
				"west": {"uv": [6.5, 0, 7, 0.5], "rotation": 90, "texture": "#0"},
				"up": {"uv": [6.5, 0.5, 7, 1], "rotation": 180, "texture": "#0"},
				"down": {"uv": [6, 0.5, 6.5, 1], "texture": "#0"}
			}
		},
		{
			"from": [12.5, 2.5, 5.7],
			"to": [13.5, 3.5, 6.7],
			"rotation": {"angle": 22.5, "axis": "x", "origin": [8.0197, -1, 5.5]},
			"faces": {
				"north": {"uv": [6.5, 0, 6, 0.5], "rotation": 180, "texture": "#0"},
				"east": {"uv": [6.5, 0.5, 7, 0], "rotation": 90, "texture": "#0"},
				"south": {"uv": [6.5, 0.5, 6, 1], "texture": "#0"},
				"west": {"uv": [6.5, 0.5, 7, 0], "rotation": 270, "texture": "#0"},
				"up": {"uv": [7, 0.5, 6.5, 1], "rotation": 180, "texture": "#0"},
				"down": {"uv": [6.5, 0.5, 6, 1], "texture": "#0"}
			}
		}
	],
	"display": {
		"thirdperson_righthand": {
			"rotation": [13, 5, 1],
			"translation": [0, 0, -1.25],
			"scale": [0.5, 0.5, 0.5]
		},
		"thirdperson_lefthand": {
			"rotation": [13, 5, 1],
			"translation": [0, 0, -1.25],
			"scale": [0.5, 0.5, 0.5]
		},
		"firstperson_righthand": {
			"rotation": [-11, 135, 0],
			"translation": [9, 5.5, 0]
		},
		"firstperson_lefthand": {
			"rotation": [-11, 135, 0],
			"translation": [9, 5.5, 0]
		},
		"ground": {
			"rotation": [90, 0, 0],
			"translation": [0, -0.75, 3.25]
		},
		"gui": {
			"rotation": [0, 180, 0],
			"translation": [0, 2.75, 0]
		},
		"head": {
			"translation": [0, 6.25, 0],
			"scale": [1.58, 1.58, 1.58]
		},
		"fixed": {
			"translation": [0, 6.5, -6],
			"scale": [2, 2, 2]
		}
	}
}