{
	"credit": "Made with Blockbench",
	"texture_size": [32, 32],
	"textures": {
		"0": "item/carved_pumpkin/chasi",
		"1": "item/carved_pumpkin/chasi_2",
		"particle": "item/carved_pumpkin/chasi"
	},
	"elements": [
		{
			"from": [4, 8, 4],
			"to": [12, 15, 12],
			"rotation": {"angle": 0, "axis": "y", "origin": [12, 16, 12]},
			"faces": {
				"north": {"uv": [0, 0, 4, 3.5], "texture": "#0"},
				"east": {"uv": [12, 0, 16, 3.5], "texture": "#0"},
				"south": {"uv": [8, 0, 12, 3.5], "texture": "#0"},
				"west": {"uv": [4, 0, 8, 3.5], "texture": "#0"},
				"up": {"uv": [0, 3.5, 4, 7.5], "rotation": 180, "texture": "#0"}
			}
		},
		{
			"from": [3.75, 9, 3.75],
			"to": [3.75, 12, 12.25],
			"rotation": {"angle": 0, "axis": "y", "origin": [11.75, 17, 11.75]},
			"faces": {
				"north": {"uv": [0, 7.5, 4, 9], "texture": "#0"},
				"east": {"uv": [8, 7.5, 4, 9], "texture": "#0"},
				"south": {"uv": [8, 7.5, 12, 9], "texture": "#0"},
				"west": {"uv": [4, 7.5, 8, 9], "texture": "#0"},
				"up": {"uv": [0, 3.5, 4, 7.5], "rotation": 180, "texture": "#0"}
			}
		},
		{
			"from": [12.25, 9, 3.75],
			"to": [12.25, 12, 12.25],
			"rotation": {"angle": 0, "axis": "y", "origin": [20.25, 17, 11.75]},
			"faces": {
				"north": {"uv": [0, 7.5, 4, 9], "texture": "#0"},
				"east": {"uv": [12, 7.5, 16, 9], "texture": "#0"},
				"south": {"uv": [8, 7.5, 12, 9], "texture": "#0"},
				"west": {"uv": [16, 7.5, 12, 9], "texture": "#0"},
				"up": {"uv": [0, 3.5, 4, 7.5], "rotation": 180, "texture": "#0"}
			}
		},
		{
			"from": [3.75, 9, 3.75],
			"to": [12.25, 12, 3.75],
			"rotation": {"angle": 0, "axis": "y", "origin": [11.75, 17, 11.75]},
			"faces": {
				"north": {"uv": [0, 7.5, 4, 9], "texture": "#0"},
				"east": {"uv": [12, 7.5, 16, 9], "texture": "#0"},
				"south": {"uv": [4, 7.5, 0, 9], "texture": "#0"},
				"west": {"uv": [4, 7.5, 8, 9], "texture": "#0"},
				"up": {"uv": [0, 3.5, 4, 7.5], "rotation": 180, "texture": "#0"}
			}
		},
		{
			"from": [3.75, 9, 12.25],
			"to": [12.25, 12, 12.25],
			"rotation": {"angle": 0, "axis": "y", "origin": [11.75, 17, 20.25]},
			"faces": {
				"north": {"uv": [12, 7.5, 8, 9], "texture": "#0"},
				"east": {"uv": [12, 7.5, 16, 9], "texture": "#0"},
				"south": {"uv": [8, 7.5, 12, 9], "texture": "#0"},
				"west": {"uv": [4, 7.5, 8, 9], "texture": "#0"},
				"up": {"uv": [0, 3.5, 4, 7.5], "rotation": 180, "texture": "#0"}
			}
		},
		{
			"from": [2, 6, 2],
			"to": [14, 8, 14],
			"rotation": {"angle": 0, "axis": "y", "origin": [10, 14, 10]},
			"faces": {
				"north": {"uv": [0, 9, 6, 10], "texture": "#0"},
				"east": {"uv": [6, 9, 12, 10], "texture": "#0"},
				"south": {"uv": [0, 9, 6, 10], "texture": "#0"},
				"west": {"uv": [6, 9, 12, 10], "texture": "#0"},
				"up": {"uv": [0, 10, 6, 16], "rotation": 180, "texture": "#0"},
				"down": {"uv": [6, 10, 12, 16], "texture": "#0"}
			}
		},
		{
			"from": [5.5, 8, 3],
			"to": [10.5, 13, 4],
			"rotation": {"angle": 0, "axis": "y", "origin": [13.5, 16, 11]},
			"faces": {
				"north": {"uv": [0, 0, 10, 10], "texture": "#1"},
				"east": {"uv": [4, 3.5, 4.5, 6], "texture": "#0"},
				"west": {"uv": [4, 3.5, 4.5, 6], "texture": "#0"},
				"up": {"uv": [4.5, 3.5, 5, 6], "rotation": 90, "texture": "#0"}
			}
		}
	],
	"display": {
		"thirdperson_righthand": {
			"rotation": [-8.5, -180, 0]
		},
		"thirdperson_lefthand": {
			"rotation": [-8.5, -180, 0]
		},
		"ground": {
			"translation": [0, -0.75, 0]
		},
		"gui": {
			"rotation": [30, 132, 0],
			"translation": [0, -1, 0],
			"scale": [0.9, 0.9, 0.9]
		},
		"head": {
			"translation": [0, 5, 0],
			"scale": [1.9, 1.9, 1.9]
		},
		"fixed": {
			"rotation": [-90, 0, 0],
			"translation": [0, 0, -3.5],
			"scale": [1.58, 1.58, 1.58]
		}
	}
}