{
	"credit": "Made with Blockbench",
	"texture_size": [64, 64],
	"textures": {
		"1": "item/carved_pumpkin/chopper"
	},
	"elements": [
		{
			"from": [7, 3, 2.9],
			"to": [9, 9, 4.9],
			"rotation": {"angle": 45, "axis": "z", "origin": [8, 6, 3.9]},
			"faces": {
				"north": {"uv": [6, 7.25, 6.5, 8.75], "texture": "#1"},
				"east": {"uv": [3.5, 10.5, 4, 12], "texture": "#1"},
				"south": {"uv": [10.5, 10.5, 11, 12], "texture": "#1"},
				"west": {"uv": [10.75, 0, 11.25, 1.5], "texture": "#1"},
				"up": {"uv": [12.5, 3.25, 12, 2.75], "texture": "#1"},
				"down": {"uv": [12.5, 3.25, 12, 3.75], "texture": "#1"}
			}
		},
		{
			"from": [7, 3, 2.9],
			"to": [9, 9, 4.9],
			"rotation": {"angle": -45, "axis": "z", "origin": [8, 6, 3.9]},
			"faces": {
				"north": {"uv": [10.75, 1.5, 11.25, 3], "texture": "#1"},
				"east": {"uv": [10.75, 3, 11.25, 4.5], "texture": "#1"},
				"south": {"uv": [5.75, 10.75, 6.25, 12.25], "texture": "#1"},
				"west": {"uv": [6.25, 10.75, 6.75, 12.25], "texture": "#1"},
				"up": {"uv": [4, 12.5, 3.5, 12], "texture": "#1"},
				"down": {"uv": [4.5, 12, 4, 12.5], "texture": "#1"}
			}
		},
		{
			"from": [1.9, 4.65, 6.9],
			"to": [3.1, 9.85, 8.1],
			"rotation": {"angle": 45, "axis": "z", "origin": [2.5, 6.25, 7.5]},
			"faces": {
				"north": {"uv": [10.25, 11.5, 10.5, 12.75], "texture": "#1"},
				"east": {"uv": [11.5, 10.25, 11.75, 11.5], "texture": "#1"},
				"south": {"uv": [11.5, 11.5, 11.75, 12.75], "texture": "#1"},
				"west": {"uv": [0, 11.75, 0.25, 13], "texture": "#1"},
				"up": {"uv": [6.5, 12.5, 6.25, 12.25], "texture": "#1"},
				"down": {"uv": [6.75, 12.25, 6.5, 12.5], "texture": "#1"}
			}
		},
		{
			"from": [2.95, 6.4, 6.8],
			"to": [4.35, 8.8, 8.2],
			"rotation": {"angle": 45, "axis": "z", "origin": [3.65, 5.1, 7.5]},
			"faces": {
				"north": {"uv": [4.5, 12, 4.75, 12.5], "texture": "#1"},
				"east": {"uv": [4.75, 12, 5, 12.5], "texture": "#1"},
				"south": {"uv": [12, 8.75, 12.25, 9.25], "texture": "#1"},
				"west": {"uv": [9.5, 12, 9.75, 12.5], "texture": "#1"},
				"up": {"uv": [8, 12.5, 7.75, 12.25], "texture": "#1"},
				"down": {"uv": [9, 12.25, 8.75, 12.5], "texture": "#1"}
			}
		},
		{
			"from": [-0.3, 7.3, 5.3],
			"to": [1.1, 8.7, 10.7],
			"rotation": {"angle": 45, "axis": "z", "origin": [-0.6, 8, 8]},
			"faces": {
				"north": {"uv": [12.25, 8.75, 12.5, 9], "texture": "#1"},
				"east": {"uv": [11.25, 5, 12.5, 5.25], "texture": "#1"},
				"south": {"uv": [9, 12.25, 9.25, 12.5], "texture": "#1"},
				"west": {"uv": [11.75, 0, 13, 0.25], "texture": "#1"},
				"up": {"uv": [0.5, 13, 0.25, 11.75], "texture": "#1"},
				"down": {"uv": [12, 0.25, 11.75, 1.5], "texture": "#1"}
			}
		},
		{
			"from": [0.5, 8.35, 9.25],
			"to": [1.8, 13.65, 10.55],
			"rotation": {"angle": -22.5, "axis": "z", "origin": [2.15, 11, 9.9]},
			"faces": {
				"north": {"uv": [0.5, 11.75, 0.75, 13], "texture": "#1"},
				"east": {"uv": [0.75, 11.75, 1, 13], "texture": "#1"},
				"south": {"uv": [1, 11.75, 1.25, 13], "texture": "#1"},
				"west": {"uv": [1.25, 11.75, 1.5, 13], "texture": "#1"},
				"up": {"uv": [12.5, 9.25, 12.25, 9], "texture": "#1"},
				"down": {"uv": [9.5, 12.25, 9.25, 12.5], "texture": "#1"}
			}
		},
		{
			"from": [-0.55, 8.4, 9.2],
			"to": [0.85, 14.8, 10.6],
			"rotation": {"angle": 0, "axis": "y", "origin": [1.15, 11.1, 9.9]},
			"faces": {
				"north": {"uv": [5.75, 9.25, 6, 10.75], "texture": "#1"},
				"east": {"uv": [7.75, 10.75, 8, 12.25], "texture": "#1"},
				"south": {"uv": [5.5, 11, 5.75, 12.5], "texture": "#1"},
				"west": {"uv": [11, 10.5, 11.25, 12], "texture": "#1"},
				"up": {"uv": [12.5, 9.5, 12.25, 9.25], "texture": "#1"},
				"down": {"uv": [12.5, 9.5, 12.25, 9.75], "texture": "#1"}
			}
		},
		{
			"from": [0.55, 8.4, 5.2],
			"to": [1.75, 13.6, 6.4],
			"rotation": {"angle": -22.5, "axis": "z", "origin": [2.15, 11, 5.8]},
			"faces": {
				"north": {"uv": [1.5, 11.75, 1.75, 13], "texture": "#1"},
				"east": {"uv": [11.75, 1.5, 12, 2.75], "texture": "#1"},
				"south": {"uv": [1.75, 11.75, 2, 13], "texture": "#1"},
				"west": {"uv": [2, 11.75, 2.25, 13], "texture": "#1"},
				"up": {"uv": [10, 12.5, 9.75, 12.25], "texture": "#1"},
				"down": {"uv": [12.5, 9.75, 12.25, 10], "texture": "#1"}
			}
		},
		{
			"from": [-0.55, 8.4, 5.1],
			"to": [0.85, 14.8, 6.5],
			"rotation": {"angle": 0, "axis": "y", "origin": [1.15, 11.1, 5.8]},
			"faces": {
				"north": {"uv": [11.25, 0, 11.5, 1.5], "texture": "#1"},
				"east": {"uv": [11.25, 1.5, 11.5, 3], "texture": "#1"},
				"south": {"uv": [11.25, 3, 11.5, 4.5], "texture": "#1"},
				"west": {"uv": [11.25, 10.5, 11.5, 12], "texture": "#1"},
				"up": {"uv": [10.25, 12.5, 10, 12.25], "texture": "#1"},
				"down": {"uv": [12.5, 10, 12.25, 10.25], "texture": "#1"}
			}
		},
		{
			"from": [-0.2, 9.9, 9.3],
			"to": [4, 11.1, 10.5],
			"rotation": {"angle": 45, "axis": "z", "origin": [2.4, 9.5, 9.9]},
			"faces": {
				"north": {"uv": [12, 3.75, 13, 4], "texture": "#1"},
				"east": {"uv": [12.25, 10.25, 12.5, 10.5], "texture": "#1"},
				"south": {"uv": [12, 4.5, 13, 4.75], "texture": "#1"},
				"west": {"uv": [10.5, 12.25, 10.75, 12.5], "texture": "#1"},
				"up": {"uv": [13, 5, 12, 4.75], "texture": "#1"},
				"down": {"uv": [13, 6.75, 12, 7], "texture": "#1"}
			}
		},
		{
			"from": [12, 9.9, 9.3],
			"to": [16.2, 11.1, 10.5],
			"rotation": {"angle": -45, "axis": "z", "origin": [13.6, 9.5, 9.9]},
			"faces": {
				"north": {"uv": [12, 7, 13, 7.25], "texture": "#1"},
				"east": {"uv": [12.25, 10.5, 12.5, 10.75], "texture": "#1"},
				"south": {"uv": [12, 7.25, 13, 7.5], "texture": "#1"},
				"west": {"uv": [10.75, 12.25, 11, 12.5], "texture": "#1"},
				"up": {"uv": [13, 7.75, 12, 7.5], "texture": "#1"},
				"down": {"uv": [13, 7.75, 12, 8], "texture": "#1"}
			}
		},
		{
			"from": [12.9, 4.65, 6.9],
			"to": [14.1, 9.85, 8.1],
			"rotation": {"angle": -45, "axis": "z", "origin": [13.5, 6.25, 7.5]},
			"faces": {
				"north": {"uv": [2.25, 11.75, 2.5, 13], "texture": "#1"},
				"east": {"uv": [2.5, 11.75, 2.75, 13], "texture": "#1"},
				"south": {"uv": [2.75, 11.75, 3, 13], "texture": "#1"},
				"west": {"uv": [11.75, 2.75, 12, 4], "texture": "#1"},
				"up": {"uv": [12.5, 11, 12.25, 10.75], "texture": "#1"},
				"down": {"uv": [11.25, 12.25, 11, 12.5], "texture": "#1"}
			}
		},
		{
			"from": [14.9, 7.3, 5.3],
			"to": [16.3, 8.7, 10.7],
			"rotation": {"angle": -45, "axis": "z", "origin": [16.6, 8, 8]},
			"faces": {
				"north": {"uv": [12.25, 11, 12.5, 11.25], "texture": "#1"},
				"east": {"uv": [11.75, 4, 13, 4.25], "texture": "#1"},
				"south": {"uv": [11.25, 12.25, 11.5, 12.5], "texture": "#1"},
				"west": {"uv": [11.75, 4.25, 13, 4.5], "texture": "#1"},
				"up": {"uv": [3.25, 13, 3, 11.75], "texture": "#1"},
				"down": {"uv": [3.5, 11.75, 3.25, 13], "texture": "#1"}
			}
		},
		{
			"from": [14.2, 8.35, 9.25],
			"to": [15.5, 13.65, 10.55],
			"rotation": {"angle": 22.5, "axis": "z", "origin": [13.85, 11, 9.9]},
			"faces": {
				"north": {"uv": [5, 11.75, 5.25, 13], "texture": "#1"},
				"east": {"uv": [5.25, 11.75, 5.5, 13], "texture": "#1"},
				"south": {"uv": [6.75, 11.75, 7, 13], "texture": "#1"},
				"west": {"uv": [11.75, 6.75, 12, 8], "texture": "#1"},
				"up": {"uv": [12.5, 11.5, 12.25, 11.25], "texture": "#1"},
				"down": {"uv": [12.5, 11.5, 12.25, 11.75], "texture": "#1"}
			}
		},
		{
			"from": [15.15, 8.4, 9.2],
			"to": [16.55, 14.8, 10.6],
			"rotation": {"angle": 0, "axis": "y", "origin": [14.85, 11.1, 9.9]},
			"faces": {
				"north": {"uv": [11.5, 0, 11.75, 1.5], "texture": "#1"},
				"east": {"uv": [11.5, 1.5, 11.75, 3], "texture": "#1"},
				"south": {"uv": [11.5, 3, 11.75, 4.5], "texture": "#1"},
				"west": {"uv": [11.5, 6.75, 11.75, 8.25], "texture": "#1"},
				"up": {"uv": [12, 12.5, 11.75, 12.25], "texture": "#1"},
				"down": {"uv": [12.5, 11.75, 12.25, 12], "texture": "#1"}
			}
		},
		{
			"from": [14.25, 8.4, 5.2],
			"to": [15.45, 13.6, 6.4],
			"rotation": {"angle": 22.5, "axis": "z", "origin": [13.85, 11, 5.8]},
			"faces": {
				"north": {"uv": [7, 11.75, 7.25, 13], "texture": "#1"},
				"east": {"uv": [7.25, 11.75, 7.5, 13], "texture": "#1"},
				"south": {"uv": [7.5, 11.75, 7.75, 13], "texture": "#1"},
				"west": {"uv": [11.75, 8, 12, 9.25], "texture": "#1"},
				"up": {"uv": [12.25, 12.5, 12, 12.25], "texture": "#1"},
				"down": {"uv": [12.5, 12, 12.25, 12.25], "texture": "#1"}
			}
		},
		{
			"from": [15.15, 8.4, 5.1],
			"to": [16.55, 14.8, 6.5],
			"rotation": {"angle": 0, "axis": "y", "origin": [14.85, 11.1, 5.8]},
			"faces": {
				"north": {"uv": [8, 11.5, 8.25, 13], "texture": "#1"},
				"east": {"uv": [8.25, 11.5, 8.5, 13], "texture": "#1"},
				"south": {"uv": [11.5, 8.25, 11.75, 9.75], "texture": "#1"},
				"west": {"uv": [8.5, 11.5, 8.75, 13], "texture": "#1"},
				"up": {"uv": [12.5, 12.5, 12.25, 12.25], "texture": "#1"},
				"down": {"uv": [12.75, 0.25, 12.5, 0.5], "texture": "#1"}
			}
		},
		{
			"from": [1, 3.5, 6.5],
			"to": [4, 4.5, 8.5],
			"rotation": {"angle": 45, "axis": "z", "origin": [2.5, 4, 8]},
			"faces": {
				"north": {"uv": [12, 8, 12.75, 8.25], "texture": "#1"},
				"east": {"uv": [9.75, 12, 10.25, 12.25], "texture": "#1"},
				"south": {"uv": [12, 8.25, 12.75, 8.5], "texture": "#1"},
				"west": {"uv": [10.5, 12, 11, 12.25], "texture": "#1"},
				"up": {"uv": [12, 5, 11.25, 4.5], "texture": "#1"},
				"down": {"uv": [9.5, 11.5, 8.75, 12], "texture": "#1"}
			}
		},
		{
			"from": [12, 3.5, 6.5],
			"to": [15, 4.5, 8.5],
			"rotation": {"angle": -45, "axis": "z", "origin": [13.5, 4, 8]},
			"faces": {
				"north": {"uv": [12, 8.5, 12.75, 8.75], "texture": "#1"},
				"east": {"uv": [11, 12, 11.5, 12.25], "texture": "#1"},
				"south": {"uv": [8.75, 12, 9.5, 12.25], "texture": "#1"},
				"west": {"uv": [5.75, 12.25, 6.25, 12.5], "texture": "#1"},
				"up": {"uv": [10.25, 12, 9.5, 11.5], "texture": "#1"},
				"down": {"uv": [12.25, 9.75, 11.5, 10.25], "texture": "#1"}
			}
		},
		{
			"from": [3, 2, 3],
			"to": [13, 11, 13],
			"rotation": {"angle": 0, "axis": "y", "origin": [2, 2, 2]},
			"faces": {
				"north": {"uv": [4, 5, 6.5, 7.25], "texture": "#1"},
				"east": {"uv": [6.5, 0, 9, 2.25], "texture": "#1"},
				"south": {"uv": [6.5, 2.25, 9, 4.5], "texture": "#1"},
				"west": {"uv": [6.5, 4.5, 9, 6.75], "texture": "#1"},
				"up": {"uv": [6.5, 2.5, 4, 0], "texture": "#1"},
				"down": {"uv": [6.5, 2.5, 4, 5], "texture": "#1"}
			}
		},
		{
			"from": [0, 0, 0],
			"to": [16, 2, 16],
			"rotation": {"angle": 0, "axis": "y", "origin": [2, 0, 2]},
			"faces": {
				"north": {"uv": [9, 5.25, 13, 5.75], "texture": "#1"},
				"east": {"uv": [9, 5.75, 13, 6.25], "texture": "#1"},
				"south": {"uv": [9, 6.25, 13, 6.75], "texture": "#1"},
				"west": {"uv": [0, 10, 4, 10.5], "texture": "#1"},
				"up": {"uv": [4, 4, 0, 0], "texture": "#1"},
				"down": {"uv": [4, 4, 0, 8], "texture": "#1"}
			}
		}
	],
	"display": {
		"thirdperson_righthand": {
			"rotation": [75, 45, 0],
			"translation": [0, 2.5, 0],
			"scale": [0.375, 0.375, 0.375]
		},
		"thirdperson_lefthand": {
			"rotation": [75, 45, 0],
			"translation": [0, 2.5, 0],
			"scale": [0.375, 0.375, 0.375]
		},
		"firstperson_righthand": {
			"rotation": [-135.06, 86.61, 150.93],
			"translation": [0.5, 4.25, 0.5],
			"scale": [0.66406, 0.66406, 0.66406]
		},
		"firstperson_lefthand": {
			"rotation": [-135.06, 86.61, 150.93],
			"translation": [0.5, 4.25, 0.5],
			"scale": [0.66406, 0.66406, 0.66406]
		},
		"ground": {
			"translation": [0, 2.5, 0],
			"scale": [0.62109, 0.62109, 0.62109]
		},
		"gui": {
			"rotation": [-164.5, 38, -180],
			"scale": [0.70703, 0.70703, 0.70703]
		},
		"head": {
			"translation": [0, 12.75, 0.25],
			"scale": [1.55, 1.55, 1.55]
		},
		"fixed": {
			"rotation": [-90, 0, 0],
			"translation": [0, 0, -13.99],
			"scale": [2, 2, 2]
		}
	},
	"groups": [
		{
			"name": "group",
			"origin": [13.5, 16, 8],
			"color": 0,
			"children": [0, 1, 2, 3, 4, 5, 6, 7, 8, 9, 10, 11, 12, 13, 14, 15, 16, 17, 18, 19, 20]
		}
	]
}