{
	"credit": "Made with Blockbench",
	"texture_size": [64, 64],
	"textures": {
		"0": "item/carved_pumpkin/clowns_mask",
		"particle": "item/carved_pumpkin/clowns_mask"
	},
	
	"elements": [
		{
			"from": [7, 0.8, 6],
			"to": [9, 2.8, 8],
			"rotation": {"angle": 0, "axis": "y", "origin": [10, 0.8, 6]},
			"faces": {
				"north": {"uv": [3.5, 7, 4, 7.5], "texture": "#0"},
				"east": {"uv": [3, 7, 3.5, 7.5], "texture": "#0"},
				"south": {"uv": [4.5, 7, 5, 7.5], "texture": "#0"},
				"west": {"uv": [4, 7, 4.5, 7.5], "texture": "#0"},
				"up": {"uv": [4, 7, 3.5, 6.5], "texture": "#0"},
				"down": {"uv": [4.5, 6.5, 4, 7], "texture": "#0"}
			}
		},
		{
			"from": [4, -0.2, 4],
			"to": [12, 0.8, 12],
			"rotation": {"angle": 0, "axis": "y", "origin": [10, -0.2, 6]},
			"faces": {
				"north": {"uv": [2, 5, 4, 5.25], "texture": "#0"},
				"east": {"uv": [0, 5, 2, 5.25], "texture": "#0"},
				"south": {"uv": [6, 5, 8, 5.25], "texture": "#0"},
				"west": {"uv": [4, 5, 6, 5.25], "texture": "#0"},
				"up": {"uv": [4, 5, 2, 3], "texture": "#0"},
				"down": {"uv": [6, 3, 4, 5], "texture": "#0"}
			}
		},
		{
			"from": [6, 0, 11],
			"to": [9, 3, 14],
			"rotation": {"angle": 0, "axis": "y", "origin": [10, 0, 11]},
			"faces": {
				"north": {"uv": [0.75, 6, 1.5, 6.75], "texture": "#0"},
				"east": {"uv": [0, 6, 0.75, 6.75], "texture": "#0"},
				"south": {"uv": [2.25, 6, 3, 6.75], "texture": "#0"},
				"west": {"uv": [1.5, 6, 2.25, 6.75], "texture": "#0"},
				"up": {"uv": [1.5, 6, 0.75, 5.25], "texture": "#0"},
				"down": {"uv": [2.25, 5.25, 1.5, 6], "texture": "#0"}
			}
		},
		{
			"from": [3, 0, 10.5],
			"to": [6, 2, 12.5],
			"rotation": {"angle": 0, "axis": "y", "origin": [7, 0, 10.5]},
			"faces": {
				"north": {"uv": [6, 5.75, 6.75, 6.25], "texture": "#0"},
				"east": {"uv": [5.5, 5.75, 6, 6.25], "texture": "#0"},
				"south": {"uv": [7.25, 5.75, 8, 6.25], "texture": "#0"},
				"west": {"uv": [6.75, 5.75, 7.25, 6.25], "texture": "#0"},
				"up": {"uv": [6.75, 5.75, 6, 5.25], "texture": "#0"},
				"down": {"uv": [7.5, 5.25, 6.75, 5.75], "texture": "#0"}
			}
		},
		{
			"from": [9, 0, 10.5],
			"to": [12, 2, 12.5],
			"rotation": {"angle": 0, "axis": "y", "origin": [13, 0, 10.5]},
			"faces": {
				"north": {"uv": [6, 6.75, 6.75, 7.25], "texture": "#0"},
				"east": {"uv": [5.5, 6.75, 6, 7.25], "texture": "#0"},
				"south": {"uv": [7.25, 6.75, 8, 7.25], "texture": "#0"},
				"west": {"uv": [6.75, 6.75, 7.25, 7.25], "texture": "#0"},
				"up": {"uv": [6.75, 6.75, 6, 6.25], "texture": "#0"},
				"down": {"uv": [7.5, 6.25, 6.75, 6.75], "texture": "#0"}
			}
		},
		{
			"from": [10, 0, 10],
			"to": [13, 3, 12],
			"rotation": {"angle": 0, "axis": "y", "origin": [14, 0, 10]},
			"faces": {
				"north": {"uv": [3.5, 5.75, 4.25, 6.5], "texture": "#0"},
				"east": {"uv": [3, 5.75, 3.5, 6.5], "texture": "#0"},
				"south": {"uv": [4.75, 5.75, 5.5, 6.5], "texture": "#0"},
				"west": {"uv": [4.25, 5.75, 4.75, 6.5], "texture": "#0"},
				"up": {"uv": [4.25, 5.75, 3.5, 5.25], "texture": "#0"},
				"down": {"uv": [5, 5.25, 4.25, 5.75], "texture": "#0"}
			}
		}
	],
	"gui_light": "front",
	"display": {
		"thirdperson_righthand": {
			"rotation": [90, -165, 5],
			"translation": [-1, 3.25, 8.5]
		},
		"thirdperson_lefthand": {
			"rotation": [90, -165, 5],
			"translation": [-1, 3.25, 8.5]
		},
		"firstperson_righthand": {
			"rotation": [-98.71, 23.21, 125.74],
			"translation": [-6.25, 7, 3.5]
		},
		"firstperson_lefthand": {
			"rotation": [-98.71, 23.21, 125.74],
			"translation": [-6.25, 7, 3.5]
		},
		"ground": {
			"translation": [0, 6.5, 0]
		},
		"gui": {
			"rotation": [-99, 29, 149],
			"translation": [-5, 2.75, 0],
			"scale": [1.26563, 1.26563, 1.26563]
		},
		"head": {
			"rotation": [-90, 0, 0],
			"translation": [0, 0, -21.75],
			"scale": [2, 2, 2]
		},
		"fixed": {
			"rotation": [-90, -9.5, 0],
			"translation": [-1.75, 0.5, -14.5],
			"scale": [2, 2, 2]
		}
	}
}