{
	"credit": "Made with Blockbench",
	"texture_size": [32, 32],
	"textures": {
		"0": "item/carved_pumpkin/clownhat_gray",
		"particle": "item/carved_pumpkin/clownhat_gray"
	},
	"elements": [
		{
			"from": [2.5, 2, 4],
			"to": [10.5, 4, 12],
			"rotation": {"angle": 0, "axis": "y", "origin": [7, 9, 8]},
			"faces": {
				"north": {"uv": [4, 0, 8, 1], "texture": "#0"},
				"east": {"uv": [4, 1, 8, 2], "texture": "#0"},
				"south": {"uv": [4, 2, 8, 3], "texture": "#0"},
				"west": {"uv": [4, 3, 8, 4], "texture": "#0"},
				"up": {"uv": [4, 4, 0, 0], "texture": "#0"},
				"down": {"uv": [4, 4, 0, 8], "texture": "#0"}
			}
		},
		{
			"from": [5, 5.25, 10.5],
			"to": [8, 8.25, 14.5],
			"rotation": {"angle": 0, "axis": "y", "origin": [-1, -0.25, 1]},
			"faces": {
				"north": {"uv": [5.5, 7.5, 7, 9], "texture": "#0"},
				"east": {"uv": [5, 6, 7, 7.5], "texture": "#0"},
				"south": {"uv": [7, 7.5, 8.5, 9], "texture": "#0"},
				"west": {"uv": [7, 4, 9, 5.5], "texture": "#0"},
				"up": {"uv": [8.5, 7.5, 7, 5.5], "texture": "#0"},
				"down": {"uv": [5.5, 7.5, 4, 9.5], "texture": "#0"}
			}
		},
		{
			"from": [4, 4, 4],
			"to": [9, 7, 6],
			"rotation": {"angle": 0, "axis": "y", "origin": [-1, -0.25, 1]},
			"faces": {
				"north": {"uv": [6.5, 12, 9, 13.5], "texture": "#0"},
				"east": {"uv": [9, 12, 10, 13.5], "texture": "#0"},
				"south": {"uv": [12, 10, 14.5, 11.5], "texture": "#0"},
				"west": {"uv": [2.5, 12.5, 3.5, 14], "texture": "#0"},
				"up": {"uv": [2.5, 13.5, 0, 12.5], "texture": "#0"},
				"down": {"uv": [15, 0, 12.5, 1], "texture": "#0"}
			}
		},
		{
			"from": [4, 4, 10],
			"to": [9, 7, 12],
			"rotation": {"angle": 0, "axis": "y", "origin": [-1, -0.25, 1]},
			"faces": {
				"north": {"uv": [11, 11.5, 13.5, 13], "texture": "#0"},
				"east": {"uv": [4.5, 12, 5.5, 13.5], "texture": "#0"},
				"south": {"uv": [12, 1.5, 14.5, 3], "texture": "#0"},
				"west": {"uv": [5.5, 12, 6.5, 13.5], "texture": "#0"},
				"up": {"uv": [13.5, 5, 11, 4], "texture": "#0"},
				"down": {"uv": [14.5, 3, 12, 4], "texture": "#0"}
			}
		},
		{
			"from": [4, 4, 6],
			"to": [9, 7, 10],
			"rotation": {"angle": 0, "axis": "y", "origin": [-1, -0.25, 1]},
			"faces": {
				"north": {"uv": [10, 0, 12.5, 1.5], "texture": "#0"},
				"east": {"uv": [10, 10, 12, 11.5], "texture": "#0"},
				"south": {"uv": [10, 7, 12.5, 8.5], "texture": "#0"},
				"west": {"uv": [5, 10.5, 7, 12], "texture": "#0"},
				"up": {"uv": [12.5, 7, 10, 5], "texture": "#0"},
				"down": {"uv": [10, 10, 7.5, 12], "texture": "#0"}
			}
		},
		{
			"from": [5, 5.25, 1.5],
			"to": [8, 8.25, 5.5],
			"rotation": {"angle": 0, "axis": "y", "origin": [-1, -0.25, 1]},
			"faces": {
				"north": {"uv": [8.5, 5.5, 10, 7], "texture": "#0"},
				"east": {"uv": [0, 8, 2, 9.5], "texture": "#0"},
				"south": {"uv": [8.5, 7, 10, 8.5], "texture": "#0"},
				"west": {"uv": [8, 0, 10, 1.5], "texture": "#0"},
				"up": {"uv": [9.5, 3.5, 8, 1.5], "texture": "#0"},
				"down": {"uv": [3.5, 8, 2, 10], "texture": "#0"}
			}
		},
		{
			"from": [9, 4, 5.5],
			"to": [10.5, 7, 10.5],
			"rotation": {"angle": 0, "axis": "y", "origin": [-1, -0.25, 1]},
			"faces": {
				"north": {"uv": [3.5, 11, 4.5, 12.5], "texture": "#0"},
				"east": {"uv": [10.5, 8.5, 13, 10], "texture": "#0"},
				"south": {"uv": [10, 11.5, 11, 13], "texture": "#0"},
				"west": {"uv": [0, 11, 2.5, 12.5], "texture": "#0"},
				"up": {"uv": [3.5, 12.5, 2.5, 10], "texture": "#0"},
				"down": {"uv": [12, 1.5, 11, 4], "texture": "#0"}
			}
		},
		{
			"from": [2.5, 4, 5.5],
			"to": [4, 7, 10.5],
			"rotation": {"angle": 0, "axis": "y", "origin": [-1, -0.25, 1]},
			"faces": {
				"north": {"uv": [3.5, 11, 4.5, 12.5], "texture": "#0"},
				"east": {"uv": [0, 11, 2.5, 12.5], "texture": "#0"},
				"south": {"uv": [10, 11.5, 11, 13], "texture": "#0"},
				"west": {"uv": [13, 8.5, 10.5, 10], "texture": "#0"},
				"up": {"uv": [3.5, 10, 2.5, 12.5], "rotation": 180, "texture": "#0"},
				"down": {"uv": [12, 1.5, 11, 4], "rotation": 180, "texture": "#0"}
			}
		},
		{
			"from": [-1.5, 4.5, 7],
			"to": [0.5, 6.5, 9],
			"rotation": {"angle": 0, "axis": "y", "origin": [-1, -0.25, 1]},
			"faces": {
				"north": {"uv": [4, 4, 5, 5], "texture": "#0"},
				"east": {"uv": [4, 5, 5, 6], "texture": "#0"},
				"south": {"uv": [5, 4, 6, 5], "texture": "#0"},
				"west": {"uv": [5, 5, 6, 6], "texture": "#0"},
				"up": {"uv": [5, 7, 4, 6], "texture": "#0"},
				"down": {"uv": [7, 4, 6, 5], "texture": "#0"}
			}
		},
		{
			"from": [5.5, 4.5, 0],
			"to": [7.5, 6.5, 2],
			"rotation": {"angle": 0, "axis": "y", "origin": [-1, -0.25, 1]},
			"faces": {
				"north": {"uv": [4, 4, 5, 5], "texture": "#0"},
				"east": {"uv": [4, 5, 5, 6], "texture": "#0"},
				"south": {"uv": [5, 4, 6, 5], "texture": "#0"},
				"west": {"uv": [5, 5, 6, 6], "texture": "#0"},
				"up": {"uv": [5, 7, 4, 6], "texture": "#0"},
				"down": {"uv": [7, 4, 6, 5], "texture": "#0"}
			}
		},
		{
			"from": [5.5, 4.5, 14],
			"to": [7.5, 6.5, 16],
			"rotation": {"angle": 0, "axis": "y", "origin": [-1, -0.25, 1]},
			"faces": {
				"north": {"uv": [4, 4, 5, 5], "texture": "#0"},
				"east": {"uv": [4, 5, 5, 6], "texture": "#0"},
				"south": {"uv": [5, 4, 6, 5], "texture": "#0"},
				"west": {"uv": [5, 5, 6, 6], "texture": "#0"},
				"up": {"uv": [5, 7, 4, 6], "texture": "#0"},
				"down": {"uv": [7, 4, 6, 5], "texture": "#0"}
			}
		},
		{
			"from": [0, 5.25, 6.5],
			"to": [4, 8.25, 9.5],
			"rotation": {"angle": 0, "axis": "y", "origin": [-1, -0.25, 1]},
			"faces": {
				"north": {"uv": [8.5, 8.5, 10.5, 10], "texture": "#0"},
				"east": {"uv": [9.5, 1.5, 11, 3], "texture": "#0"},
				"south": {"uv": [9, 3.5, 11, 5], "texture": "#0"},
				"west": {"uv": [3.5, 9.5, 5, 11], "texture": "#0"},
				"up": {"uv": [7.5, 10.5, 5.5, 9], "texture": "#0"},
				"down": {"uv": [2, 9.5, 0, 11], "texture": "#0"}
			}
		}
	],
	"display": {
		"thirdperson_righthand": {
			"rotation": [0, 90, 0],
			"translation": [0, 6.75, 0]
		},
		"thirdperson_lefthand": {
			"rotation": [0, -90, 0],
			"translation": [0, 6.75, 0]
		},
		"firstperson_righthand": {
			"translation": [0, 5, 0]
		},
		"firstperson_lefthand": {
			"rotation": [0, -90, 0],
			"translation": [0, 5, 0]
		},
		"ground": {
			"translation": [0, 5.25, 0]
		},
		"gui": {
			"rotation": [13, -129, 0],
			"translation": [-1, 1.5, 0],
			"scale": [1.2, 1.2, 1.2]
		},
		"head": {
			"rotation": [10, 90, 0],
			"translation": [0, 15.25, -0.75],
			"scale": [2, 2.00391, 2]
		},
		"fixed": {
			"rotation": [-90, 0, 0],
			"translation": [4.5, 0, -18],
			"scale": [3, 3, 3]
		}
	},
	"groups": [
		{
			"name": "основа",
			"origin": [8, 8, 8],
			"color": 0,
			"children": [0]
		},
		{
			"name": "3",
			"origin": [0, 0, 0],
			"color": 0,
			"children": [1, 2, 3, 4, 5]
		},
		{
			"name": "3",
			"origin": [0, 0, 0],
			"color": 0,
			"children": [6, 7, 8, 9, 10, 11]
		}
	]
}