{
	"credit": "Made with Blockbench",
	"texture_size": [32, 32],
	"textures": {
		"0": "item/carved_pumpkin/cock",
		"particle": "item/carved_pumpkin/cock"
	},
	"elements": [
		{
			"from": [4, 0, 3],
			"to": [12, 8, 11],
			"faces": {
				"north": {"uv": [0, 0, 4, 4], "texture": "#0"},
				"east": {"uv": [0, 4, 4, 8], "texture": "#0"},
				"south": {"uv": [4, 0, 8, 4], "texture": "#0"},
				"west": {"uv": [4, 4, 8, 8], "texture": "#0"},
				"up": {"uv": [4, 12, 0, 8], "texture": "#0"},
				"down": {"uv": [12, 0, 8, 4], "texture": "#0"}
			}
		},
		{
			"from": [7, 3, 2],
			"to": [9, 5, 3],
			"faces": {
				"north": {"uv": [8, 5.5, 9, 6.5], "texture": "#0"},
				"east": {"uv": [8, 6.5, 8.5, 7.5], "texture": "#0"},
				"south": {"uv": [6, 8, 7, 9], "texture": "#0"},
				"west": {"uv": [7, 8, 7.5, 9], "texture": "#0"},
				"up": {"uv": [8.5, 8.5, 7.5, 8], "texture": "#0"},
				"down": {"uv": [9, 7.5, 8, 8], "texture": "#0"}
			}
		},
		{
			"from": [6, 8.5, -0.25],
			"to": [10, 11.5, -0.25],
			"rotation": {"angle": 22.5, "axis": "x", "origin": [0, 0, 0]},
			"faces": {
				"north": {"uv": [4, 8, 6, 9.5], "texture": "#0"},
				"east": {"uv": [0, 0, 0, 1.5], "texture": "#0"},
				"south": {"uv": [8, 4, 10, 5.5], "texture": "#0"},
				"west": {"uv": [0, 0, 0, 1.5], "texture": "#0"},
				"up": {"uv": [2, 0, 0, 0], "texture": "#0"},
				"down": {"uv": [2, 0, 0, 0], "texture": "#0"}
			}
		},
		{
			"from": [5, 11.5, 5.75],
			"to": [9, 11.5, 8.75],
			"rotation": {"angle": -45, "axis": "z", "origin": [0, 0, 0]},
			"faces": {
				"north": {"uv": [0, 0, 2, 0], "texture": "#0"},
				"east": {"uv": [0, 0, 1.5, 0], "texture": "#0"},
				"south": {"uv": [0, 0, 2, 0], "texture": "#0"},
				"west": {"uv": [0, 0, 1.5, 0], "texture": "#0"},
				"up": {"uv": [11, 9, 9, 7.5], "texture": "#0"},
				"down": {"uv": [11, 9, 9, 10.5], "texture": "#0"}
			}
		},
		{
			"from": [-0.25, 2, 5.75],
			"to": [-0.25, 6, 8.75],
			"rotation": {"angle": -45, "axis": "z", "origin": [0, 0, 0]},
			"faces": {
				"north": {"uv": [0, 0, 0, 2], "texture": "#0"},
				"east": {"uv": [7.5, 8.5, 9, 10.5], "texture": "#0"},
				"south": {"uv": [0, 0, 0, 2], "texture": "#0"},
				"west": {"uv": [9, 5.5, 10.5, 7.5], "texture": "#0"},
				"up": {"uv": [0, 1.5, 0, 0], "texture": "#0"},
				"down": {"uv": [0, 0, 0, 1.5], "texture": "#0"}
			}
		}
	],
	"display": {
		"thirdperson_righthand": {
			"rotation": [75, 45, 0],
			"translation": [0, 2.5, 2],
			"scale": [0.7, 0.7, 0.7]
		},
		"thirdperson_lefthand": {
			"rotation": [75, 45, 0],
			"translation": [0, 2.5, 2],
			"scale": [0.7, 0.7, 0.7]
		},
		"firstperson_righthand": {
			"rotation": [0, 108, 0],
			"translation": [4, 3.75, -2.25]
		},
		"firstperson_lefthand": {
			"rotation": [0, 108, 0],
			"translation": [4, 3.75, -2.25]
		},
		"ground": {
			"translation": [0, 0.75, 0],
			"scale": [0.5, 0.5, 0.5]
		},
		"gui": {
			"rotation": [30, 225, 0],
			"translation": [0, 3.5, 0],
			"scale": [1.005, 1.005, 1.005]
		},
		"head": {
			"translation": [0, 8.75, 1.25],
			"scale": [2, 2, 2]
		},
		"fixed": {
			"rotation": [-90, 12, 0],
			"translation": [0, 3.25, -24.25],
			"scale": [3, 3, 3]
		}
	}
}