{
	"credit": "Made with Blockbench",
	"texture_size": [32, 32],
	"textures": {
		"0": "item/carved_pumpkin/combat_crusher_cap",
		"particle": "item/carved_pumpkin/combat_crusher_cap"
	},
	"elements": [
		{
			"from": [12.5, 0.5, 3.5],
			"to": [12.5, 9.5, 12.5],
			"rotation": {"angle": 0, "axis": "x", "origin": [8, 1.5, 8]},
			"faces": {
				"north": {"uv": [4.5, 4.5, 9, 5.5], "texture": "#0"},
				"east": {"uv": [0, 4, 4, 8], "texture": "#0"},
				"south": {"uv": [4.5, 4.5, 9, 5.5], "texture": "#0"},
				"west": {"uv": [4, 4, 0, 8], "texture": "#0"},
				"up": {"uv": [4.5, 0, 9, 4.5], "rotation": 180, "texture": "#0"},
				"down": {"uv": [0, 0, 4.5, 4.5], "texture": "#0"}
			}
		},
		{
			"from": [3.5, 0.5, 3.5],
			"to": [12.5, 9.5, 3.5],
			"rotation": {"angle": 0, "axis": "x", "origin": [8, 1.5, 8]},
			"faces": {
				"north": {"uv": [4, 4, 8, 8], "texture": "#0"},
				"east": {"uv": [0, 4.5, 4.5, 5.5], "texture": "#0"},
				"south": {"uv": [8, 4, 4, 8], "texture": "#0"},
				"west": {"uv": [0, 4.5, 4.5, 5.5], "texture": "#0"},
				"up": {"uv": [4.5, 0, 9, 4.5], "rotation": 180, "texture": "#0"},
				"down": {"uv": [0, 0, 4.5, 4.5], "texture": "#0"}
			}
		},
		{
			"from": [3.5, 0.75, 12.5],
			"to": [12.5, 9.75, 12.5],
			"rotation": {"angle": 0, "axis": "x", "origin": [8, 1.5, 17]},
			"faces": {
				"north": {"uv": [16, 4, 12, 8], "texture": "#0"},
				"east": {"uv": [0, 4.5, 4.5, 5.5], "texture": "#0"},
				"south": {"uv": [12, 4, 16, 8], "texture": "#0"},
				"west": {"uv": [0, 4.5, 4.5, 5.5], "texture": "#0"},
				"up": {"uv": [4.5, 0, 9, 4.5], "rotation": 180, "texture": "#0"},
				"down": {"uv": [0, 0, 4.5, 4.5], "texture": "#0"}
			}
		},
		{
			"from": [3.5, 9.5, 3.5],
			"to": [12.5, 9.5, 12.5],
			"rotation": {"angle": 0, "axis": "x", "origin": [8, 10.5, 8]},
			"faces": {
				"north": {"uv": [4.5, 4.5, 9, 5.5], "texture": "#0"},
				"east": {"uv": [0, 4.5, 4.5, 5.5], "texture": "#0"},
				"south": {"uv": [4.5, 4.5, 9, 5.5], "texture": "#0"},
				"west": {"uv": [0, 4.5, 4.5, 5.5], "texture": "#0"},
				"up": {"uv": [4, 0, 8, 4], "rotation": 180, "texture": "#0"},
				"down": {"uv": [8, 0, 4, 4], "texture": "#0"}
			}
		},
		{
			"from": [3.5, 0.5, 3.5],
			"to": [3.5, 9.5, 12.5],
			"rotation": {"angle": 0, "axis": "x", "origin": [8, 1.5, 8]},
			"faces": {
				"north": {"uv": [4.5, 4.5, 9, 5.5], "texture": "#0"},
				"east": {"uv": [12, 4, 8, 8], "texture": "#0"},
				"south": {"uv": [4.5, 4.5, 9, 5.5], "texture": "#0"},
				"west": {"uv": [8, 4, 12, 8], "texture": "#0"},
				"up": {"uv": [4.5, 0, 9, 4.5], "rotation": 180, "texture": "#0"},
				"down": {"uv": [0, 0, 4.5, 4.5], "texture": "#0"}
			}
		},
		{
			"from": [4, 6, 4],
			"to": [12, 9, 12],
			"rotation": {"angle": 0, "axis": "y", "origin": [12, 15, 12]},
			"faces": {
				"north": {"uv": [4, 8, 8, 9.5], "texture": "#0"},
				"east": {"uv": [0, 8, 4, 9.5], "texture": "#0"},
				"south": {"uv": [12, 8, 16, 9.5], "texture": "#0"},
				"west": {"uv": [8, 8, 12, 9.5], "texture": "#0"},
				"up": {"uv": [8, 9.5, 12, 13.5], "rotation": 180, "texture": "#0"},
				"down": {"uv": [4, 9.5, 8, 13.5], "texture": "#0"}
			}
		},
		{
			"from": [4, 6, 2],
			"to": [12, 6, 4],
			"rotation": {"angle": 0, "axis": "z", "origin": [8, 6, 4]},
			"faces": {
				"north": {"uv": [4, 4, 8, 5.5], "texture": "#0"},
				"east": {"uv": [0, 4, 4, 5.5], "texture": "#0"},
				"south": {"uv": [12, 4, 16, 5.5], "texture": "#0"},
				"west": {"uv": [8, 4, 12, 5.5], "texture": "#0"},
				"up": {"uv": [0, 0, 4, 1], "rotation": 180, "texture": "#0"},
				"down": {"uv": [4, 0, 0, 1], "texture": "#0"}
			}
		}
	],
	"display": {
		"thirdperson_righthand": {
			"rotation": [13, -180, 0],
			"translation": [0, 2, -4]
		},
		"thirdperson_lefthand": {
			"rotation": [13, -180, 0],
			"translation": [0, 2, -4]
		},
		"firstperson_righthand": {
			"rotation": [-27, 0, 0]
		},
		"firstperson_lefthand": {
			"rotation": [-27, 0, 0]
		},
		"ground": {
			"translation": [0, -1, 0]
		},
		"gui": {
			"rotation": [30, 132, 0],
			"translation": [0.5, 0, 0]
		},
		"head": {
			"translation": [0, 5.5, 0],
			"scale": [1.9, 1.9, 1.9]
		},
		"fixed": {
			"rotation": [-90, 0, 0],
			"translation": [0, 0, -1.5],
			"scale": [1.58, 1.58, 1.58]
		}
	}
}