{
	"credit": "Made with Blockbench",
	"texture_size": [32, 32],
	"textures": {
		"0": "item/carved_pumpkin/norrington",
		"particle": "item/carved_pumpkin/norrington"
	},
	"elements": [
		{
			"from": [14, 9, 4],
			"to": [18, 9, 12],
			"rotation": {"angle": 22.5, "axis": "z", "origin": [10, 1, 12]},
			"faces": {
				"north": {"uv": [0, 0, 2, 0], "rotation": 180, "texture": "#missing"},
				"east": {"uv": [0, 0, 4, 0], "rotation": 180, "texture": "#missing"},
				"south": {"uv": [0, 0, 2, 0], "rotation": 180, "texture": "#missing"},
				"west": {"uv": [0, 0, 4, 0], "rotation": 180, "texture": "#missing"},
				"up": {"uv": [10, 10.5, 13.5, 16], "rotation": 180, "texture": "#0"},
				"down": {"uv": [10, 10.5, 13.5, 16], "rotation": 180, "texture": "#0"}
			}
		},
		{
			"from": [4, 10, 13],
			"to": [12, 10, 17],
			"rotation": {"angle": -22.5, "axis": "x", "origin": [4, 2, 11]},
			"faces": {
				"north": {"uv": [0, 0, 4, 0], "rotation": 180, "texture": "#missing"},
				"east": {"uv": [0, 0, 2, 0], "rotation": 180, "texture": "#missing"},
				"south": {"uv": [0, 0, 4, 0], "rotation": 180, "texture": "#missing"},
				"west": {"uv": [0, 0, 2, 0], "rotation": 180, "texture": "#missing"},
				"up": {"uv": [10, 10.5, 13.5, 16], "rotation": 270, "texture": "#0"},
				"down": {"uv": [10, 10.5, 13.5, 16], "rotation": 90, "texture": "#0"}
			}
		},
		{
			"from": [4, 6, 7],
			"to": [12, 6, 11],
			"rotation": {"angle": 45, "axis": "x", "origin": [4, 14, 13]},
			"faces": {
				"north": {"uv": [0, 0, 4, 0], "texture": "#missing"},
				"east": {"uv": [0, 0, 2, 0], "texture": "#missing"},
				"south": {"uv": [0, 0, 4, 0], "texture": "#missing"},
				"west": {"uv": [0, 0, 2, 0], "texture": "#missing"},
				"up": {"uv": [10, 10.5, 13.5, 16], "rotation": 90, "texture": "#0"},
				"down": {"uv": [10, 10.5, 13.5, 16], "rotation": 270, "texture": "#0"}
			}
		},
		{
			"from": [4, 8, 4],
			"to": [8, 8, 12],
			"rotation": {"angle": -22.5, "axis": "z", "origin": [12, 16, 12]},
			"faces": {
				"north": {"uv": [0, 0, 2, 0], "texture": "#missing"},
				"east": {"uv": [0, 0, 4, 0], "texture": "#missing"},
				"south": {"uv": [0, 0, 2, 0], "texture": "#missing"},
				"west": {"uv": [0, 0, 4, 0], "texture": "#missing"},
				"up": {"uv": [10, 10.5, 13.5, 16], "texture": "#0"},
				"down": {"uv": [10, 10.5, 13.5, 16], "texture": "#0"}
			}
		},
		{
			"from": [3, 9, 4],
			"to": [13, 10, 12],
			"rotation": {"angle": 0, "axis": "y", "origin": [11, 17, 12]},
			"faces": {
				"north": {"uv": [4, 4, 9, 4.5], "texture": "#0"},
				"east": {"uv": [0, 4, 4, 4.5], "texture": "#0"},
				"south": {"uv": [4, 4.5, 9, 5], "texture": "#0"},
				"west": {"uv": [0, 4.5, 4, 5], "texture": "#0"},
				"up": {"uv": [4, 0, 9, 4], "texture": "#0"},
				"down": {"uv": [4, 0, 9, 4], "texture": "#0"}
			}
		},
		{
			"from": [1, 10, 5],
			"to": [3, 10, 12],
			"rotation": {"angle": 0, "axis": "y", "origin": [1, 18, 12]},
			"faces": {
				"north": {"uv": [4, 4, 9, 4.5], "texture": "#0"},
				"east": {"uv": [0, 4, 4, 4.5], "texture": "#0"},
				"south": {"uv": [4, 4.5, 9, 5], "texture": "#0"},
				"west": {"uv": [0, 4.5, 4, 5], "texture": "#0"},
				"up": {"uv": [9, 0, 10, 4], "texture": "#0"},
				"down": {"uv": [10, 0, 9, 4], "texture": "#0"}
			}
		},
		{
			"from": [13, 10, 5],
			"to": [15, 10, 12],
			"rotation": {"angle": 0, "axis": "y", "origin": [13, 18, 12]},
			"faces": {
				"north": {"uv": [4, 4, 9, 4.5], "texture": "#0"},
				"east": {"uv": [0, 4, 4, 4.5], "texture": "#0"},
				"south": {"uv": [4, 4.5, 9, 5], "texture": "#0"},
				"west": {"uv": [0, 4.5, 4, 5], "texture": "#0"},
				"up": {"uv": [10, 0, 9, 4], "texture": "#0"},
				"down": {"uv": [9, 0, 10, 4], "texture": "#0"}
			}
		},
		{
			"from": [3, 10, 4],
			"to": [13, 11, 4],
			"rotation": {"angle": 0, "axis": "y", "origin": [11, 18, 12]},
			"faces": {
				"north": {"uv": [4, 8, 9, 8.5], "texture": "#0"},
				"east": {"uv": [0, 6.5, 4, 8.5], "texture": "#0"},
				"south": {"uv": [4, 8, 9, 8.5], "texture": "#0"},
				"west": {"uv": [0, 8.5, 4, 10.5], "texture": "#0"},
				"up": {"uv": [11.5, 0, 12, 0.5], "texture": "#0"},
				"down": {"uv": [10.5, 0, 11, 0.5], "texture": "#0"}
			}
		},
		{
			"from": [3, 10, 12],
			"to": [13, 11, 12],
			"rotation": {"angle": 0, "axis": "y", "origin": [11, 18, 20]},
			"faces": {
				"north": {"uv": [4, 10, 9, 10.5], "texture": "#0"},
				"east": {"uv": [0, 6.5, 4, 8.5], "texture": "#0"},
				"south": {"uv": [4, 10, 9, 10.5], "texture": "#0"},
				"west": {"uv": [0, 8.5, 4, 10.5], "texture": "#0"},
				"up": {"uv": [11.5, 0, 12, 0.5], "texture": "#0"},
				"down": {"uv": [10.5, 0, 11, 0.5], "texture": "#0"}
			}
		},
		{
			"from": [13, 10, 12],
			"to": [15, 11, 12],
			"rotation": {"angle": 0, "axis": "y", "origin": [21, 18, 20]},
			"faces": {
				"north": {"uv": [0, 14.5, 1, 15], "texture": "#0"},
				"east": {"uv": [0, 14.5, 1, 15], "texture": "#0"},
				"south": {"uv": [0, 14.5, 1, 15], "texture": "#0"},
				"west": {"uv": [0, 14.5, 1, 15], "texture": "#0"},
				"up": {"uv": [11.5, 0, 12, 0.5], "texture": "#0"},
				"down": {"uv": [10.5, 0, 11, 0.5], "texture": "#0"}
			}
		},
		{
			"from": [13, 10, 5],
			"to": [15, 11, 5],
			"rotation": {"angle": 0, "axis": "y", "origin": [21, 18, 13]},
			"faces": {
				"north": {"uv": [0, 14.5, 1, 15], "texture": "#0"},
				"east": {"uv": [0, 14.5, 1, 15], "texture": "#0"},
				"south": {"uv": [0, 14.5, 1, 15], "texture": "#0"},
				"west": {"uv": [0, 14.5, 1, 15], "texture": "#0"},
				"up": {"uv": [11.5, 0, 12, 0.5], "texture": "#0"},
				"down": {"uv": [10.5, 0, 11, 0.5], "texture": "#0"}
			}
		},
		{
			"from": [1, 10, 5],
			"to": [3, 11, 5],
			"rotation": {"angle": 0, "axis": "y", "origin": [9, 18, 13]},
			"faces": {
				"north": {"uv": [4.5, 14.5, 5.5, 15], "texture": "#0"},
				"east": {"uv": [0, 14.5, 1, 15], "texture": "#0"},
				"south": {"uv": [4.5, 14.5, 5.5, 15], "texture": "#0"},
				"west": {"uv": [0, 14.5, 1, 15], "texture": "#0"},
				"up": {"uv": [11.5, 0, 12, 0.5], "texture": "#0"},
				"down": {"uv": [10.5, 0, 11, 0.5], "texture": "#0"}
			}
		},
		{
			"from": [1, 10, 12],
			"to": [3, 11, 12],
			"rotation": {"angle": 0, "axis": "y", "origin": [9, 18, 20]},
			"faces": {
				"north": {"uv": [4.5, 14.5, 5.5, 15], "texture": "#0"},
				"east": {"uv": [0, 14.5, 1, 15], "texture": "#0"},
				"south": {"uv": [4.5, 14.5, 5.5, 15], "texture": "#0"},
				"west": {"uv": [0, 14.5, 1, 15], "texture": "#0"},
				"up": {"uv": [11.5, 0, 12, 0.5], "texture": "#0"},
				"down": {"uv": [10.5, 0, 11, 0.5], "texture": "#0"}
			}
		},
		{
			"from": [5, 10, 3],
			"to": [11, 13, 3],
			"rotation": {"angle": 0, "axis": "y", "origin": [13, 18, 11]},
			"faces": {
				"north": {"uv": [0.5, 0, 3.5, 1.5], "texture": "#0"},
				"east": {"uv": [0, 0, 1, 2], "texture": "#0"},
				"south": {"uv": [0.5, 0, 3.5, 1.5], "texture": "#0"},
				"west": {"uv": [3, 0, 4, 2], "texture": "#0"},
				"up": {"uv": [0, 0, 0, 0], "texture": "#0"},
				"down": {"uv": [0, 0, 0, 0], "texture": "#0"}
			}
		},
		{
			"from": [5, 10, 3],
			"to": [5, 13, 4],
			"rotation": {"angle": 0, "axis": "y", "origin": [13, 18, 10]},
			"faces": {
				"north": {"uv": [1, 0, 3, 2], "texture": "#0"},
				"east": {"uv": [0, 0, 0.5, 1.5], "texture": "#0"},
				"south": {"uv": [1, 0, 3, 2], "texture": "#0"},
				"west": {"uv": [3.5, 0, 4, 1.5], "texture": "#0"},
				"up": {"uv": [0, 0, 0, 0], "texture": "#0"},
				"down": {"uv": [0, 0, 0, 0], "texture": "#0"}
			}
		},
		{
			"from": [11, 10, 3],
			"to": [11, 13, 4],
			"rotation": {"angle": 0, "axis": "y", "origin": [19, 18, 10]},
			"faces": {
				"north": {"uv": [1, 0, 3, 2], "texture": "#0"},
				"east": {"uv": [0, 0, 0.5, 1.5], "texture": "#0"},
				"south": {"uv": [1, 0, 3, 2], "texture": "#0"},
				"west": {"uv": [3.5, 0, 4, 1.5], "texture": "#0"},
				"up": {"uv": [0, 0, 0, 0], "texture": "#0"},
				"down": {"uv": [0, 0, 0, 0], "texture": "#0"}
			}
		},
		{
			"from": [13, 10, 4],
			"to": [13, 11, 12],
			"rotation": {"angle": 0, "axis": "y", "origin": [21, 18, 12]},
			"faces": {
				"north": {"uv": [1, 0, 3, 2], "texture": "#0"},
				"east": {"uv": [0, 8, 4, 8.5], "texture": "#0"},
				"south": {"uv": [1, 0, 3, 2], "texture": "#0"},
				"west": {"uv": [0, 10, 4, 10.5], "texture": "#0"},
				"up": {"uv": [0, 0, 0, 0], "texture": "#0"},
				"down": {"uv": [0, 0, 0, 0], "texture": "#0"}
			}
		},
		{
			"from": [3, 10, 4],
			"to": [3, 11, 12],
			"rotation": {"angle": 0, "axis": "y", "origin": [11, 18, 12]},
			"faces": {
				"north": {"uv": [1, 0, 3, 2], "texture": "#0"},
				"east": {"uv": [0, 8, 4, 8.5], "texture": "#0"},
				"south": {"uv": [1, 0, 3, 2], "texture": "#0"},
				"west": {"uv": [0, 10, 4, 10.5], "texture": "#0"},
				"up": {"uv": [0, 0, 0, 0], "texture": "#0"},
				"down": {"uv": [0, 0, 0, 0], "texture": "#0"}
			}
		},
		{
			"from": [5, 9, 3],
			"to": [11, 10, 4],
			"rotation": {"angle": 0, "axis": "y", "origin": [13, 17, 10]},
			"faces": {
				"north": {"uv": [5.5, 0, 7.5, 0.5], "texture": "#0"},
				"east": {"uv": [5, 4.5, 5.5, 5], "texture": "#0"},
				"south": {"uv": [4, 6.5, 6, 8], "texture": "#0"},
				"west": {"uv": [7.5, 4.5, 8, 5], "texture": "#0"},
				"up": {"uv": [5.5, 0, 6, 0.5], "texture": "#0"},
				"down": {"uv": [5.5, 0, 7.5, 0.5], "texture": "#0"}
			}
		},
		{
			"from": [5.5, 10, 5],
			"to": [10.5, 12, 11],
			"rotation": {"angle": 0, "axis": "y", "origin": [13.5, 18, 13]},
			"faces": {
				"north": {"uv": [8.5, 5, 11, 6.5], "texture": "#0"},
				"east": {"uv": [0, 5, 3, 6.5], "texture": "#0"},
				"south": {"uv": [8.5, 5, 11, 6.5], "texture": "#0"},
				"west": {"uv": [5.5, 5.5, 8.5, 6.5], "texture": "#0"},
				"up": {"uv": [9, 6.5, 11.5, 9.5], "texture": "#0"},
				"down": {"uv": [0, 12.5, 5, 16], "texture": "#0"}
			}
		},
		{
			"from": [1, 10, 5],
			"to": [1, 12, 12],
			"rotation": {"angle": 0, "axis": "y", "origin": [10, 18, 12]},
			"faces": {
				"north": {"uv": [0, 14, 1, 15], "texture": "#0"},
				"east": {"uv": [1, 14, 4.5, 15], "texture": "#0"},
				"south": {"uv": [4.5, 14, 5.5, 15], "texture": "#0"},
				"west": {"uv": [1, 14, 4.5, 15], "texture": "#0"},
				"up": {"uv": [1, 13.5, 4.5, 14.5], "texture": "#0"},
				"down": {"uv": [8, 0, 9, 3.5], "texture": "#0"}
			}
		},
		{
			"from": [15, 10, 5],
			"to": [15, 12, 12],
			"rotation": {"angle": 0, "axis": "y", "origin": [24, 18, 12]},
			"faces": {
				"north": {"uv": [4.5, 14, 5.5, 15], "texture": "#0"},
				"east": {"uv": [1, 14, 4.5, 15], "texture": "#0"},
				"south": {"uv": [0, 14, 1, 15], "texture": "#0"},
				"west": {"uv": [1, 14, 4.5, 15], "texture": "#0"},
				"up": {"uv": [1, 13.5, 4.5, 14.5], "texture": "#0"},
				"down": {"uv": [4, 0, 5, 3.5], "texture": "#0"}
			}
		}
	],
	"display": {
		"thirdperson_righthand": {
			"rotation": [-12, 12, 0],
			"translation": [0, -1.5, -0.75]
		},
		"thirdperson_lefthand": {
			"rotation": [-12, 12, 0],
			"translation": [0, -1.5, -0.75]
		},
		"firstperson_righthand": {
			"rotation": [-28, 8, 11],
			"translation": [0, -2, 0]
		},
		"firstperson_lefthand": {
			"rotation": [-28, 8, 11],
			"translation": [0, -2, 0]
		},
		"ground": {
			"translation": [0, -3, 0]
		},
		"gui": {
			"rotation": [30, 132, 0],
			"translation": [0, -1.75, 0]
		},
		"head": {
			"translation": [0, 3.5, 0],
			"scale": [1.9, 1.9, 1.9]
		},
		"fixed": {
			"rotation": [-90, 0, 0],
			"translation": [0, 0, 1.5],
			"scale": [1.58, 1.58, 1.58]
		}
	}
}