{
	"credit": "Made with Blockbench",
	"texture_size": [64, 32],
	"textures": {
		"0": "item/carved_pumpkin/cylinder",
		"particle": "item/carved_pumpkin/cylinder"
	},
	"elements": [
		{
			"from": [4, 7, 4],
			"to": [12, 15, 12],
			"rotation": {"angle": 0, "axis": "y", "origin": [12, 15, 12]},
			"faces": {
				"north": {"uv": [2, 4, 4, 8], "texture": "#0"},
				"east": {"uv": [0, 4, 2, 8], "texture": "#0"},
				"south": {"uv": [6, 4, 8, 8], "texture": "#0"},
				"west": {"uv": [4, 4, 6, 8], "texture": "#0"},
				"up": {"uv": [2, 0, 4, 4], "rotation": 180, "texture": "#0"},
				"down": {"uv": [4, 0, 6, 4], "texture": "#0"}
			}
		},
		{
			"from": [2, 7, 2],
			"to": [14, 7, 14],
			"rotation": {"angle": 0, "axis": "y", "origin": [10, 15, 10]},
			"faces": {
				"north": {"uv": [4, 4, 8, 5.5], "texture": "#0"},
				"east": {"uv": [0, 4, 4, 5.5], "texture": "#0"},
				"south": {"uv": [12, 4, 16, 5.5], "texture": "#0"},
				"west": {"uv": [8, 4, 12, 5.5], "texture": "#0"},
				"up": {"uv": [8, 0, 11, 6], "rotation": 180, "texture": "#0"},
				"down": {"uv": [8, 0, 11, 6], "texture": "#0"}
			}
		},
		{
			"from": [14, 7, 2],
			"to": [14, 8, 14],
			"rotation": {"angle": 0, "axis": "y", "origin": [22, 15, 10]},
			"faces": {
				"north": {"uv": [3, 5.5, 6, 6], "texture": "#0"},
				"east": {"uv": [8, 6, 11, 6.5], "texture": "#0"},
				"south": {"uv": [6, 5.5, 3, 6], "texture": "#0"},
				"west": {"uv": [11, 6, 8, 6.5], "texture": "#0"},
				"up": {"uv": [3, 5.5, 6, 6], "rotation": 180, "texture": "#0"},
				"down": {"uv": [3, 0, 6, 6], "texture": "#0"}
			}
		},
		{
			"from": [2, 7, 2],
			"to": [2, 8, 14],
			"rotation": {"angle": 0, "axis": "y", "origin": [10, 15, 10]},
			"faces": {
				"north": {"uv": [3, 5.5, 6, 6], "texture": "#0"},
				"east": {"uv": [8, 6, 11, 6.5], "texture": "#0"},
				"south": {"uv": [6, 5.5, 3, 6], "texture": "#0"},
				"west": {"uv": [11, 6, 8, 6.5], "texture": "#0"},
				"up": {"uv": [3, 5.5, 6, 6], "rotation": 180, "texture": "#0"},
				"down": {"uv": [3, 0, 6, 6], "texture": "#0"}
			}
		}
	],
	"display": {
		"thirdperson_righthand": {
			"rotation": [-13, -180, 0],
			"translation": [0, 0.25, -0.75]
		},
		"thirdperson_lefthand": {
			"rotation": [-13, -180, 0],
			"translation": [0, 0.25, -0.75]
		},
		"ground": {
			"translation": [0, -1.75, 0]
		},
		"gui": {
			"rotation": [30, 132, 0],
			"translation": [0, -1.75, 0],
			"scale": [0.85, 0.85, 0.85]
		},
		"head": {
			"translation": [0, 6.25, 0],
			"scale": [1.9, 1.9, 1.9]
		},
		"fixed": {
			"rotation": [-90, 0, 0],
			"translation": [0, 0, -1.75],
			"scale": [1.58, 1.58, 1.58]
		}
	}
}