{
	"credit": "Made with Blockbench",
	"texture_size": [64, 64],
	"textures": {
		"0": "item/carved_pumpkin/daddly",
		"particle": "item/carved_pumpkin/daddly"
	},
	"elements": [
		{
			"from": [4, 0, 4],
			"to": [12, 8, 12],
			"faces": {
				"north": {"uv": [0, 0, 2, 2], "texture": "#0"},
				"east": {"uv": [0, 2, 2, 4], "texture": "#0"},
				"south": {"uv": [2, 0, 4, 2], "texture": "#0"},
				"west": {"uv": [2, 2, 4, 4], "texture": "#0"},
				"up": {"uv": [2, 6, 0, 4], "texture": "#0"},
				"down": {"uv": [6, 0, 4, 2], "texture": "#0"}
			}
		},
		{
			"from": [3, -1, 3],
			"to": [13, 3, 5],
			"faces": {
				"north": {"uv": [2, 4, 4.5, 5], "texture": "#0"},
				"east": {"uv": [4, 3, 4.5, 4], "texture": "#0"},
				"south": {"uv": [4, 2, 6.5, 3], "texture": "#0"},
				"west": {"uv": [6.25, 8, 6.75, 9], "texture": "#0"},
				"up": {"uv": [10, 8, 7.5, 7.5], "texture": "#0"},
				"down": {"uv": [10.25, 1.25, 7.75, 1.75], "texture": "#0"}
			}
		},
		{
			"from": [7, 2, 2],
			"to": [9, 4, 4],
			"faces": {
				"north": {"uv": [6, 1.25, 6.5, 1.75], "texture": "#0"},
				"east": {"uv": [3.75, 6.25, 4.25, 6.75], "texture": "#0"},
				"south": {"uv": [6.5, 2.5, 7, 3], "texture": "#0"},
				"west": {"uv": [7, 6.25, 7.5, 6.75], "texture": "#0"},
				"up": {"uv": [7.25, 8.5, 6.75, 8], "texture": "#0"},
				"down": {"uv": [7.75, 8, 7.25, 8.5], "texture": "#0"}
			}
		},
		{
			"from": [0.25, 1.75, 6],
			"to": [5.25, 6.75, 11],
			"rotation": {"angle": 22.5, "axis": "z", "origin": [2.5, 4.5, 8.5]},
			"faces": {
				"north": {"uv": [4.5, 3, 5.75, 4.25], "texture": "#0"},
				"east": {"uv": [4.5, 4.25, 5.75, 5.5], "texture": "#0"},
				"south": {"uv": [2, 5, 3.25, 6.25], "texture": "#0"},
				"west": {"uv": [3.25, 5, 4.5, 6.25], "texture": "#0"},
				"up": {"uv": [5.75, 6.75, 4.5, 5.5], "texture": "#0"},
				"down": {"uv": [7, 3, 5.75, 4.25], "texture": "#0"}
			}
		},
		{
			"from": [0, 1.5, 5.75],
			"to": [5.5, 7, 11.25],
			"rotation": {"angle": 22.5, "axis": "z", "origin": [2.5, 4.5, 8.5]},
			"faces": {
				"north": {"uv": [5.75, 4.25, 7, 5.5], "texture": "#0"},
				"east": {"uv": [5.75, 5.5, 7, 6.75], "texture": "#0"},
				"south": {"uv": [0, 6, 1.25, 7.25], "texture": "#0"},
				"west": {"uv": [6, 0, 7.25, 1.25], "texture": "#0"},
				"up": {"uv": [2.5, 7.5, 1.25, 6.25], "texture": "#0"},
				"down": {"uv": [3.75, 6.25, 2.5, 7.5], "texture": "#0"}
			}
		},
		{
			"from": [10.75, 1.75, 6],
			"to": [15.75, 6.75, 11],
			"rotation": {"angle": -22.5, "axis": "z", "origin": [13.5, 4.5, 8.5]},
			"faces": {
				"north": {"uv": [6.5, 1.25, 7.75, 2.5], "texture": "#0"},
				"east": {"uv": [3.75, 6.75, 5, 8], "texture": "#0"},
				"south": {"uv": [5, 6.75, 6.25, 8], "texture": "#0"},
				"west": {"uv": [6.25, 6.75, 7.5, 8], "texture": "#0"},
				"up": {"uv": [8.25, 3.75, 7, 2.5], "texture": "#0"},
				"down": {"uv": [8.25, 3.75, 7, 5], "texture": "#0"}
			}
		},
		{
			"from": [10.5, 1.5, 5.75],
			"to": [16, 7, 11.25],
			"rotation": {"angle": -22.5, "axis": "z", "origin": [13.5, 4.5, 8.5]},
			"faces": {
				"north": {"uv": [7, 5, 8.25, 6.25], "texture": "#0"},
				"east": {"uv": [0, 7.25, 1.25, 8.5], "texture": "#0"},
				"south": {"uv": [7.25, 0, 8.5, 1.25], "texture": "#0"},
				"west": {"uv": [1.25, 7.5, 2.5, 8.75], "texture": "#0"},
				"up": {"uv": [3.75, 8.75, 2.5, 7.5], "texture": "#0"},
				"down": {"uv": [8.75, 6.25, 7.5, 7.5], "texture": "#0"}
			}
		},
		{
			"from": [3, 4.25, 3.5],
			"to": [13, 6.25, 3.5],
			"faces": {
				"north": {"uv": [7.75, 1.75, 10.25, 2.25], "texture": "#0"},
				"east": {"uv": [0, 0, 0, 0.5], "texture": "#0"},
				"south": {"uv": [7.75, 1.75, 10.25, 2.25], "texture": "#0"},
				"west": {"uv": [0, 0, 0, 0.5], "texture": "#0"},
				"up": {"uv": [2.5, 0, 0, 0], "texture": "#0"},
				"down": {"uv": [2.5, 0, 0, 0], "texture": "#0"}
			}
		}
	],
	"display": {
		"thirdperson_righthand": {
			"rotation": [0, 124, 0],
			"translation": [0, 5, 0],
			"scale": [0.7, 0.7, 0.7]
		},
		"thirdperson_lefthand": {
			"rotation": [0, 124, 0],
			"translation": [0, 5, 0],
			"scale": [0.7, 0.7, 0.7]
		},
		"firstperson_righthand": {
			"rotation": [0, 128, 0],
			"translation": [0, 5, 0],
			"scale": [0.7, 0.7, 0.7]
		},
		"firstperson_lefthand": {
			"rotation": [0, 128, 0],
			"translation": [0, 5, 0],
			"scale": [0.7, 0.7, 0.7]
		},
		"ground": {
			"rotation": [53, 0, 22],
			"translation": [0, 1.5, 0],
			"scale": [0.8, 0.8, 0.8]
		},
		"gui": {
			"rotation": [5, 158, 0],
			"translation": [0, 2, 0]
		},
		"head": {
			"translation": [0, 7.4, 0],
			"scale": [1.81, 1.81, 1.81]
		},
		"fixed": {
			"rotation": [-81, 0, 0],
			"translation": [0, 0, -16.5],
			"scale": [2, 2, 2]
		}
	}
}