{
	"credit": "Made with Blockbench",
	"texture_size": [32, 32],
	"textures": {
		"0": "item/carved_pumpkin/deadmau5",
		"particle": "item/carved_pumpkin/deadmau5"
	},
	"elements": [
		{
			"from": [4, 2, 4],
			"to": [12, 10, 12],
			"rotation": {"angle": 0, "axis": "y", "origin": [9, 15, 9]},
			"faces": {
				"north": {"uv": [12, 0, 16, 4], "texture": "#0"},
				"east": {"uv": [0, 4, 4, 8], "texture": "#0"},
				"south": {"uv": [12, 4, 16, 8], "texture": "#0"},
				"west": {"uv": [8, 4, 12, 8], "texture": "#0"},
				"up": {"uv": [4, 0, 8, 4], "rotation": 180, "texture": "#0"},
				"down": {"uv": [12, 0, 8, 4], "texture": "#0"}
			}
		},
		{
			"from": [3.75, 1.75, 3.75],
			"to": [12.25, 10.25, 12.25],
			"rotation": {"angle": 0, "axis": "y", "origin": [9, 15, 9]},
			"faces": {
				"north": {"uv": [4, 4, 8, 8], "texture": "#0"},
				"east": {"uv": [0, 4, 4, 8], "texture": "#0"},
				"south": {"uv": [12, 4, 16, 8], "texture": "#0"},
				"west": {"uv": [8, 4, 12, 8], "texture": "#0"},
				"up": {"uv": [4, 0, 8, 4], "rotation": 180, "texture": "#0"},
				"down": {"uv": [12, 0, 8, 4], "texture": "#0"}
			}
		},
		{
			"from": [10, 8, 7],
			"to": [17, 15, 8.25],
			"rotation": {"angle": 0, "axis": "y", "origin": [12, 15, 12]},
			"faces": {
				"north": {"uv": [0.5, 0.5, 3.5, 3.5], "texture": "#0"},
				"east": {"uv": [0, 0.5, 0.5, 3.5], "texture": "#0"},
				"south": {"uv": [0.5, 0.5, 3.5, 3.5], "texture": "#0"},
				"west": {"uv": [3.5, 0.5, 4, 3.5], "texture": "#0"},
				"up": {"uv": [0.5, 0, 3.5, 0.5], "rotation": 180, "texture": "#0"},
				"down": {"uv": [0.5, 3.5, 3.5, 4], "rotation": 180, "texture": "#0"}
			}
		},
		{
			"from": [-1, 8, 7],
			"to": [6, 15, 8.25],
			"rotation": {"angle": 0, "axis": "y", "origin": [12, 15, 12]},
			"faces": {
				"north": {"uv": [0.5, 0.5, 3.5, 3.5], "texture": "#0"},
				"east": {"uv": [0, 0.5, 0.5, 3.5], "texture": "#0"},
				"south": {"uv": [0.5, 0.5, 3.5, 3.5], "texture": "#0"},
				"west": {"uv": [3.5, 0.5, 4, 3.5], "texture": "#0"},
				"up": {"uv": [0.5, 0, 3.5, 0.5], "rotation": 180, "texture": "#0"},
				"down": {"uv": [0.5, 3.5, 3.5, 4], "rotation": 180, "texture": "#0"}
			}
		}
	],
	"display": {
		"thirdperson_righthand": {
			"rotation": [-22, 0, -16],
			"translation": [1.5, 3, -3.75]
		},
		"thirdperson_lefthand": {
			"rotation": [-22, 0, -16],
			"translation": [1.5, 3, -3.75]
		},
		"firstperson_righthand": {
			"rotation": [-64, 19, -10],
			"translation": [1.25, 0, 0]
		},
		"firstperson_lefthand": {
			"rotation": [-64, 19, -10],
			"translation": [1.25, 0, 0]
		},
		"ground": {
			"translation": [0, 3.5, 0]
		},
		"gui": {
			"rotation": [30, 132, 0],
			"translation": [0.5, -0.5, 0],
			"scale": [0.8, 0.8, 0.8]
		},
		"head": {
			"translation": [0, 3.75, 0],
			"scale": [1.75, 1.75, 1.75]
		},
		"fixed": {
			"rotation": [-90, 0, 0],
			"translation": [0, 0, -9.75],
			"scale": [1.58, 1.58, 1.58]
		}
	}
}