{
	"credit": "Made with Blockbench",
	"texture_size": [64, 64],
	"textures": {
		"1": "item/carved_pumpkin/dodo",
		"3": "item/carved_pumpkin/aircraft_propeller"
	},
	"elements": [
		{
			"name": "fuselage 2",
			"from": [22, 3.25, 4],
			"to": [28.5, 9.75, 12],
			"rotation": {"angle": 0, "axis": "y", "origin": [-21, 10.25, 7]},
			"faces": {
				"north": {"uv": [0, 3.5, 1.625, 5.125], "texture": "#1"},
				"east": {"uv": [1.625, 3.5, 3.625, 5.125], "texture": "#1"},
				"south": {"uv": [1.625, 3.5, 0, 5.125], "texture": "#1"},
				"up": {"uv": [0, 5.125, 1.625, 7.125], "rotation": 180, "texture": "#1"},
				"down": {"uv": [1.625, 5.125, 3.25, 7.125], "rotation": 180, "texture": "#1"}
			}
		},
		{
			"name": "fuselage 3",
			"from": [11, 2.25, 3.5],
			"to": [22, 9.75, 12.5],
			"rotation": {"angle": 0, "axis": "y", "origin": [-33, 9.25, 6.5]},
			"faces": {
				"north": {"uv": [0, 7.125, 2.75, 9], "texture": "#1"},
				"east": {"uv": [2.75, 9, 5, 10.875], "texture": "#1"},
				"south": {"uv": [2.75, 7.125, 0, 9], "texture": "#1"},
				"west": {"uv": [2.75, 7.125, 5, 9], "texture": "#1"},
				"up": {"uv": [5, 7.125, 7.75, 9.375], "rotation": 180, "texture": "#1"},
				"down": {"uv": [5, 9.375, 7.75, 11.625], "rotation": 180, "texture": "#1"}
			}
		},
		{
			"name": "fuselage 4",
			"from": [14, 2.25, -14.5],
			"to": [14, 13.75, 3.5],
			"rotation": {"angle": 0, "axis": "y", "origin": [-33, 9.25, 6.5]},
			"faces": {
				"north": {"uv": [0, 7.125, 0, 10], "texture": "#1"},
				"east": {"uv": [11.5, 13.125, 16, 16], "texture": "#1"},
				"south": {"uv": [2.75, 7.125, 0, 9], "texture": "#1"},
				"west": {"uv": [16, 13.125, 11.5, 16], "texture": "#1"},
				"up": {"uv": [5, 7.125, 7.75, 9.375], "rotation": 180, "texture": "#1"},
				"down": {"uv": [5, 9.375, 7.75, 11.625], "rotation": 180, "texture": "#1"}
			}
		},
		{
			"name": "fuselage 5",
			"from": [14, 2.25, 12.5],
			"to": [14, 13.75, 30.5],
			"rotation": {"angle": 0, "axis": "y", "origin": [-33, 9.25, 33.5]},
			"faces": {
				"north": {"uv": [0, 7.125, 0, 10], "texture": "#1"},
				"east": {"uv": [16, 13.125, 11.5, 16], "texture": "#1"},
				"south": {"uv": [2.75, 7.125, 0, 9], "texture": "#1"},
				"west": {"uv": [11.5, 13.125, 16, 16], "texture": "#1"},
				"up": {"uv": [5, 7.125, 7.75, 9.375], "rotation": 180, "texture": "#1"},
				"down": {"uv": [5, 9.375, 7.75, 11.625], "rotation": 180, "texture": "#1"}
			}
		},
		{
			"name": "fuselage 4",
			"from": [21, 9.25, 4],
			"to": [21, 14.25, 12],
			"rotation": {"angle": 22.5, "axis": "z", "origin": [21, 14.25, 7]},
			"faces": {
				"north": {"uv": [15.5, 8.25, 16, 9.75], "texture": "#1"},
				"east": {"uv": [2, 10, 0, 11.25], "texture": "#1"},
				"south": {"uv": [15.5, 8.25, 16, 9.75], "texture": "#1"},
				"west": {"uv": [0, 10, 2, 11.25], "texture": "#1"},
				"up": {"uv": [15.5, 8.25, 16, 9.75], "texture": "#1"},
				"down": {"uv": [15.5, 8.25, 16, 9.75], "texture": "#1"}
			}
		},
		{
			"name": "fuselage 5",
			"from": [12, 7.75, 4.5],
			"to": [12, 14.25, 11.5],
			"rotation": {"angle": -45, "axis": "z", "origin": [12, 14.25, 7.5]},
			"faces": {
				"north": {"uv": [15.5, 8.25, 16, 9.75], "texture": "#1"},
				"east": {"uv": [1.75, 11.25, 0, 12.875], "texture": "#1"},
				"south": {"uv": [15.5, 8.25, 16, 9.75], "texture": "#1"},
				"west": {"uv": [0, 11.25, 1.75, 12.875], "texture": "#1"},
				"up": {"uv": [15.5, 8.25, 16, 9.75], "texture": "#1"},
				"down": {"uv": [15.5, 8.25, 16, 9.75], "texture": "#1"}
			}
		},
		{
			"name": "fuselage 4",
			"from": [12, 13.75, -15],
			"to": [21, 14.75, 31],
			"rotation": {"angle": 0, "axis": "y", "origin": [-31, 20.75, 8]},
			"faces": {
				"north": {"uv": [4.25, 2.5, 6.5, 2.75], "texture": "#1"},
				"east": {"uv": [0, 3, 11.5, 3.25], "texture": "#1"},
				"south": {"uv": [6.5, 2.5, 4.25, 2.75], "texture": "#1"},
				"west": {"uv": [0, 2.25, 11.5, 2.5], "texture": "#1"},
				"up": {"uv": [0, 0, 11.5, 2.25], "rotation": 90, "texture": "#1"},
				"down": {"uv": [0, 0, 11.5, 2.25], "rotation": 90, "texture": "#1"}
			}
		},
		{
			"name": "fuselage 5",
			"from": [14, 13.75, -15],
			"to": [12, 14.75, 2],
			"rotation": {"angle": 0, "axis": "y", "origin": [-29, 20.75, 8]},
			"faces": {
				"south": {"uv": [4.25, 3.25, 4.75, 3.5], "texture": "#1"},
				"west": {"uv": [0, 3.25, 4.25, 3.5], "texture": "#1"}
			}
		},
		{
			"name": "fuselage 6",
			"from": [12, 14.75, -15],
			"to": [14, 14.75, 2],
			"rotation": {"angle": 0, "axis": "y", "origin": [-31, 21.75, 8]},
			"faces": {
				"south": {"uv": [4.25, 3.25, 4.75, 3.5], "texture": "#1"},
				"west": {"uv": [0, 3.25, 4.25, 3.5], "texture": "#1"},
				"up": {"uv": [0, 2.5, 4.25, 3], "rotation": 90, "texture": "#1"},
				"down": {"uv": [4.25, 2.5, 0, 3], "rotation": 90, "texture": "#1"}
			}
		},
		{
			"name": "fuselage 7",
			"from": [12, 14.75, 14],
			"to": [14, 14.75, 31],
			"rotation": {"angle": 0, "axis": "y", "origin": [-31, 21.75, 37]},
			"faces": {
				"south": {"uv": [4.25, 3.25, 4.75, 3.5], "texture": "#1"},
				"west": {"uv": [0, 3.25, 4.25, 3.5], "texture": "#1"},
				"up": {"uv": [4.25, 2.5, 0, 3], "rotation": 90, "texture": "#1"},
				"down": {"uv": [0, 2.5, 4.25, 3], "rotation": 90, "texture": "#1"}
			}
		},
		{
			"name": "fuselage 6",
			"from": [14, 13.75, 14],
			"to": [12, 14.75, 31],
			"rotation": {"angle": 0, "axis": "y", "origin": [-29, 20.75, 37]},
			"faces": {
				"north": {"uv": [4.75, 3.25, 4.25, 3.5], "texture": "#1"},
				"west": {"uv": [4.25, 3.25, 0, 3.5], "texture": "#1"}
			}
		},
		{
			"name": "fuselage 6",
			"from": [19.5, 13.75, 8],
			"to": [20.5, 14.75, 23],
			"rotation": {"angle": -45, "axis": "x", "origin": [19.5, 13.75, 23]},
			"faces": {
				"east": {"uv": [3.875, 6.625, 7.625, 6.375], "texture": "#1"},
				"west": {"uv": [7.625, 6.375, 3.875, 6.625], "texture": "#1"},
				"up": {"uv": [3.875, 6.375, 7.625, 6.625], "rotation": 270, "texture": "#1"},
				"down": {"uv": [3.875, 6.375, 7.625, 6.625], "rotation": 90, "texture": "#1"}
			}
		},
		{
			"name": "fuselage 7",
			"from": [19.5, -1.25, -7],
			"to": [20.5, 13.75, -6],
			"rotation": {"angle": -45, "axis": "x", "origin": [19.5, 13.75, -7]},
			"faces": {
				"north": {"uv": [3.875, 6.625, 7.625, 6.375], "rotation": 90, "texture": "#1"},
				"east": {"uv": [3.875, 6.375, 7.625, 6.625], "rotation": 90, "texture": "#1"},
				"south": {"uv": [3.875, 6.625, 7.625, 6.375], "rotation": 90, "texture": "#1"},
				"west": {"uv": [3.875, 6.375, 7.625, 6.625], "rotation": 90, "texture": "#1"}
			}
		},
		{
			"name": "fuselage 5",
			"from": [4.5, 3.25, 4.5],
			"to": [11, 9.75, 11.5],
			"rotation": {"angle": 0, "axis": "y", "origin": [-39.5, 10.25, 7.5]},
			"faces": {
				"north": {"uv": [3.625, 3.5, 5.25, 5.125], "texture": "#1"},
				"south": {"uv": [5.25, 3.5, 3.625, 5.125], "texture": "#1"},
				"west": {"uv": [6.875, 3.25, 8.625, 4.875], "texture": "#1"},
				"up": {"uv": [5.25, 3.25, 6.875, 5], "rotation": 180, "texture": "#1"},
				"down": {"uv": [8.625, 3.25, 10.25, 5], "rotation": 180, "texture": "#1"}
			}
		},
		{
			"name": "fuselage 5",
			"from": [-6.5, 4.75, 5.5],
			"to": [4.5, 9.75, 10.5],
			"rotation": {"angle": 0, "axis": "y", "origin": [-51.5, 11.75, 8.5]},
			"faces": {
				"north": {"uv": [4.25, 5.125, 7, 6.375], "texture": "#1"},
				"east": {"uv": [0, 0, 0, 0], "texture": "#1"},
				"south": {"uv": [7, 5.125, 4.25, 6.375], "texture": "#1"},
				"west": {"uv": [10.25, 3.875, 11.5, 5.125], "texture": "#1"},
				"up": {"uv": [7, 5.125, 9.75, 6.375], "rotation": 180, "texture": "#1"},
				"down": {"uv": [9.75, 5.125, 12.5, 6.375], "rotation": 180, "texture": "#1"}
			}
		},
		{
			"name": "fuselage 7",
			"from": [-9, 7.25, -2],
			"to": [-1.5, 7.75, 18],
			"rotation": {"angle": 0, "axis": "y", "origin": [-54, 14.25, 1]},
			"faces": {
				"north": {"uv": [0, 12.875, 0.125, 14.75], "rotation": 270, "texture": "#1"},
				"east": {"uv": [0, 12.875, 5, 13], "texture": "#1"},
				"south": {"uv": [4.875, 12.875, 5, 14.75], "rotation": 90, "texture": "#1"},
				"west": {"uv": [0, 14.625, 5, 14.75], "texture": "#1"},
				"up": {"uv": [0, 12.875, 5, 14.75], "rotation": 90, "texture": "#1"},
				"down": {"uv": [0, 12.875, 5, 14.75], "rotation": 90, "texture": "#1"}
			}
		},
		{
			"name": "fuselage 7",
			"from": [-14, 5.75, 8],
			"to": [-2, 17.25, 8],
			"rotation": {"angle": 0, "axis": "y", "origin": [-59, 9.25, 11]},
			"faces": {
				"north": {"uv": [11.5, 0, 14.5, 2.875], "texture": "#1"},
				"east": {"uv": [14.5, 6.75, 16, 8.25], "texture": "#1"},
				"south": {"uv": [14.5, 0, 11.5, 2.875], "texture": "#1"},
				"west": {"uv": [0, 0, 0, 0], "texture": "#1"},
				"up": {"uv": [15.5, 8.25, 16, 9.75], "texture": "#1"},
				"down": {"uv": [15.5, 8.25, 16, 9.75], "texture": "#1"}
			}
		},
		{
			"name": "axis",
			"from": [28.5, 6.75, 6.75],
			"to": [31, 9.25, 9.25],
			"rotation": {"angle": 0, "axis": "y", "origin": [-17.5, 11.25, 7.25]},
			"faces": {
				"north": {"uv": [3.25, 5.875, 3.875, 6.5], "texture": "#1"},
				"east": {"uv": [3.25, 6.5, 3.875, 7.125], "texture": "#1"},
				"south": {"uv": [3.25, 6.5, 3.875, 5.875], "rotation": 180, "texture": "#1"},
				"up": {"uv": [3.25, 5.875, 3.875, 6.5], "rotation": 180, "texture": "#1"},
				"down": {"uv": [3.25, 6.5, 3.875, 5.875], "rotation": 180, "texture": "#1"}
			}
		},
		{
			"name": "bar",
			"from": [11, 9.75, 4],
			"to": [22, 13.75, 4],
			"rotation": {"angle": 0, "axis": "x", "origin": [12, 13.75, 4]},
			"faces": {
				"north": {"uv": [0, 9, 2.75, 10], "texture": "#1"},
				"east": {"uv": [15.75, 9.75, 15.625, 11.23275], "texture": "#1"},
				"south": {"uv": [2.75, 9, 0, 10], "texture": "#1"},
				"west": {"uv": [16, 9.75, 15.875, 11.23275], "texture": "#1"},
				"up": {"uv": [0, 0, 0, 0], "texture": "#1"},
				"down": {"uv": [0, 0, 0, 0], "texture": "#1"}
			}
		},
		{
			"name": "bar",
			"from": [11, 9.75, 12],
			"to": [22, 13.75, 12],
			"rotation": {"angle": 0, "axis": "x", "origin": [12, 13.75, 12]},
			"faces": {
				"north": {"uv": [0, 9, 2.75, 10], "texture": "#1"},
				"east": {"uv": [15.75, 9.75, 15.625, 11.23275], "texture": "#1"},
				"south": {"uv": [2.75, 9, 0, 10], "texture": "#1"},
				"west": {"uv": [16, 9.75, 15.875, 11.23275], "texture": "#1"},
				"up": {"uv": [0, 0, 0, 0], "texture": "#1"},
				"down": {"uv": [0, 0, 0, 0], "texture": "#1"}
			}
		},
		{
			"name": "propoller",
			"from": [28.75, 0, 0],
			"to": [29, 16, 16],
			"rotation": {"angle": 0, "axis": "y", "origin": [12.75, 10, 8]},
			"faces": {
				"north": {"uv": [0, 0, 0, 0], "texture": "#3"},
				"east": {"uv": [0, 0, 16, 16], "texture": "#3"},
				"south": {"uv": [0, 0, 0, 0], "texture": "#3"},
				"west": {"uv": [16, 0, 0, 16], "texture": "#3"},
				"up": {"uv": [0, 0, 0, 0], "texture": "#3"},
				"down": {"uv": [0, 0, 0, 0], "texture": "#3"}
			}
		},
		{
			"name": "chassis",
			"from": [12, -3.5, 16.25],
			"to": [16, 0.5, 17.75],
			"rotation": {"angle": 0, "axis": "y", "origin": [14.0183, -2.48248, 12.21422]},
			"faces": {
				"north": {"uv": [11.5, 4.125, 12.5, 5.125], "texture": "#1"},
				"east": {"uv": [12.875, 4.125, 12.5, 5.125], "texture": "#1"},
				"south": {"uv": [11.5, 4.125, 12.5, 5.125], "texture": "#1"},
				"west": {"uv": [12.5, 4.125, 12.875, 5.125], "texture": "#1"},
				"up": {"uv": [12.5, 4.125, 12.875, 5.125], "rotation": 90, "texture": "#1"},
				"down": {"uv": [12.875, 4.125, 12.5, 5.125], "rotation": 90, "texture": "#1"}
			}
		},
		{
			"name": "chassis",
			"from": [12, -3.5, -1.75],
			"to": [16, 0.5, -0.25],
			"rotation": {"angle": 0, "axis": "y", "origin": [14.0183, -2.48248, -5.78578]},
			"faces": {
				"north": {"uv": [11.5, 4.125, 12.5, 5.125], "texture": "#1"},
				"east": {"uv": [12.5, 4.125, 12.875, 5.125], "texture": "#1"},
				"south": {"uv": [11.5, 4.125, 12.5, 5.125], "texture": "#1"},
				"west": {"uv": [12.875, 4.125, 12.5, 5.125], "texture": "#1"},
				"up": {"uv": [12.875, 4.125, 12.5, 5.125], "rotation": 90, "texture": "#1"},
				"down": {"uv": [12.5, 4.125, 12.875, 5.125], "rotation": 90, "texture": "#1"}
			}
		},
		{
			"name": "chassis",
			"from": [24, -3.75, 6.75],
			"to": [28, 0.25, 9.25],
			"rotation": {"angle": 0, "axis": "y", "origin": [26.0183, -2.73248, 3.21422]},
			"faces": {
				"north": {"uv": [11.5, 4.125, 12.5, 5.125], "texture": "#1"},
				"east": {"uv": [12.875, 4.125, 13.5, 5.125], "texture": "#1"},
				"south": {"uv": [11.5, 4.125, 12.5, 5.125], "texture": "#1"},
				"west": {"uv": [12.875, 4.125, 13.5, 5.125], "texture": "#1"},
				"up": {"uv": [12.875, 4.125, 13.5, 5.125], "rotation": 90, "texture": "#1"},
				"down": {"uv": [12.875, 4.125, 13.5, 5.125], "rotation": 90, "texture": "#1"}
			}
		},
		{
			"name": "chassis",
			"from": [12, -1.5, -0.25],
			"to": [15, 4.5, -0.25],
			"rotation": {"angle": 45, "axis": "x", "origin": [14, -1.5, -0.25]},
			"faces": {
				"north": {"uv": [14.5, 0, 15.25, 1.5], "texture": "#1"},
				"east": {"uv": [13.5, 11.625, 13.75, 12.625], "texture": "#1"},
				"south": {"uv": [15.25, 0, 14.5, 1.5], "texture": "#1"},
				"west": {"uv": [13.5, 11.625, 13.75, 12.625], "texture": "#1"},
				"up": {"uv": [13.5, 11.625, 13.75, 12.625], "rotation": 90, "texture": "#1"},
				"down": {"uv": [13.5, 11.625, 13.75, 12.625], "rotation": 90, "texture": "#1"}
			}
		},
		{
			"name": "chassis",
			"from": [12, -1.5, 16.25],
			"to": [15, 4.5, 16.25],
			"rotation": {"angle": -45, "axis": "x", "origin": [14, -1.5, 16.25]},
			"faces": {
				"north": {"uv": [14.5, 0, 15.25, 1.5], "texture": "#1"},
				"east": {"uv": [13.5, 11.625, 13.75, 12.625], "texture": "#1"},
				"south": {"uv": [15.25, 0, 14.5, 1.5], "texture": "#1"},
				"west": {"uv": [13.5, 11.625, 13.75, 12.625], "texture": "#1"},
				"up": {"uv": [13.5, 11.625, 13.75, 12.625], "rotation": 90, "texture": "#1"},
				"down": {"uv": [13.5, 11.625, 13.75, 12.625], "rotation": 90, "texture": "#1"}
			}
		},
		{
			"name": "chassis",
			"from": [22, 0.25, 8],
			"to": [26, 3.25, 8],
			"rotation": {"angle": 0, "axis": "x", "origin": [24, -2.75, 8]},
			"faces": {
				"north": {"uv": [3.25, 5.125, 4.25, 5.875], "texture": "#1"},
				"east": {"uv": [13.5, 11.625, 13.75, 12.625], "texture": "#1"},
				"south": {"uv": [4.25, 5.125, 3.25, 5.875], "texture": "#1"},
				"west": {"uv": [13.5, 11.625, 13.75, 12.625], "texture": "#1"},
				"up": {"uv": [13.5, 11.625, 13.75, 12.625], "rotation": 90, "texture": "#1"},
				"down": {"uv": [13.5, 11.625, 13.75, 12.625], "rotation": 90, "texture": "#1"}
			}
		}
	],
	"display": {
		"thirdperson_righthand": {
			"rotation": [75, 45, 0],
			"translation": [0, 2.5, 0],
			"scale": [0.375, 0.375, 0.375]
		},
		"thirdperson_lefthand": {
			"rotation": [75, 45, 0],
			"translation": [0, 2.5, 0],
			"scale": [0.375, 0.375, 0.375]
		},
		"firstperson_righthand": {
			"rotation": [0, 45, 0],
			"scale": [0.4, 0.4, 0.4]
		},
		"firstperson_lefthand": {
			"rotation": [0, 45, 0],
			"scale": [0.4, 0.4, 0.4]
		},
		"ground": {
			"translation": [0, 3, 0],
			"scale": [0.25, 0.25, 0.25]
		},
		"gui": {
			"rotation": [30, 225, 0],
			"translation": [1, 0.5, 0],
			"scale": [0.33, 0.33, 0.33]
		},
		"head": {
			"rotation": [0, 90, 50],
			"translation": [0, -25.5, 33.5],
			"scale": [4, 4, 4]
		},
		"fixed": {
			"rotation": [-89, 90, 0],
			"translation": [0, 23.25, -43.5],
			"scale": [4, 4, 4]
		}
	}
}