{
	"credit": "Made with Blockbench",
	"texture_size": [32, 32],
	"textures": {
		"0": "item/carved_pumpkin/dragonborn",
		"particle": "item/carved_pumpkin/dragonborn"
	},
	"elements": [
		{
			"from": [4, 7, 4],
			"to": [4, 15, 12],
			"rotation": {"angle": 0, "axis": "y", "origin": [12, 15, 12]},
			"faces": {
				"north": {"uv": [2, 4, 4, 8], "texture": "#0"},
				"east": {"uv": [12, 4, 8, 8], "texture": "#0"},
				"south": {"uv": [6, 4, 8, 8], "texture": "#0"},
				"west": {"uv": [8, 4, 12, 8], "texture": "#0"},
				"up": {"uv": [2, 0, 4, 4], "rotation": 180, "texture": "#0"},
				"down": {"uv": [4, 0, 6, 4], "texture": "#0"}
			}
		},
		{
			"from": [0, 11, 7],
			"to": [4, 14, 10],
			"rotation": {"angle": -22.5, "axis": "y", "origin": [4, 12.5, 10]},
			"faces": {
				"north": {"uv": [8, 0, 10, 1.5], "texture": "#0"},
				"east": {"uv": [11.5, 1.5, 10, 3], "texture": "#0"},
				"south": {"uv": [10, 0, 12, 1.5], "rotation": 180, "texture": "#0"},
				"west": {"uv": [10, 1.5, 11.5, 3], "texture": "#0"},
				"up": {"uv": [10, 0, 8, 1.5], "texture": "#0"},
				"down": {"uv": [8, 1.5, 10, 3], "rotation": 180, "texture": "#0"}
			}
		},
		{
			"from": [0.5, 10.5, 5],
			"to": [2.5, 12.5, 8],
			"rotation": {"angle": 22.5, "axis": "y", "origin": [0.5, 12, 8]},
			"faces": {
				"north": {"uv": [13.5, 0, 14.5, 1], "texture": "#0"},
				"east": {"uv": [12, 2, 13.5, 3], "texture": "#0"},
				"south": {"uv": [14.5, 0, 13.5, 1], "texture": "#0"},
				"west": {"uv": [12, 0, 13.5, 1], "texture": "#0"},
				"up": {"uv": [12, 1, 13.5, 2], "rotation": 270, "texture": "#0"},
				"down": {"uv": [12, 2, 13.5, 3], "rotation": 270, "texture": "#0"}
			}
		},
		{
			"from": [13.5, 10.5, 5],
			"to": [15.5, 12.5, 8],
			"rotation": {"angle": -22.5, "axis": "y", "origin": [15.5, 12, 8]},
			"faces": {
				"north": {"uv": [13.5, 0, 14.5, 1], "texture": "#0"},
				"east": {"uv": [13.5, 0, 12, 1], "texture": "#0"},
				"south": {"uv": [14.5, 0, 13.5, 1], "texture": "#0"},
				"west": {"uv": [12, 2, 13.5, 3], "texture": "#0"},
				"up": {"uv": [12, 1, 13.5, 2], "rotation": 270, "texture": "#0"},
				"down": {"uv": [12, 2, 13.5, 3], "rotation": 270, "texture": "#0"}
			}
		},
		{
			"from": [12, 11, 7],
			"to": [16, 14, 10],
			"rotation": {"angle": 22.5, "axis": "y", "origin": [12, 12.5, 10]},
			"faces": {
				"north": {"uv": [10, 0, 8, 1.5], "texture": "#0"},
				"east": {"uv": [11.5, 1.5, 10, 3], "texture": "#0"},
				"south": {"uv": [12, 0, 10, 1.5], "rotation": 180, "texture": "#0"},
				"west": {"uv": [10, 1.5, 11.5, 3], "texture": "#0"},
				"up": {"uv": [8, 0, 10, 1.5], "texture": "#0"},
				"down": {"uv": [10, 1.5, 8, 3], "rotation": 180, "texture": "#0"}
			}
		},
		{
			"from": [12, 7, 4],
			"to": [12, 15, 12],
			"rotation": {"angle": 0, "axis": "y", "origin": [20, 15, 12]},
			"faces": {
				"north": {"uv": [2, 4, 4, 8], "texture": "#0"},
				"east": {"uv": [0, 4, 4, 8], "texture": "#0"},
				"south": {"uv": [6, 4, 8, 8], "texture": "#0"},
				"west": {"uv": [4, 4, 0, 8], "texture": "#0"},
				"up": {"uv": [2, 0, 4, 4], "rotation": 180, "texture": "#0"},
				"down": {"uv": [4, 0, 6, 4], "texture": "#0"}
			}
		},
		{
			"from": [4, 7, 4],
			"to": [12, 15, 4],
			"rotation": {"angle": 0, "axis": "y", "origin": [12, 15, 12]},
			"faces": {
				"north": {"uv": [4, 4, 8, 8], "texture": "#0"},
				"east": {"uv": [0, 4, 2, 8], "texture": "#0"},
				"south": {"uv": [8, 4, 4, 8], "texture": "#0"},
				"west": {"uv": [4, 4, 6, 8], "texture": "#0"},
				"up": {"uv": [2, 0, 4, 4], "rotation": 180, "texture": "#0"},
				"down": {"uv": [4, 0, 6, 4], "texture": "#0"}
			}
		},
		{
			"from": [4, 7, 12],
			"to": [12, 15, 12],
			"rotation": {"angle": 0, "axis": "y", "origin": [12, 15, 20]},
			"faces": {
				"north": {"uv": [16, 4, 12, 8], "texture": "#0"},
				"east": {"uv": [0, 4, 2, 8], "texture": "#0"},
				"south": {"uv": [12, 4, 16, 8], "texture": "#0"},
				"west": {"uv": [4, 4, 6, 8], "texture": "#0"},
				"up": {"uv": [2, 0, 4, 4], "rotation": 180, "texture": "#0"},
				"down": {"uv": [4, 0, 6, 4], "texture": "#0"}
			}
		},
		{
			"from": [4, 15, 4],
			"to": [12, 15, 12],
			"rotation": {"angle": 0, "axis": "y", "origin": [12, 23, 12]},
			"faces": {
				"north": {"uv": [2, 4, 4, 8], "texture": "#0"},
				"east": {"uv": [0, 4, 2, 8], "texture": "#0"},
				"south": {"uv": [6, 4, 8, 8], "texture": "#0"},
				"west": {"uv": [4, 4, 6, 8], "texture": "#0"},
				"up": {"uv": [4, 0, 8, 4], "rotation": 180, "texture": "#0"},
				"down": {"uv": [8, 0, 4, 4], "texture": "#0"}
			}
		},
		{
			"from": [3.75, 6.75, 3.75],
			"to": [12.25, 15.25, 12.25],
			"rotation": {"angle": 0, "axis": "x", "origin": [3.75, 11.75, 11.75]},
			"faces": {
				"north": {"uv": [4, 8, 8, 12], "texture": "#0"},
				"east": {"uv": [0, 8, 4, 12], "texture": "#0"},
				"south": {"uv": [16, 8, 12, 12], "texture": "#0"},
				"west": {"uv": [8, 8, 12, 12], "texture": "#0"},
				"up": {"uv": [4, 12, 8, 16], "rotation": 180, "texture": "#0"}
			}
		},
		{
			"from": [12.25, 6.75, 3.75],
			"to": [3.75, 15.25, 12.25],
			"rotation": {"angle": 0, "axis": "x", "origin": [12.25, 11.75, 11.75]},
			"faces": {
				"north": {"uv": [8, 8, 4, 12], "texture": "#0"},
				"east": {"uv": [0, 8, 4, 12], "texture": "#0"},
				"south": {"uv": [12, 8, 16, 12], "texture": "#0"},
				"west": {"uv": [8, 8, 12, 12], "texture": "#0"},
				"up": {"uv": [8, 12, 4, 16], "rotation": 180, "texture": "#0"}
			}
		}
	],
	"display": {
		"thirdperson_righthand": {
			"rotation": [-42, -180, 0],
			"translation": [0, -3.5, -2.5]
		},
		"thirdperson_lefthand": {
			"rotation": [-42, -180, 0],
			"translation": [0, -3.5, -2.5]
		},
		"firstperson_righthand": {
			"rotation": [-34, 162, 0],
			"translation": [0, -3, 0]
		},
		"firstperson_lefthand": {
			"rotation": [-34, 162, 0],
			"translation": [0, -3, 0]
		},
		"ground": {
			"translation": [0, -2, 0]
		},
		"gui": {
			"rotation": [30, 132, 0],
			"translation": [0.75, -2.75, 0]
		},
		"head": {
			"translation": [0, -5.5, 0],
			"scale": [1.9, 1.9, 1.9]
		},
		"fixed": {
			"rotation": [-90, 0, 0],
			"scale": [1.58, 1.58, 1.58]
		}
	},
	"groups": [0, 1, 2, 3, 4, 5, 6, 7, 8,
		{
			"name": "group",
			"origin": [7.5, 12, 6.5],
			"color": 0,
			"children": [9, 10]
		}
	]
}