{
	"credit": "Made with Blockbench",
	"texture_size": [32, 32],
	"textures": {
		"0": "item/carved_pumpkin/drone_helmet",
		"particle": "item/carved_pumpkin/drone_helmet"
	},
	"elements": [
		{
			"from": [3, 6, 1],
			"to": [13, 11, 7],
			"faces": {
				"north": {"uv": [11, 0, 16, 2.5], "texture": "#0"},
				"east": {"uv": [5, 0, 8, 2.5], "texture": "#0"},
				"south": {"uv": [6, 2.5, 11, 5], "texture": "#0"},
				"west": {"uv": [8, 0, 11, 2.5], "texture": "#0"},
				"up": {"uv": [11, 2.5, 16, 5.5], "texture": "#0"},
				"down": {"uv": [11, 5.5, 16, 8.5], "texture": "#0"}
			}
		},
		{
			"from": [1, 4, 3],
			"to": [4, 13, 3.025],
			"rotation": {"angle": -22.5, "axis": "y", "origin": [4, 10, 3]},
			"faces": {
				"north": {"uv": [5.5, 5, 7, 9.5], "texture": "#0"},
				"east": {"uv": [0, 0, 0, 0], "texture": "#0"},
				"south": {"uv": [7, 5, 5.5, 9.5], "texture": "#0"},
				"west": {"uv": [0, 0, 0, 0], "texture": "#0"},
				"up": {"uv": [0, 0, 0, 0], "texture": "#0"},
				"down": {"uv": [0, 0, 0, 0], "texture": "#0"}
			}
		},
		{
			"from": [12, 4, 3],
			"to": [15, 13, 3.025],
			"rotation": {"angle": 22.5, "axis": "y", "origin": [12, 10, 3]},
			"faces": {
				"north": {"uv": [7, 5, 5.5, 9.5], "texture": "#0"},
				"east": {"uv": [0, 0, 0, 0], "texture": "#0"},
				"south": {"uv": [5.5, 5, 7, 9.5], "texture": "#0"},
				"west": {"uv": [0, 0, 0, 0], "texture": "#0"},
				"up": {"uv": [0, 0, 0, 0], "texture": "#0"},
				"down": {"uv": [0, 0, 0, 0], "texture": "#0"}
			}
		},
		{
			"from": [3.25, 3.25, 3.25],
			"to": [12.75, 12.75, 12.75],
			"faces": {
				"north": {"uv": [2, 10, 6, 14], "texture": "#0"},
				"east": {"uv": [16, 8.5, 12, 12.5], "texture": "#0"},
				"south": {"uv": [8, 9, 12, 13], "texture": "#0"},
				"west": {"uv": [12, 8.5, 16, 12.5], "texture": "#0"},
				"up": {"uv": [7, 5, 11, 9], "texture": "#0"},
				"down": {"uv": [0, 0, 0.5, 0.5], "texture": "#0"}
			}
		},
		{
			"from": [12.74, 3.25, 3.26],
			"to": [3.26, 12.73, 12.74],
			"rotation": {"angle": 0, "axis": "y", "origin": [57.25, 0, 0]},
			"faces": {
				"north": {"uv": [6, 10, 2, 14], "texture": "#0"},
				"east": {"uv": [16, 8.5, 12, 12.5], "texture": "#0"},
				"south": {"uv": [12, 9, 8, 13], "texture": "#0"},
				"west": {"uv": [12, 8.5, 16, 12.5], "texture": "#0"},
				"up": {"uv": [11, 5, 7, 9], "texture": "#0"},
				"down": {"uv": [0, 0, 0.5, 0.5], "texture": "#0"}
			}
		},
		{
			"from": [2.75, 5.75, 0.75],
			"to": [13.25, 11.25, 7.25],
			"faces": {
				"north": {"uv": [0.5, 7.5, 5.5, 10], "texture": "#0"},
				"east": {"uv": [5.5, 5, 2.5, 7.5], "texture": "#0"},
				"south": {"uv": [1, 2.5, 6, 5], "texture": "#0"},
				"west": {"uv": [2.5, 5, 5.5, 7.5], "texture": "#0"},
				"up": {"uv": [11, 13, 16, 16], "texture": "#0"},
				"down": {"uv": [6, 13, 11, 16], "texture": "#0"}
			}
		},
		{
			"from": [6, 5, 2],
			"to": [10, 6, 4],
			"faces": {
				"north": {"uv": [5.5, 9.5, 7.5, 10], "texture": "#0"},
				"east": {"uv": [7, 9, 8, 9.5], "texture": "#0"},
				"south": {"uv": [6, 10, 8, 10.5], "texture": "#0"},
				"west": {"uv": [8, 9, 7, 9.5], "texture": "#0"},
				"up": {"uv": [0, 0, 0, 0], "texture": "#0"},
				"down": {"uv": [6, 10.5, 8, 11.5], "texture": "#0"}
			}
		}
	],
	"display": {
		"thirdperson_righthand": {
			"rotation": [-13, 24, -40],
			"translation": [-0.75, -2.75, -2.25],
			"scale": [0.8, 0.8, 0.8]
		},
		"thirdperson_lefthand": {
			"rotation": [-13, 24, -40],
			"translation": [-0.75, -2.75, -2.25],
			"scale": [0.8, 0.8, 0.8]
		},
		"firstperson_righthand": {
			"rotation": [0, 129, 0],
			"translation": [0, 1.5, 0],
			"scale": [0.7, 0.7, 0.7]
		},
		"firstperson_lefthand": {
			"rotation": [0, 129, 0],
			"translation": [0, 1.5, 0],
			"scale": [0.7, 0.7, 0.7]
		},
		"ground": {
			"rotation": [32, 0, 0],
			"translation": [0, -0.25, 0],
			"scale": [0.7, 0.7, 0.7]
		},
		"gui": {
			"rotation": [20, 145, 13],
			"translation": [0.5, 0.25, 0],
			"scale": [0.75, 0.75, 0.75]
		},
		"head": {
			"scale": [1.6, 1.6, 1.6]
		},
		"fixed": {
			"rotation": [-81, 9, 0],
			"translation": [0, 0, -4.75],
			"scale": [1.8, 1.8, 1.8]
		}
	},
	"groups": [
		{
			"name": "drone_helmet",
			"origin": [0, 0, 0],
			"color": 0,
			"children": [0, 1, 2, 3, 4, 5, 6]
		}
	]
}