{
	"credit": "Made with Blockbench",
	"texture_size": [64, 32],
	"textures": {
		"0": "item/carved_pumpkin/duelant",
		"particle": "item/carved_pumpkin/duelant"
	},
	"elements": [
		{
			"from": [4, 7, 4],
			"to": [12, 15, 12],
			"rotation": {"angle": 0, "axis": "y", "origin": [12, 15, 12]},
			"faces": {
				"north": {"uv": [2, 4, 4, 8], "texture": "#0"},
				"east": {"uv": [0, 4, 2, 8], "texture": "#0"},
				"south": {"uv": [6, 4, 8, 8], "texture": "#0"},
				"west": {"uv": [4, 4, 6, 8], "texture": "#0"},
				"up": {"uv": [2, 0, 4, 4], "rotation": 180, "texture": "#0"},
				"down": {"uv": [4, 0, 6, 4], "texture": "#0"}
			}
		},
		{
			"from": [3.75, 7, 3.75],
			"to": [12.25, 11, 12.25],
			"rotation": {"angle": 0, "axis": "y", "origin": [12, 15, 12]},
			"faces": {
				"north": {"uv": [0, 8, 2, 10], "texture": "#0"},
				"east": {"uv": [2, 8, 4, 10], "texture": "#0"},
				"south": {"uv": [0, 8, 2, 10], "texture": "#0"},
				"west": {"uv": [2, 8, 4, 10], "texture": "#0"}
			}
		},
		{
			"from": [12.25, 6.75, 3.75],
			"to": [3.75, 15.25, 12.25],
			"rotation": {"angle": 0, "axis": "y", "origin": [12, 15, 12]},
			"faces": {
				"north": {"uv": [11, 0, 13, 4], "texture": "#0"},
				"east": {"uv": [0, 0, 0.25, 0.5], "texture": "#0"},
				"south": {"uv": [11, 0, 13, 4], "texture": "#0"},
				"west": {"uv": [0, 0, 0.25, 0.5], "texture": "#0"},
				"up": {"uv": [0, 0, 0.25, 0.5], "rotation": 180, "texture": "#0"},
				"down": {"uv": [0, 0, 0.25, 0.5], "texture": "#0"}
			}
		},
		{
			"from": [9, 9, 4],
			"to": [7, 11, 12],
			"rotation": {"angle": 0, "axis": "y", "origin": [12, 15, 12]},
			"faces": {
				"east": {"uv": [0, 3, 2, 4], "texture": "#0"},
				"west": {"uv": [0, 3, 2, 4], "texture": "#0"},
				"up": {"uv": [0, 2, 2, 1], "rotation": 90, "texture": "#0"},
				"down": {"uv": [0, 2, 2, 3], "rotation": 90, "texture": "#0"}
			}
		},
		{
			"from": [2, 6, 2],
			"to": [14, 7, 14],
			"rotation": {"angle": 0, "axis": "y", "origin": [10, 15, 10]},
			"faces": {
				"north": {"uv": [8, 5.5, 11, 6], "texture": "#0"},
				"east": {"uv": [8, 0, 8.25, 6], "rotation": 270, "texture": "#0"},
				"south": {"uv": [8, 0, 11, 0.5], "rotation": 180, "texture": "#0"},
				"west": {"uv": [10.75, 0, 11, 6], "rotation": 90, "texture": "#0"},
				"up": {"uv": [8, 0, 11, 6], "rotation": 180, "texture": "#0"},
				"down": {"uv": [8, 0, 11, 6], "texture": "#0"}
			}
		},
		{
			"from": [14.25, 5.75, 1.75],
			"to": [1.75, 7.25, 14.25],
			"rotation": {"angle": 0, "axis": "y", "origin": [10, 15, 10]},
			"faces": {
				"north": {"uv": [0, 0, 0.25, 0.5], "texture": "#0"},
				"east": {"uv": [0, 0, 0.25, 0.5], "rotation": 270, "texture": "#0"},
				"south": {"uv": [0, 0, 0.25, 0.5], "rotation": 180, "texture": "#0"},
				"west": {"uv": [0, 0, 0.25, 0.5], "rotation": 90, "texture": "#0"},
				"up": {"uv": [0, 0, 0.25, 0.5], "rotation": 180, "texture": "#0"},
				"down": {"uv": [0, 0, 0.25, 0.5], "texture": "#0"}
			}
		}
	],
	"display": {
		"thirdperson_righthand": {
			"rotation": [-13, -180, 0],
			"translation": [0, 0.5, -0.75]
		},
		"thirdperson_lefthand": {
			"rotation": [-13, -180, 0],
			"translation": [0, 0.5, -0.75]
		},
		"ground": {
			"translation": [0, -1, 0]
		},
		"gui": {
			"rotation": [30, 132, 0],
			"translation": [0, -1.75, 0],
			"scale": [0.85, 0.85, 0.85]
		},
		"head": {
			"translation": [0, 5.5, 0],
			"scale": [1.9, 1.9, 1.9]
		},
		"fixed": {
			"rotation": [-90, 0, 0],
			"translation": [0, 0, -3.25],
			"scale": [1.58, 1.58, 1.58]
		}
	}
}