{
	"credit": "Made with Blockbench",
	"texture_size": [32, 32],
	"textures": {
		"0": "item/carved_pumpkin/ecto_goggles",
		"particle": "item/carved_pumpkin/ecto_goggles"
	},
	"elements": [
		{
			"from": [4, 7, 4],
			"to": [4, 15, 12],
			"rotation": {"angle": 0, "axis": "y", "origin": [12, 15, 12]},
			"faces": {
				"north": {"uv": [2, 4, 4, 8], "texture": "#0"},
				"east": {"uv": [12, 0, 8, 4], "texture": "#0"},
				"south": {"uv": [6, 4, 8, 8], "texture": "#0"},
				"west": {"uv": [8, 0, 12, 4], "texture": "#0"},
				"up": {"uv": [2, 0, 4, 4], "rotation": 180, "texture": "#0"},
				"down": {"uv": [4, 0, 6, 4], "texture": "#0"}
			}
		},
		{
			"from": [12, 7, 4],
			"to": [12, 15, 12],
			"rotation": {"angle": 0, "axis": "y", "origin": [20, 15, 12]},
			"faces": {
				"north": {"uv": [2, 4, 4, 8], "texture": "#0"},
				"east": {"uv": [12, 0, 8, 4], "texture": "#0"},
				"south": {"uv": [6, 4, 8, 8], "texture": "#0"},
				"west": {"uv": [8, 0, 12, 4], "texture": "#0"},
				"up": {"uv": [2, 0, 4, 4], "rotation": 180, "texture": "#0"},
				"down": {"uv": [4, 0, 6, 4], "texture": "#0"}
			}
		},
		{
			"from": [4, 11, 4],
			"to": [12, 15, 4],
			"rotation": {"angle": 0, "axis": "y", "origin": [12, 15, 12]},
			"faces": {
				"north": {"uv": [0, 3.5, 4, 5.5], "texture": "#0"},
				"east": {"uv": [0, 4, 2, 8], "texture": "#0"},
				"south": {"uv": [8, 0, 4, 2], "texture": "#0"},
				"west": {"uv": [4, 4, 6, 8], "texture": "#0"},
				"up": {"uv": [2, 0, 4, 4], "rotation": 180, "texture": "#0"},
				"down": {"uv": [4, 0, 6, 4], "texture": "#0"}
			}
		},
		{
			"from": [4, 14, 4],
			"to": [12, 14, 5],
			"rotation": {"angle": 0, "axis": "y", "origin": [12, 15, 12]},
			"faces": {
				"north": {"uv": [0, 3.5, 4, 5.5], "texture": "#0"},
				"east": {"uv": [0, 4, 2, 8], "texture": "#0"},
				"south": {"uv": [8, 0, 4, 2], "texture": "#0"},
				"west": {"uv": [4, 4, 6, 8], "texture": "#0"},
				"up": {"uv": [0, 7.5, 4, 8], "rotation": 180, "texture": "#0"},
				"down": {"uv": [0, 6, 4, 6.5], "texture": "#0"}
			}
		},
		{
			"from": [4, 11, 3],
			"to": [12, 14, 4],
			"rotation": {"angle": 0, "axis": "y", "origin": [12, 15, 12]},
			"faces": {
				"north": {"uv": [0, 4, 4, 5.5], "texture": "#0"},
				"east": {"uv": [4.5, 4, 4, 5.5], "texture": "#0"},
				"west": {"uv": [4, 4, 4.5, 5.5], "texture": "#0"},
				"up": {"uv": [0, 8, 4, 8.5], "rotation": 180, "texture": "#0"},
				"down": {"uv": [0, 6.5, 4, 7], "texture": "#0"}
			}
		},
		{
			"from": [5, 11, 2],
			"to": [7, 13, 3],
			"rotation": {"angle": 0, "axis": "y", "origin": [12, 15, 12]},
			"faces": {
				"north": {"uv": [2, 8.5, 3, 9.5], "texture": "#0"},
				"east": {"uv": [0.5, 8.5, 0, 9.5], "texture": "#0"},
				"west": {"uv": [1, 8.5, 1.5, 9.5], "texture": "#0"},
				"up": {"uv": [0, 10, 1, 10.5], "rotation": 180, "texture": "#0"},
				"down": {"uv": [1, 10, 2, 10.5], "texture": "#0"}
			}
		},
		{
			"from": [9, 11, 1],
			"to": [11, 13, 3],
			"rotation": {"angle": 0, "axis": "y", "origin": [12, 15, 12]},
			"faces": {
				"north": {"uv": [2, 8.5, 3, 9.5], "texture": "#0"},
				"east": {"uv": [4, 9.5, 3, 10.5], "texture": "#0"},
				"west": {"uv": [3, 8.5, 4, 9.5], "texture": "#0"},
				"up": {"uv": [4.5, 9, 5.5, 10], "rotation": 180, "texture": "#0"},
				"down": {"uv": [5.5, 9, 6.5, 10], "texture": "#0"}
			}
		},
		{
			"from": [4, 7, 12],
			"to": [12, 15, 12],
			"rotation": {"angle": 0, "axis": "y", "origin": [12, 15, 12]},
			"faces": {
				"north": {"uv": [12, 0, 16, 4], "texture": "#0"},
				"east": {"uv": [0, 4, 2, 8], "texture": "#0"},
				"south": {"uv": [16, 0, 12, 4], "texture": "#0"},
				"west": {"uv": [4, 4, 6, 8], "texture": "#0"},
				"up": {"uv": [2, 0, 4, 4], "rotation": 180, "texture": "#0"},
				"down": {"uv": [4, 0, 6, 4], "texture": "#0"}
			}
		}
	],
	"display": {
		"thirdperson_righthand": {
			"rotation": [-18, 0, 0],
			"translation": [-0.5, -5.5, -1.25]
		},
		"thirdperson_lefthand": {
			"rotation": [-18, 0, 0],
			"translation": [-0.5, -5.5, -1.25]
		},
		"firstperson_righthand": {
			"rotation": [-56, 4, 0],
			"translation": [0, -3, 3.25]
		},
		"firstperson_lefthand": {
			"rotation": [-56, 4, 0],
			"translation": [0, -3, 3.25]
		},
		"ground": {
			"translation": [0, -4, 1.75]
		},
		"gui": {
			"rotation": [30, 132, 0],
			"translation": [0.75, -3, 0]
		},
		"head": {
			"translation": [0, -3.75, 0],
			"scale": [1.75, 1.75, 1.75]
		},
		"fixed": {
			"rotation": [-90, 0, 0],
			"translation": [0, 0, 3.25],
			"scale": [1.58, 1.58, 1.58]
		}
	}
}