{
	"credit": "Made with Blockbench",
	"texture_size": [32, 32],
	"textures": {
		"0": "item/carved_pumpkin/enot",
		"particle": "item/carved_pumpkin/enot"
	},
	"elements": [
		{
			"from": [4, 7, 4],
			"to": [12, 11, 12],
			"rotation": {"angle": 0, "axis": "y", "origin": [12, 15, 12]},
			"faces": {
				"north": {"uv": [0, 0, 4, 2], "texture": "#0"},
				"east": {"uv": [8, 0, 4, 2], "texture": "#0"},
				"south": {"uv": [0, 0, 4, 2], "texture": "#0"},
				"west": {"uv": [4, 0, 8, 2], "texture": "#0"},
				"up": {"uv": [4, 2, 8, 6], "rotation": 180, "texture": "#0"},
				"down": {"uv": [0, 2, 4, 6], "texture": "#0"}
			}
		},
		{
			"from": [3, 1, 9],
			"to": [7, 9, 13],
			"rotation": {"angle": -22.5, "axis": "x", "origin": [5, 9, 9]},
			"faces": {
				"north": {"uv": [0, 6, 2, 10], "texture": "#0"},
				"east": {"uv": [2, 6, 0, 10], "texture": "#0"},
				"south": {"uv": [0, 6, 2, 10], "texture": "#0"},
				"west": {"uv": [0, 6, 2, 10], "texture": "#0"},
				"up": {"uv": [0, 10, 2, 12], "rotation": 180, "texture": "#0"},
				"down": {"uv": [0, 10, 2, 12], "texture": "#0"}
			}
		}
	],
	"display": {
		"thirdperson_righthand": {
			"rotation": [6, -180, 0],
			"translation": [0, 0, -1.25]
		},
		"thirdperson_lefthand": {
			"rotation": [6, -180, 0],
			"translation": [0, 0, -1.25]
		},
		"ground": {
			"rotation": [-35, 0, 0],
			"translation": [0, 0, -2.25]
		},
		"gui": {
			"rotation": [30, 132, 0],
			"translation": [-1.75, -0.5, 0]
		},
		"head": {
			"translation": [0, 3.5, 0],
			"scale": [1.9, 1.9, 1.9]
		},
		"fixed": {
			"rotation": [-90, 0, 0],
			"translation": [0, 0, -3.25],
			"scale": [1.58, 1.58, 1.58]
		}
	}
}