{
	"credit": "Made with Blockbench",
	"texture_size": [32, 32],
	"textures": {
		"0": "item/carved_pumpkin/exam_monocle",
		"particle": "item/carved_pumpkin/exam_monocle"
	},
	"elements": [
		{
			"from": [4, 7, 4],
			"to": [4, 15, 12],
			"rotation": {"angle": 0, "axis": "y", "origin": [12, 15, 12]},
			"faces": {
				"north": {"uv": [2, 4, 4, 8], "texture": "#0"},
				"east": {"uv": [12, 0, 8, 4], "texture": "#0"},
				"south": {"uv": [6, 4, 8, 8], "texture": "#0"},
				"west": {"uv": [8, 0, 12, 4], "texture": "#0"},
				"up": {"uv": [2, 0, 4, 4], "rotation": 180, "texture": "#0"},
				"down": {"uv": [4, 0, 6, 4], "texture": "#0"}
			}
		},
		{
			"from": [12, 7, 4],
			"to": [12, 15, 12],
			"rotation": {"angle": 0, "axis": "y", "origin": [20, 15, 12]},
			"faces": {
				"north": {"uv": [2, 4, 4, 8], "texture": "#0"},
				"east": {"uv": [0, 0, 4, 4], "texture": "#0"},
				"south": {"uv": [6, 4, 8, 8], "texture": "#0"},
				"west": {"uv": [4, 0, 0, 4], "texture": "#0"},
				"up": {"uv": [2, 0, 4, 4], "rotation": 180, "texture": "#0"},
				"down": {"uv": [4, 0, 6, 4], "texture": "#0"}
			}
		},
		{
			"from": [4, 7, 4],
			"to": [12, 15, 4],
			"rotation": {"angle": 0, "axis": "y", "origin": [12, 15, 12]},
			"faces": {
				"north": {"uv": [4, 0, 8, 4], "texture": "#0"},
				"east": {"uv": [0, 4, 2, 8], "texture": "#0"},
				"south": {"uv": [8, 0, 4, 4], "texture": "#0"},
				"west": {"uv": [4, 4, 6, 8], "texture": "#0"},
				"up": {"uv": [2, 0, 4, 4], "rotation": 180, "texture": "#0"},
				"down": {"uv": [4, 0, 6, 4], "texture": "#0"}
			}
		},
		{
			"from": [9, 8, 3],
			"to": [15, 14, 3],
			"rotation": {"angle": 0, "axis": "y", "origin": [12, 15, 12]},
			"faces": {
				"north": {"uv": [6, 4, 9, 7], "texture": "#0"},
				"east": {"uv": [0, 4, 2, 8], "texture": "#0"},
				"west": {"uv": [4, 4, 6, 8], "texture": "#0"},
				"up": {"uv": [2, 0, 4, 4], "rotation": 180, "texture": "#0"},
				"down": {"uv": [4, 0, 6, 4], "texture": "#0"}
			}
		},
		{
			"from": [9, 8, 2],
			"to": [15, 14, 5],
			"rotation": {"angle": 0, "axis": "y", "origin": [12, 15, 12]},
			"faces": {
				"north": {"uv": [3, 4, 0, 7], "texture": "#0"},
				"east": {"uv": [3, 4, 4.5, 7], "texture": "#0"},
				"south": {"uv": [9, 4, 12, 7], "texture": "#0"},
				"west": {"uv": [4.5, 4, 6, 7], "texture": "#0"},
				"up": {"uv": [0, 7, 3, 8.5], "rotation": 180, "texture": "#0"},
				"down": {"uv": [0, 8.5, 3, 10], "rotation": 180, "texture": "#0"}
			}
		},
		{
			"from": [15, 8, 2],
			"to": [9, 14, 5],
			"rotation": {"angle": 0, "axis": "y", "origin": [12, 15, 12]},
			"faces": {
				"north": {"uv": [3, 4, 0, 7], "texture": "#0"},
				"east": {"uv": [6, 4, 4.5, 7], "texture": "#0"},
				"south": {"uv": [12, 4, 9, 7], "texture": "#0"},
				"west": {"uv": [4.5, 4, 3, 7], "texture": "#0"},
				"up": {"uv": [3, 7, 0, 8.5], "rotation": 180, "texture": "#0"},
				"down": {"uv": [3, 8.5, 0, 10], "rotation": 180, "texture": "#0"}
			}
		},
		{
			"from": [12, 9, 5],
			"to": [14, 13, 10],
			"rotation": {"angle": 0, "axis": "y", "origin": [12, 15, 12]},
			"faces": {
				"east": {"uv": [1, 1, 3.5, 3], "texture": "#0"},
				"south": {"uv": [13, 4, 12, 6], "texture": "#0"},
				"up": {"uv": [13, 4, 14, 6.5], "rotation": 180, "texture": "#0"},
				"down": {"uv": [14, 4, 15, 6.5], "texture": "#0"}
			}
		},
		{
			"from": [4, 7, 12],
			"to": [12, 15, 12],
			"rotation": {"angle": 0, "axis": "y", "origin": [12, 15, 12]},
			"faces": {
				"north": {"uv": [16, 0, 12, 4], "texture": "#0"},
				"east": {"uv": [0, 4, 2, 8], "texture": "#0"},
				"south": {"uv": [12, 0, 16, 4], "texture": "#0"},
				"west": {"uv": [4, 4, 6, 8], "texture": "#0"},
				"up": {"uv": [2, 0, 4, 4], "rotation": 180, "texture": "#0"},
				"down": {"uv": [4, 0, 6, 4], "texture": "#0"}
			}
		}
	],
	"display": {
		"thirdperson_righthand": {
			"rotation": [-12, 0, 0],
			"translation": [0, -5.25, -1.75]
		},
		"thirdperson_lefthand": {
			"rotation": [-12, 0, 0],
			"translation": [0, -5.25, -1.75]
		},
		"firstperson_righthand": {
			"rotation": [-51, 4, 0],
			"translation": [0, -1.25, 3.25]
		},
		"firstperson_lefthand": {
			"rotation": [-51, 4, 0],
			"translation": [0, -1.25, 3.25]
		},
		"ground": {
			"translation": [-1, -3, 0.5]
		},
		"gui": {
			"rotation": [30, 132, 0],
			"translation": [1.75, -3, 0]
		},
		"head": {
			"translation": [0, -5.25, 0],
			"scale": [1.75, 1.75, 1.75]
		},
		"fixed": {
			"rotation": [-90, 0, 0],
			"translation": [-1.5, 1.75, 1.5],
			"scale": [1.58, 1.58, 1.58]
		}
	}
}