{
	"credit": "Made with Blockbench",
	"textures": {
		"0": "item/carved_pumpkin/faradey",
		"particle": "item/carved_pumpkin/faradey"
	},
	"elements": [
		{
			"from": [3, 8, 5],
			"to": [7, 13, 6],
			"rotation": {"angle": 22.5, "axis": "z", "origin": [7, 8, 5.5]},
			"faces": {
				"north": {"uv": [5, 1, 1, 6], "texture": "#0"},
				"east": {"uv": [5, 1, 6, 6], "texture": "#0"},
				"south": {"uv": [6, 1, 10, 6], "texture": "#0"},
				"west": {"uv": [0, 1, 1, 6], "texture": "#0"},
				"up": {"uv": [1, 0, 5, 1], "texture": "#0"},
				"down": {"uv": [5, 0, 9, 1], "texture": "#0"}
			}
		},
		{
			"from": [9, 8, 5],
			"to": [13, 13, 6],
			"rotation": {"angle": -22.5, "axis": "z", "origin": [9, 8, 5.5]},
			"faces": {
				"north": {"uv": [1, 1, 5, 6], "texture": "#0"},
				"east": {"uv": [0, 1, 1, 6], "texture": "#0"},
				"south": {"uv": [10, 1, 6, 6], "texture": "#0"},
				"west": {"uv": [5, 1, 6, 6], "texture": "#0"},
				"up": {"uv": [1, 0, 5, 1], "texture": "#0"},
				"down": {"uv": [5, 0, 9, 1], "texture": "#0"}
			}
		},
		{
			"from": [6, 0, 2],
			"to": [10, 2, 4],
			"rotation": {"angle": 0, "axis": "y", "origin": [14, 8, 10]},
			"faces": {
				"north": {"uv": [2, 8, 6, 10], "texture": "#0"},
				"east": {"uv": [0, 8, 2, 10], "texture": "#0"},
				"south": {"uv": [8, 8, 12, 10], "texture": "#0"},
				"west": {"uv": [6, 8, 8, 10], "texture": "#0"},
				"up": {"uv": [2, 6, 6, 8], "rotation": 180, "texture": "#0"},
				"down": {"uv": [6, 6, 10, 8], "rotation": 180, "texture": "#0"}
			}
		},
		{
			"from": [4.5, 7.75, 5],
			"to": [11.5, 7.75, 6],
			"rotation": {"angle": 0, "axis": "y", "origin": [12.5, 15.75, 13]},
			"faces": {
				"north": {"uv": [3, 7, 7, 9], "texture": "#0"},
				"east": {"uv": [0, 7, 2, 9], "texture": "#0"},
				"south": {"uv": [10, 7, 14, 9], "texture": "#0"},
				"west": {"uv": [8, 7, 10, 9], "texture": "#0"},
				"up": {"uv": [0, 10, 7, 11], "rotation": 180, "texture": "#0"},
				"down": {"uv": [0, 10, 7, 11], "rotation": 180, "texture": "#0"}
			}
		},
		{
			"from": [4.5, 4.75, 5],
			"to": [4.5, 7.75, 6],
			"rotation": {"angle": 0, "axis": "y", "origin": [12.5, 12.75, 13]},
			"faces": {
				"north": {"uv": [3, 7, 7, 9], "texture": "#0"},
				"east": {"uv": [8, 10, 11, 11], "rotation": 90, "texture": "#0"},
				"south": {"uv": [10, 7, 14, 9], "texture": "#0"},
				"west": {"uv": [8, 10, 11, 11], "rotation": 90, "texture": "#0"},
				"up": {"uv": [3, 4, 7, 6], "rotation": 180, "texture": "#0"},
				"down": {"uv": [7, 4, 11, 6], "rotation": 180, "texture": "#0"}
			}
		},
		{
			"from": [11.5, 4.75, 5],
			"to": [11.5, 7.75, 6],
			"rotation": {"angle": 0, "axis": "y", "origin": [19.5, 12.75, 13]},
			"faces": {
				"north": {"uv": [3, 7, 7, 9], "texture": "#0"},
				"east": {"uv": [7, 10, 10, 11], "rotation": 90, "texture": "#0"},
				"south": {"uv": [10, 7, 14, 9], "texture": "#0"},
				"west": {"uv": [7, 10, 10, 11], "rotation": 90, "texture": "#0"},
				"up": {"uv": [3, 4, 7, 6], "rotation": 180, "texture": "#0"},
				"down": {"uv": [7, 4, 11, 6], "rotation": 180, "texture": "#0"}
			}
		}
	],
	"display": {
		"thirdperson_righthand": {
			"rotation": [65, 0, 0],
			"translation": [0, -3, 2]
		},
		"thirdperson_lefthand": {
			"rotation": [65, 0, 0],
			"translation": [0, -3, 2]
		},
		"firstperson_righthand": {
			"translation": [0, 5.25, 3.75]
		},
		"firstperson_lefthand": {
			"translation": [0, 5.25, 3.75]
		},
		"ground": {
			"rotation": [90, 0, 0],
			"translation": [0, -4.5, 3]
		},
		"gui": {
			"rotation": [30, 135, 2],
			"translation": [2.5, 2.75, 0]
		},
		"head": {
			"translation": [0, 6.4, 0],
			"scale": [1.6, 1.6, 1.6]
		},
		"fixed": {
			"translation": [0, 4.5, 3],
			"scale": [1.58, 1.58, 1.58]
		}
	}
}