{
	"credit": "Made with Blockbench",
	"texture_size": [64, 64],
	"textures": {
		"2": "./pablomininew",
		"particle": "./pablomini"
	},
	"elements": [
		{
			"from": [4.5, 0, 5],
			"to": [7, 2.5, 9],
			"rotation": {"angle": 22.5, "axis": "y", "origin": [5.75, 1.25, 7.5]},
			"faces": {
				"north": {"uv": [1.5, 10.25, 2.25, 11], "texture": "#2"},
				"east": {"uv": [1.5, 11, 2.25, 12.25], "rotation": 90, "texture": "#2"},
				"south": {"uv": [0.75, 10.25, 1.5, 11], "texture": "#2"},
				"west": {"uv": [0, 11, 0.75, 12.25], "rotation": 90, "texture": "#2"},
				"up": {"uv": [1.5, 12.25, 0.75, 11], "texture": "#2"},
				"down": {"uv": [3, 11, 2.25, 12.25], "texture": "#2"}
			}
		},
		{
			"from": [2.5, 1.75, 8.25],
			"to": [5, 6.75, 10.75],
			"rotation": {"angle": -22.5, "axis": "z", "origin": [3.75, 4.25, 9.5]},
			"faces": {
				"north": {"uv": [0.75, 8.75, 1.5, 10.25], "texture": "#2"},
				"east": {"uv": [1.5, 8.75, 2.25, 10.25], "texture": "#2"},
				"south": {"uv": [2.25, 8.75, 3, 10.25], "texture": "#2"},
				"west": {"uv": [0, 8.75, 0.75, 10.25], "texture": "#2"},
				"up": {"uv": [1.5, 8.75, 0.75, 8], "texture": "#2"},
				"down": {"uv": [2.25, 8, 1.5, 8.75], "texture": "#2"}
			}
		},
		{
			"from": [11, 1.75, 8.25],
			"to": [13.5, 6.75, 10.75],
			"rotation": {"angle": 22.5, "axis": "z", "origin": [12.25, 4.25, 9.5]},
			"faces": {
				"north": {"uv": [4.5, 8.75, 3.75, 10.25], "texture": "#2"},
				"east": {"uv": [3.75, 8.75, 3, 10.25], "texture": "#2"},
				"south": {"uv": [6, 8.75, 5.25, 10.25], "texture": "#2"},
				"west": {"uv": [5.25, 8.75, 4.5, 10.25], "texture": "#2"},
				"up": {"uv": [3.75, 8.75, 4.5, 8], "texture": "#2"},
				"down": {"uv": [4.5, 8, 5.25, 8.75], "texture": "#2"}
			}
		},
		{
			"from": [8.5, 0, 3],
			"to": [11, 2.5, 7],
			"rotation": {"angle": -22.5, "axis": "y", "origin": [5.75, 1.25, 7.5]},
			"faces": {
				"north": {"uv": [4.5, 10.25, 5.25, 11], "texture": "#2"},
				"east": {"uv": [4.5, 11, 5.25, 12.25], "rotation": 90, "texture": "#2"},
				"south": {"uv": [3.75, 10.25, 4.5, 11], "texture": "#2"},
				"west": {"uv": [3.75, 11, 3, 12.25], "rotation": 90, "texture": "#2"},
				"up": {"uv": [4.5, 12.25, 3.75, 11], "texture": "#2"},
				"down": {"uv": [6, 11, 5.25, 12.25], "texture": "#2"}
			}
		},
		{
			"from": [5, 1, 8],
			"to": [11, 7, 11],
			"rotation": {"angle": 0, "axis": "y", "origin": [8, 3.5, 9.5]},
			"faces": {
				"north": {"uv": [0.75, 6.5, 2.25, 8], "texture": "#2"},
				"east": {"uv": [0, 6.5, 0.75, 8], "texture": "#2"},
				"south": {"uv": [3, 6.5, 4.5, 8], "texture": "#2"},
				"west": {"uv": [2.25, 6.5, 3, 8], "texture": "#2"},
				"up": {"uv": [2.25, 6.5, 0.75, 5.75], "texture": "#2"},
				"down": {"uv": [3.75, 5.75, 2.25, 6.5], "texture": "#2"}
			}
		},
		{
			"from": [4.9, 0.9, 7.9],
			"to": [11.1, 7.1, 11.1],
			"rotation": {"angle": 0, "axis": "y", "origin": [8, 3.5, 9.5]},
			"faces": {
				"north": {"uv": [6.75, 6.5, 8.25, 8], "texture": "#2"},
				"east": {"uv": [6, 6.5, 6.75, 8], "texture": "#2"},
				"south": {"uv": [9, 6.5, 10.5, 8], "texture": "#2"},
				"west": {"uv": [8.25, 6.5, 9, 8], "texture": "#2"},
				"up": {"uv": [8.25, 6.5, 6.75, 5.75], "texture": "#2"},
				"down": {"uv": [9.75, 5.75, 8.25, 6.5], "texture": "#2"}
			}
		},
		{
			"from": [4.4, -0.1, 4.9],
			"to": [7.1, 2.6, 9.1],
			"rotation": {"angle": 22.5, "axis": "y", "origin": [5.75, 1.25, 7.5]},
			"faces": {
				"north": {"uv": [7.5, 10.25, 8.25, 11], "texture": "#2"},
				"east": {"uv": [7.5, 11, 8.25, 12.25], "rotation": 90, "texture": "#2"},
				"south": {"uv": [6.75, 10.25, 7.5, 11], "texture": "#2"},
				"west": {"uv": [6, 11, 6.75, 12.25], "rotation": 90, "texture": "#2"},
				"up": {"uv": [7.5, 12.25, 6.75, 11], "texture": "#2"},
				"down": {"uv": [9, 11, 8.25, 12.25], "texture": "#2"}
			}
		},
		{
			"from": [2.4, 1.65, 8.15],
			"to": [5.1, 6.85, 10.85],
			"rotation": {"angle": -22.5, "axis": "z", "origin": [3.75, 4.25, 9.5]},
			"faces": {
				"north": {"uv": [6.75, 8.75, 7.5, 10.25], "texture": "#2"},
				"east": {"uv": [7.5, 8.75, 8.25, 10.25], "texture": "#2"},
				"south": {"uv": [8.25, 8.75, 9, 10.25], "texture": "#2"},
				"west": {"uv": [6, 8.75, 6.75, 10.25], "texture": "#2"},
				"up": {"uv": [7.5, 8.75, 6.75, 8], "texture": "#2"},
				"down": {"uv": [8.25, 8, 7.5, 8.75], "texture": "#2"}
			}
		},
		{
			"from": [10.9, 1.65, 8.15],
			"to": [13.6, 6.85, 10.85],
			"rotation": {"angle": 22.5, "axis": "z", "origin": [12.25, 4.25, 9.5]},
			"faces": {
				"north": {"uv": [10.5, 8.75, 9.75, 10.25], "texture": "#2"},
				"east": {"uv": [9.75, 8.75, 9, 10.25], "texture": "#2"},
				"south": {"uv": [12, 8.75, 11.25, 10.25], "texture": "#2"},
				"west": {"uv": [11.25, 8.75, 10.5, 10.25], "texture": "#2"},
				"up": {"uv": [9.75, 8.75, 10.5, 8], "texture": "#2"},
				"down": {"uv": [10.5, 8, 11.25, 8.75], "texture": "#2"}
			}
		},
		{
			"from": [8.4, -0.1, 2.9],
			"to": [11.1, 2.6, 7.1],
			"rotation": {"angle": -22.5, "axis": "y", "origin": [5.75, 1.25, 7.5]},
			"faces": {
				"north": {"uv": [10.5, 10.25, 11.25, 11], "texture": "#2"},
				"east": {"uv": [10.5, 11, 11.25, 12.25], "rotation": 90, "texture": "#2"},
				"south": {"uv": [9.75, 10.25, 10.5, 11], "texture": "#2"},
				"west": {"uv": [9.75, 11, 9, 12.25], "rotation": 90, "texture": "#2"},
				"up": {"uv": [10.5, 12.25, 9.75, 11], "texture": "#2"},
				"down": {"uv": [12, 11, 11.25, 12.25], "texture": "#2"}
			}
		},
		{
			"from": [4, 7, 5.5],
			"to": [12, 15, 13.5],
			"rotation": {"angle": 0, "axis": "y", "origin": [8, 10, 8]},
			"faces": {
				"north": {"uv": [2, 2, 4, 4], "texture": "#2"},
				"east": {"uv": [0, 2, 2, 4], "texture": "#2"},
				"south": {"uv": [6, 2, 8, 4], "texture": "#2"},
				"west": {"uv": [4, 2, 6, 4], "texture": "#2"},
				"up": {"uv": [4, 2, 2, 0], "texture": "#2"},
				"down": {"uv": [6, 0, 4, 2], "texture": "#2"}
			}
		},
		{
			"from": [3.75, 6.75, 5.25],
			"to": [12.25, 15.25, 13.75],
			"rotation": {"angle": 0, "axis": "y", "origin": [8, 10, 8]},
			"faces": {
				"north": {"uv": [10, 2, 12, 4], "texture": "#2"},
				"east": {"uv": [8, 2, 10, 4], "texture": "#2"},
				"south": {"uv": [14, 2, 16, 4], "texture": "#2"},
				"west": {"uv": [12, 2, 14, 4], "texture": "#2"},
				"up": {"uv": [12, 2, 10, 0], "texture": "#2"},
				"down": {"uv": [14, 0, 12, 2], "texture": "#2"}
			}
		}
	],
	"display": {
		"thirdperson_righthand": {
			"rotation": [66, 0, 0],
			"translation": [0, 2.75, 4.75],
			"scale": [0.57031, 0.57031, 0.57031]
		},
		"thirdperson_lefthand": {
			"rotation": [66, 0, 0],
			"translation": [0, 2.75, 4.75],
			"scale": [0.57031, 0.57031, 0.57031]
		},
		"firstperson_righthand": {
			"rotation": [-180, 65.5, -180],
			"translation": [0, 2.75, 0],
			"scale": [0.66992, 0.66992, 0.66992]
		},
		"firstperson_lefthand": {
			"rotation": [-180, 65.5, -180],
			"translation": [0, 2.75, 0],
			"scale": [0.66992, 0.66992, 0.66992]
		},
		"ground": {
			"translation": [0, 4, 0],
			"scale": [0.78906, 0.78906, 0.78906]
		},
		"gui": {
			"rotation": [-163.75, 37, -180],
			"scale": [0.88672, 0.88672, 0.88672]
		},
		"head": {
			"translation": [0, 14.5, 0]
		},
		"fixed": {
			"translation": [0, 0, -8],
			"scale": [1.70508, 1.70508, 1.70508]
		}
	}
}