{
	"credit": "Made with Blockbench",
	"textures": {
		"0": "item/bow/colt",
		"particle": "item/bow/colt"
	},
	"elements": [
		{
			"from": [8, 13, 2.75],
			"to": [8, 14.5, 5.75],
			"rotation": {"angle": 0, "axis": "y", "origin": [16, 21, 10.25]},
			"faces": {
				"north": {"uv": [0, 0, 0, 2.5], "texture": "#0"},
				"east": {"uv": [9.5, 9, 6.5, 10.5], "texture": "#0"},
				"south": {"uv": [0, 0, 0, 2.5], "texture": "#0"},
				"west": {"uv": [6.5, 9, 9.5, 10.5], "texture": "#0"},
				"up": {"uv": [0, 0, 0, 2.5], "texture": "#0"},
				"down": {"uv": [0, 0, 0, 2.5], "texture": "#0"}
			}
		},
		{
			"from": [8, 17, -1.25],
			"to": [8, 17.5, -0.25],
			"rotation": {"angle": 0, "axis": "y", "origin": [16, 25, 8.25]},
			"faces": {
				"north": {"uv": [0, 0, 0, 1], "texture": "#0"},
				"east": {"uv": [0, 0.5, 1, 1], "texture": "#0"},
				"south": {"uv": [0, 0, 0, 1], "texture": "#0"},
				"west": {"uv": [0, 0.5, 1, 1], "rotation": 180, "texture": "#0"},
				"up": {"uv": [0, 0, 0, 1], "texture": "#0"},
				"down": {"uv": [0, 0, 0, 1], "texture": "#0"}
			}
		},
		{
			"from": [7, 14.5, -1.75],
			"to": [9, 17, 7.75],
			"rotation": {"angle": 0, "axis": "y", "origin": [14.75, 23.5, 9.25]},
			"faces": {
				"north": {"uv": [9.5, 0, 11.5, 2.5], "texture": "#0"},
				"east": {"uv": [9.5, 4.5, 0, 7], "texture": "#0"},
				"south": {"uv": [6, 0, 6.5, 2.5], "texture": "#0"},
				"west": {"uv": [0, 0, 9.5, 2.5], "texture": "#0"},
				"up": {"uv": [0, 2.5, 9.5, 4.5], "rotation": 90, "texture": "#0"},
				"down": {"uv": [0, 7, 9.5, 9], "rotation": 270, "texture": "#0"}
			}
		},
		{
			"from": [7.25, 11, 4.25],
			"to": [8.75, 16, 6.75],
			"rotation": {"angle": -22.5, "axis": "x", "origin": [8.25, 17, 7.75]},
			"faces": {
				"north": {"uv": [4, 9, 2.5, 14], "texture": "#0"},
				"east": {"uv": [2.5, 9, 0, 14], "texture": "#0"},
				"south": {"uv": [2.5, 9, 4, 14], "texture": "#0"},
				"west": {"uv": [0, 9, 2.5, 14], "texture": "#0"},
				"down": {"uv": [0, 13.5, 2.5, 14], "rotation": 270, "texture": "#0"}
			}
		},
		{
			"from": [7.25, 14.5, 6.75],
			"to": [8.75, 17, 7.75],
			"rotation": {"angle": -22.5, "axis": "x", "origin": [8.25, 17, 7.75]},
			"faces": {
				"east": {"uv": [5, 9, 4, 11.5], "texture": "#0"},
				"south": {"uv": [5, 9, 6.5, 11.5], "texture": "#0"},
				"west": {"uv": [4, 9, 5, 11.5], "texture": "#0"},
				"down": {"uv": [5, 11, 6.5, 11.5], "rotation": 270, "texture": "#0"}
			}
		}
	],
	"display": {
		"thirdperson_righthand": {
			"rotation": [7, 0.5, 3],
			"translation": [0, -5.25, 2.5],
			"scale": [0.8, 0.8, 0.8]
		},
		"thirdperson_lefthand": {
			"rotation": [7, 0.5, 3],
			"translation": [0, -5.25, 2.5],
			"scale": [0.8, 0.8, 0.8]
		},
		"firstperson_righthand": {
			"rotation": [3, -2.5, 2.5],
			"translation": [-3, -4, 2.5]
		},
		"firstperson_lefthand": {
			"rotation": [3, -2.5, 2.5],
			"translation": [-3, -4, 2.5]
		},
		"ground": {
			"rotation": [0, 0, 90],
			"translation": [4.75, -2, 3.5],
			"scale": [0.8, 0.8, 0.8]
		},
		"gui": {
			"rotation": [-35, 135, 5],
			"translation": [3.75, -9, 0],
			"scale": [1.32, 1.32, 1.32]
		},
		"head": {
			"translation": [0, 0, -0.25]
		},
		"fixed": {
			"rotation": [0, 90, 0],
			"translation": [4.25, -5.75, -0.25]
		}
	},
    "overrides": [
      { "predicate": { "pulling": 1 }, "model": "item/bowpull/colt_pulling" },
      { "predicate": { "pulling": 1, "pull": 0.65 }, "model": "item/bowpull/colt_pulling" },
      { "predicate": { "pulling": 1, "pull": 0.9 }, "model": "item/bowpull/colt_pulling" }
    ]
}