{
	"credit": "Made with Blockbench",
	"texture_size": [64, 48],
	"textures": {
		"particle": "item/bow/monenineoseven"
	},
	"elements": [
		{
			"from": [7.5, 13.25, -7.5],
			"to": [8.5, 14.25, -1.5],
			"rotation": {"angle": 0, "axis": "x", "origin": [9, 13.25, 3.5]},
			"faces": {
				"north": {"uv": [3, 8.33333, 3.5, 8.99999], "texture": "#particle"},
				"east": {"uv": [3, 8.33333, 0, 9], "texture": "#particle"},
				"west": {"uv": [0, 8.33333, 3, 9], "texture": "#particle"},
				"up": {"uv": [0, 9, 3, 9.66667], "rotation": 90, "texture": "#particle"},
				"down": {"uv": [0, 8.66667, 3, 9], "rotation": 270, "texture": "#particle"}
			}
		},
		{
			"from": [8, 10, 8.5],
			"to": [8, 12, 16],
			"rotation": {"angle": 0, "axis": "x", "origin": [9.5, 10, 17.5]},
			"faces": {
				"north": {"uv": [0, 0, 0, 2], "texture": "#particle"},
				"east": {"uv": [5, 14.33333, 1.25, 15.66667], "texture": "#particle"},
				"south": {"uv": [0, 0, 0, 2], "texture": "#particle"},
				"west": {"uv": [1.25, 14.33333, 5, 15.66667], "texture": "#particle"},
				"up": {"uv": [0, 0, 0, 6], "texture": "#particle"},
				"down": {"uv": [0, 0, 0, 6], "texture": "#particle"}
			}
		},
		{
			"from": [8, 14.5, 6],
			"to": [8, 15.5, 8.5],
			"rotation": {"angle": 0, "axis": "x", "origin": [9.5, 14.5, 15.5]},
			"faces": {
				"north": {"uv": [0, 0, 0, 2], "texture": "#particle"},
				"east": {"uv": [1.25, 14.33333, 0, 15], "texture": "#particle"},
				"south": {"uv": [0, 0, 0, 2], "texture": "#particle"},
				"west": {"uv": [0, 14.33333, 1.25, 15], "texture": "#particle"},
				"up": {"uv": [0, 0, 0, 6], "texture": "#particle"},
				"down": {"uv": [0, 0, 0, 6], "texture": "#particle"}
			}
		},
		{
			"from": [8, 14.25, -7],
			"to": [8, 15.75, -5.5],
			"rotation": {"angle": 0, "axis": "x", "origin": [9.5, 14.25, 3]},
			"faces": {
				"north": {"uv": [0, 0, 0, 2], "texture": "#particle"},
				"east": {"uv": [4.25, 7.33333, 3.5, 8.33333], "texture": "#particle"},
				"south": {"uv": [0, 0, 0, 2], "texture": "#particle"},
				"west": {"uv": [3.5, 7.33333, 4.25, 8.33333], "texture": "#particle"},
				"up": {"uv": [0, 0, 0, 6], "texture": "#particle"},
				"down": {"uv": [0, 0, 0, 6], "texture": "#particle"}
			}
		},
		{
			"from": [6, 13.5, 10],
			"to": [7, 14, 10],
			"rotation": {"angle": 0, "axis": "x", "origin": [7.5, 13.5, 18.75]},
			"faces": {
				"north": {"uv": [3, 9, 3.5, 9.33333], "rotation": 180, "texture": "#particle"},
				"east": {"uv": [0, 10.33333, 2.5, 11.33333], "texture": "#particle"},
				"south": {"uv": [3, 9, 3.5, 9.33333], "texture": "#particle"},
				"west": {"uv": [2.5, 10.33333, 0, 11.33333], "texture": "#particle"},
				"up": {"uv": [0, 0, 0, 6], "texture": "#particle"},
				"down": {"uv": [0, 0, 0, 6], "texture": "#particle"}
			}
		},
		{
			"from": [7.25, 12.5, -1.5],
			"to": [8.75, 14.5, 5.5],
			"rotation": {"angle": 0, "axis": "x", "origin": [8.75, 12.5, 7.5]},
			"faces": {
				"north": {"uv": [3.5, 6, 4.25, 7.33333], "texture": "#particle"},
				"east": {"uv": [0, 6, 3.5, 7.33333], "texture": "#particle"},
				"west": {"uv": [3.5, 6, 0, 7.33333], "texture": "#particle"},
				"up": {"uv": [0, 7.33333, 3.5, 8.33333], "rotation": 90, "texture": "#particle"},
				"down": {"uv": [3.5, 7, 0, 7.33333], "rotation": 270, "texture": "#particle"}
			}
		},
		{
			"from": [7.25, 12, 16.5],
			"to": [8.75, 14.5, 22.5],
			"rotation": {"angle": 45, "axis": "x", "origin": [7.25, 14.5, 16.5]},
			"faces": {
				"east": {"uv": [9.5, 0, 6.5, 1.66667], "texture": "#particle"},
				"west": {"uv": [6.5, 0, 9.5, 1.66667], "texture": "#particle"},
				"up": {"uv": [6.5, 1.66667, 9.5, 2.66667], "rotation": 90, "texture": "#particle"},
				"down": {"uv": [6.5, 2.66667, 9.5, 3.66667], "rotation": 270, "texture": "#particle"}
			}
		},
		{
			"from": [7, 9.5, 22],
			"to": [9, 12.5, 28],
			"rotation": {"angle": 22.5, "axis": "x", "origin": [7.5, 12.5, 19.5]},
			"faces": {
				"north": {"uv": [3.5, 5.66667, 8, 7.33333], "rotation": 270, "texture": "#particle"},
				"east": {"uv": [10.75, 5.33333, 7.75, 7.33333], "texture": "#particle"},
				"south": {"uv": [10.75, 5.33333, 11.75, 7.33333], "texture": "#particle"},
				"west": {"uv": [7.75, 5.33333, 10.75, 7.33333], "texture": "#particle"},
				"down": {"uv": [7.75, 7.33333, 10.75, 8.66667], "rotation": 270, "texture": "#particle"}
			}
		},
		{
			"from": [7, 8, 19.5],
			"to": [9, 12.5, 22],
			"rotation": {"angle": 22.5, "axis": "x", "origin": [7, 12.5, 19.5]},
			"faces": {
				"north": {"uv": [5.5, 5.33333, 6.5, 8.33333], "texture": "#particle"},
				"east": {"uv": [7.75, 5.33333, 6.5, 8.33333], "texture": "#particle"},
				"south": {"uv": [7.5, 5.33333, 7.75, 8.33333], "texture": "#particle"},
				"west": {"uv": [6.5, 5.33333, 7.75, 8.33333], "texture": "#particle"},
				"down": {"uv": [6.5, 8.33333, 7.75, 9.66667], "rotation": 270, "texture": "#particle"}
			}
		},
		{
			"from": [7, 12, 5.5],
			"to": [9, 14.5, 16.5],
			"rotation": {"angle": 0, "axis": "x", "origin": [8.5, 12, 14.5]},
			"faces": {
				"north": {"uv": [5.5, 0, 6.5, 1.66667], "texture": "#particle"},
				"east": {"uv": [5.5, 3, 0, 4.66667], "texture": "#particle"},
				"south": {"uv": [5.25, 0, 5.5, 1.66667], "texture": "#particle"},
				"west": {"uv": [0, 0, 5.5, 1.66667], "texture": "#particle"},
				"up": {"uv": [0, 1.66667, 5.5, 3], "rotation": 90, "texture": "#particle"},
				"down": {"uv": [0, 4.66667, 5.5, 6], "rotation": 270, "texture": "#particle"}
			}
		},
		{
			"from": [6.75, 9, 18.5],
			"to": [9.25, 12.5, 27.5],
			"rotation": {"angle": 0, "axis": "x", "origin": [8.25, 9, 28.5]},
			"faces": {
				"north": {"uv": [9.5, 0, 9.75, 2.33333], "texture": "#particle"},
				"east": {"uv": [14, 0, 9.5, 2.33333], "texture": "#particle"},
				"south": {"uv": [14, 0, 15.25, 2.33333], "texture": "#particle"},
				"west": {"uv": [9.5, 0, 14, 2.33333], "texture": "#particle"},
				"up": {"uv": [9.5, 2.33333, 14, 4], "rotation": 90, "texture": "#particle"},
				"down": {"uv": [9.5, 2, 14, 2.33333], "rotation": 270, "texture": "#particle"}
			}
		},
		{
			"from": [7.25, 5, 6],
			"to": [8.75, 12, 8.5],
			"rotation": {"angle": 0, "axis": "x", "origin": [8.25, 9.5, 9.5]},
			"faces": {
				"north": {"uv": [1.25, 9.66667, 2, 14.33334], "texture": "#particle"},
				"east": {"uv": [1.25, 9.66667, 0, 14.33334], "texture": "#particle"},
				"south": {"uv": [2, 9.66667, 2.75, 14.33334], "texture": "#particle"},
				"west": {"uv": [0, 9.66667, 1.25, 14.33334], "texture": "#particle"},
				"up": {"uv": [0, 9.66667, 1.25, 10], "texture": "#particle"},
				"down": {"uv": [0, 14, 1.25, 14.33334], "rotation": 270, "texture": "#particle"}
			}
		}
	],
	"display": {
		"thirdperson_righthand": {
			"rotation": [35, -2, -2],
			"translation": [-0.25, 0.5, -5.5],
			"scale": [0.8, 0.8, 0.8]
		},
		"thirdperson_lefthand": {
			"rotation": [35, -2, -2],
			"translation": [-0.25, 0.5, -5.5],
			"scale": [0.8, 0.8, 0.8]
		},
		"firstperson_righthand": {
			"rotation": [2.5, -0.5, 2],
			"translation": [-0.5, -1.5, -5]
		},
		"firstperson_lefthand": {
			"rotation": [2.5, -0.5, 2],
			"translation": [-0.5, -1.5, -5]
		},
		"ground": {
			"rotation": [0, 0, 90],
			"translation": [2.5, -1.5, -2.5],
			"scale": [0.8, 0.8, 0.8]
		},
		"gui": {
			"rotation": [-35, 145, 5],
			"translation": [-1.25, -1.25, 0],
			"scale": [0.63, 0.63, 0.63]
		},
		"head": {
			"rotation": [90, 20, 90],
			"translation": [2.25, -2, 7.5]
		},
		"fixed": {
			"rotation": [0, 90, 0],
			"translation": [-2.5, -3.5, -1]
		}
	},
    "overrides": [
      { "predicate": { "pulling": 1 }, "model": "item/bowpull/monenineoseven_pulling_0" },
      { "predicate": { "pulling": 1, "pull": 0.65 }, "model": "item/bowpull/monenineoseven_pulling_1" },
      { "predicate": { "pulling": 1, "pull": 0.9 }, "model": "item/bowpull/monenineoseven_pulling_2" }
    ]
}