{
	"credit": "Made with Blockbench",
	"textures": {
		"0": "item/bow/scout_pistol",
		"particle": "item/bow/scout_pistol"
	},
	"elements": [
		{
			"from": [7.251, 14.25, 3.25],
			"to": [8.749, 14.75, 7.75],
			"rotation": {"angle": 0, "axis": "y", "origin": [15.25, 21.25, 10.75]},
			"faces": {
				"north": {"uv": [4.5, 5, 6, 5.5], "texture": "#0"},
				"east": {"uv": [4.5, 5, 0, 5.5], "texture": "#0"},
				"west": {"uv": [0, 5, 4.5, 5.5], "texture": "#0"},
				"down": {"uv": [0, 5.5, 4.5, 7], "rotation": 270, "texture": "#0"}
			}
		},
		{
			"from": [7.95, 12.75, 4.75],
			"to": [8.05, 14.25, 7.75],
			"rotation": {"angle": 0, "axis": "y", "origin": [16, 19.75, 12.75]},
			"faces": {
				"east": {"uv": [9, 5, 6, 6.5], "texture": "#0"},
				"west": {"uv": [6, 5, 9, 6.5], "texture": "#0"}
			}
		},
		{
			"from": [7.95, 16.25, 2.75],
			"to": [8.05, 16.75, 3.75],
			"rotation": {"angle": 0, "axis": "y", "origin": [16, 24.25, 10.75]},
			"faces": {
				"east": {"uv": [4.5, 5.5, 5.5, 6], "texture": "#0"},
				"west": {"uv": [4.5, 5.5, 5.5, 6], "rotation": 180, "texture": "#0"}
			}
		},
		{
			"from": [7, 14.75, 2.75],
			"to": [9, 16.25, 9.75],
			"rotation": {"angle": 0, "axis": "y", "origin": [14.75, 22.25, 10.25]},
			"faces": {
				"north": {"uv": [7, 2, 9, 3.5], "texture": "#0"},
				"east": {"uv": [7, 3.5, 0, 5], "texture": "#0"},
				"south": {"uv": [6.5, 2, 7, 3.5], "texture": "#0"},
				"west": {"uv": [0, 2, 7, 3.5], "texture": "#0"},
				"up": {"uv": [0, 0, 7, 2], "rotation": 90, "texture": "#0"},
				"down": {"uv": [0, 4.5, 7, 5], "rotation": 270, "texture": "#0"}
			}
		},
		{
			"from": [7.25, 11.25, 6.25],
			"to": [8.75, 15.75, 9.25],
			"rotation": {"angle": -22.5, "axis": "x", "origin": [8.25, 16.25, 9.75]},
			"faces": {
				"north": {"uv": [3, 7, 4.5, 11.5], "texture": "#0"},
				"east": {"uv": [3, 7, 0, 11.5], "texture": "#0"},
				"south": {"uv": [4.5, 7, 6, 11.5], "texture": "#0"},
				"west": {"uv": [0, 7, 3, 11.5], "texture": "#0"},
				"down": {"uv": [0, 11.5, 3, 13], "rotation": 270, "texture": "#0"}
			}
		},
		{
			"from": [7.25, 14.75, 8.75],
			"to": [8.75, 16.25, 9.75],
			"rotation": {"angle": -22.5, "axis": "x", "origin": [8.25, 16.25, 9.75]},
			"faces": {
				"east": {"uv": [1, 13, 0, 14.5], "texture": "#0"},
				"south": {"uv": [1, 13, 2.5, 14.5], "texture": "#0"},
				"west": {"uv": [0, 13, 1, 14.5], "texture": "#0"},
				"down": {"uv": [2.5, 13, 3.5, 14.5], "rotation": 270, "texture": "#0"}
			}
		}
	],
	"display": {
		"thirdperson_righthand": {
			"rotation": [7, 0.5, 3],
			"translation": [0, -4.75, 1.25],
			"scale": [0.8, 0.8, 0.8]
		},
		"thirdperson_lefthand": {
			"rotation": [7, 0.5, 3],
			"translation": [0, -4.75, 1.25],
			"scale": [0.8, 0.8, 0.8]
		},
		"firstperson_righthand": {
			"rotation": [2.5, -0.5, 2],
			"translation": [-1.25, -2.5, -0.5]
		},
		"firstperson_lefthand": {
			"rotation": [2.5, -0.5, 2],
			"translation": [-1.25, -2.5, -0.5]
		},
		"ground": {
			"rotation": [0, 0, 90],
			"translation": [4.5, -2, 0.75],
			"scale": [0.8, 0.8, 0.8]
		},
		"gui": {
			"rotation": [30, 130, 0],
			"translation": [1.5, -8.5, 0],
			"scale": [1.6, 1.6, 1.6]
		},
		"head": {
			"rotation": [90, -67.5, 90],
			"translation": [2, -19, 4],
			"scale": [1.25, 1.25, 1.25]
		},
		"fixed": {
			"rotation": [0, 90, 0],
			"translation": [2.25, -9.25, 1.4],
			"scale": [1.6, 1.6, 1.6]
		}
	},
    "overrides": [
      { "predicate": { "pulling": 1 }, "model": "item/bowpull/scout_pistol_pulling_0" },
      { "predicate": { "pulling": 1, "pull": 0.65 }, "model": "item/bowpull/scout_pistol_pulling_1" },
      { "predicate": { "pulling": 1, "pull": 0.9 }, "model": "item/bowpull/scout_pistol_pulling_2" }
    ]
}