{
	"credit": "Made with Blockbench",
	"texture_size": [48, 32],
	"textures": {
		"1": "item/bow/sten_pr",
		"particle": "item/bow/sten"
	},
	"elements": [
		{
			"from": [7.5, 14, -5.25],
			"to": [8.5, 15, 1.25],
			"rotation": {"angle": 0, "axis": "x", "origin": [9, 14, 5.25]},
			"faces": {
				"north": {"uv": [4.33333, 6, 5, 7], "texture": "#particle"},
				"east": {"uv": [4.33333, 6, 0, 7], "texture": "#particle"},
				"west": {"uv": [0, 6, 4.33333, 7], "texture": "#particle"},
				"up": {"uv": [0, 7, 4.33333, 8], "rotation": 90, "texture": "#particle"},
				"down": {"uv": [0, 6.5, 4.33333, 7], "rotation": 270, "texture": "#particle"}
			}
		},
		{
			"from": [9, 14.5, 6.75],
			"to": [10, 15, 6.75],
			"rotation": {"angle": 0, "axis": "x", "origin": [9.5, 10.5, 19.75]},
			"faces": {
				"north": {"uv": [9.66667, 3.5, 10.33333, 4], "texture": "#particle"},
				"east": {"uv": [6.66667, 7, 5, 8.5], "texture": "#particle"},
				"south": {"uv": [9.66667, 3.5, 10.33333, 4], "rotation": 180, "texture": "#particle"},
				"west": {"uv": [5, 7, 6.66667, 8.5], "texture": "#particle"},
				"up": {"uv": [0, 0, 0, 6], "texture": "#particle"},
				"down": {"uv": [0, 0, 0, 6], "texture": "#particle"}
			}
		},
		{
			"from": [8, 15.5, 12.75],
			"to": [8, 16.5, 13.75],
			"rotation": {"angle": 0, "axis": "x", "origin": [9.5, 15.5, 21.75]},
			"faces": {
				"north": {"uv": [0, 0, 0, 2], "texture": "#particle"},
				"east": {"uv": [5, 7, 4.33333, 8], "texture": "#particle"},
				"south": {"uv": [0, 0, 0, 2], "texture": "#particle"},
				"west": {"uv": [4.33333, 7, 5, 8], "texture": "#particle"},
				"up": {"uv": [0, 0, 0, 6], "texture": "#particle"},
				"down": {"uv": [0, 0, 0, 6], "texture": "#particle"}
			}
		},
		{
			"from": [8, 10.5, 5.75],
			"to": [8, 13.5, 13.75],
			"rotation": {"angle": 0, "axis": "x", "origin": [9.5, 10.5, 15.75]},
			"faces": {
				"north": {"uv": [0, 0, 0, 2], "texture": "#particle"},
				"east": {"uv": [16, 6, 10.66667, 9], "texture": "#particle"},
				"south": {"uv": [0, 0, 0, 2], "texture": "#particle"},
				"west": {"uv": [10.66667, 6, 16, 9], "texture": "#particle"},
				"up": {"uv": [0, 0, 0, 6], "texture": "#particle"},
				"down": {"uv": [0, 0, 0, 6], "texture": "#particle"}
			}
		},
		{
			"from": [7, 13.5, 1.25],
			"to": [9, 15.5, 13.75],
			"rotation": {"angle": 0, "axis": "x", "origin": [8.5, 13.5, 10.25]},
			"faces": {
				"north": {"uv": [8.33333, 2, 9.66667, 4], "texture": "#particle"},
				"east": {"uv": [8.33333, 2, 0, 4], "texture": "#particle"},
				"south": {"uv": [8.33333, 0, 9.66667, 2], "texture": "#particle"},
				"west": {"uv": [0, 0, 8.33333, 2], "texture": "#particle"},
				"up": {"uv": [0, 4, 8.33333, 6], "rotation": 90, "texture": "#particle"},
				"down": {"uv": [0, 3.5, 8.33333, 4], "rotation": 270, "texture": "#particle"}
			}
		},
		{
			"from": [7.5, 12, 9.75],
			"to": [8.5, 13.5, 13.75],
			"rotation": {"angle": 0, "axis": "x", "origin": [9, 12, 18.75]},
			"faces": {
				"north": {"uv": [8, 6, 8.33333, 7.5], "texture": "#particle"},
				"east": {"uv": [10.66667, 6, 8, 7.5], "texture": "#particle"},
				"south": {"uv": [10.33333, 6, 10.66667, 7.5], "texture": "#particle"},
				"west": {"uv": [8, 6, 10.66667, 7.5], "texture": "#particle"},
				"down": {"uv": [8, 7, 10.66667, 7.5], "rotation": 270, "texture": "#particle"}
			}
		},
		{
			"from": [7.25, 12, 13.75],
			"to": [8.75, 14, 18.75],
			"rotation": {"angle": 22.5, "axis": "x", "origin": [8, 14, 13.75]},
			"faces": {
				"north": {"uv": [3.33333, 1.5, 3.66667, 3.5], "texture": "#1"},
				"east": {"uv": [6.66667, 1.5, 3.33333, 3.5], "texture": "#1"},
				"west": {"uv": [3.33333, 1.5, 6.66667, 3.5], "texture": "#1"},
				"up": {"uv": [3.33333, 0, 6.66667, 1.5], "rotation": 90, "texture": "#1"},
				"down": {"uv": [3.33333, 3.5, 6.66667, 5], "rotation": 270, "texture": "#1"}
			}
		},
		{
			"from": [7.25, 7.5, 11.75],
			"to": [8.75, 12, 13.75],
			"rotation": {"angle": -22.5, "axis": "x", "origin": [8, 12, 11.75]},
			"faces": {
				"north": {"uv": [1.33333, 0, 2.33333, 4.5], "texture": "#1"},
				"east": {"uv": [1.33333, 0, 0, 4.5], "texture": "#1"},
				"south": {"uv": [2.33333, 0, 3.33333, 4.5], "texture": "#1"},
				"west": {"uv": [0, 0, 1.33333, 4.5], "texture": "#1"},
				"up": {"uv": [0, 0, 1.33333, 0.5], "rotation": 90, "texture": "#1"},
				"down": {"uv": [0, 4.5, 1.33333, 6], "rotation": 270, "texture": "#1"}
			}
		},
		{
			"from": [7.25, 12, 18.75],
			"to": [8.75, 14.5, 22.75],
			"rotation": {"angle": 22.5, "axis": "x", "origin": [8, 14, 13.75]},
			"faces": {
				"east": {"uv": [9.33333, 1, 6.66667, 3.5], "texture": "#1"},
				"west": {"uv": [6.66667, 1, 9.33333, 3.5], "texture": "#1"},
				"down": {"uv": [6.66667, 3.5, 9.33333, 5], "rotation": 270, "texture": "#1"}
			}
		},
		{
			"from": [7.25, 12, 22.75],
			"to": [8.75, 15.5, 24.75],
			"rotation": {"angle": 22.5, "axis": "x", "origin": [8, 14, 13.75]},
			"faces": {
				"east": {"uv": [10.66667, 0, 9.33333, 3.5], "texture": "#1"},
				"south": {"uv": [10.66667, 0, 11.66667, 3.5], "texture": "#1"},
				"west": {"uv": [9.33333, 0, 10.66667, 3.5], "texture": "#1"},
				"down": {"uv": [9.33333, 3.5, 10.66667, 5], "rotation": 270, "texture": "#1"}
			}
		},
		{
			"from": [7, 11, 16],
			"to": [9, 13, 24.5],
			"rotation": {"angle": 0, "axis": "x", "origin": [7.75, 12.5, 16]},
			"faces": {
				"north": {"uv": [0, 6, 0.33333, 8], "texture": "#1"},
				"east": {"uv": [5.66667, 6, 0, 8], "texture": "#1"},
				"south": {"uv": [5.66667, 6, 7, 8], "texture": "#1"},
				"west": {"uv": [0, 6, 5.66667, 8], "texture": "#1"},
				"up": {"uv": [0, 8, 5.66667, 10], "rotation": 90, "texture": "#1"},
				"down": {"uv": [0, 7.5, 5.66667, 8], "rotation": 270, "texture": "#1"}
			}
		},
		{
			"from": [-1, 14, 2.25],
			"to": [7, 15, 4.25],
			"rotation": {"angle": 0, "axis": "z", "origin": [3.5, 14, 5.25]},
			"faces": {
				"north": {"uv": [9.66667, 1.5, 15, 2.5], "texture": "#particle"},
				"east": {"uv": [9.66667, 0, 10, 2], "rotation": 90, "texture": "#particle"},
				"south": {"uv": [9.66667, 2.5, 15, 1.5], "rotation": 180, "texture": "#particle"},
				"west": {"uv": [14.66667, 0, 15, 2], "rotation": 90, "texture": "#particle"},
				"up": {"uv": [9.66667, 2, 15, 0], "rotation": 180, "texture": "#particle"},
				"down": {"uv": [9.66667, 0, 15, 2], "rotation": 180, "texture": "#particle"}
			}
		},
		{
			"from": [7, 13.5, -1.75],
			"to": [9, 13.5, 1.25],
			"rotation": {"angle": 0, "axis": "x", "origin": [8.5, 13.5, 7.25]},
			"faces": {
				"north": {"uv": [0, 4.5, 0.33333, 7], "texture": "#particle"},
				"east": {"uv": [6.33333, 4.5, 0, 7], "texture": "#particle"},
				"south": {"uv": [6, 4.5, 6.33333, 5], "texture": "#particle"},
				"west": {"uv": [0, 4.5, 6.33333, 7], "texture": "#particle"},
				"up": {"uv": [10.33333, 4, 12.33333, 6], "rotation": 90, "texture": "#particle"},
				"down": {"uv": [10.33333, 4, 12.33333, 6], "rotation": 270, "texture": "#particle"}
			}
		},
		{
			"from": [7, 15.5, -1.75],
			"to": [9, 15.5, 1.25],
			"rotation": {"angle": 0, "axis": "x", "origin": [8.5, 15.5, 7.25]},
			"faces": {
				"north": {"uv": [0, 4.5, 0.33333, 7], "texture": "#particle"},
				"east": {"uv": [6.33333, 4.5, 0, 7], "texture": "#particle"},
				"south": {"uv": [6, 4.5, 6.33333, 5], "texture": "#particle"},
				"west": {"uv": [0, 4.5, 6.33333, 7], "texture": "#particle"},
				"up": {"uv": [10.33333, 4, 12.33333, 6], "rotation": 90, "texture": "#particle"},
				"down": {"uv": [10.33333, 6, 12.33333, 4], "rotation": 270, "texture": "#particle"}
			}
		},
		{
			"from": [7, 13.5, -1.75],
			"to": [7, 15.5, 1.25],
			"rotation": {"angle": 0, "axis": "x", "origin": [8.5, 13.5, 7.25]},
			"faces": {
				"north": {"uv": [0, 4.5, 0.33333, 7], "texture": "#particle"},
				"east": {"uv": [10.33333, 4, 8.33333, 6], "texture": "#particle"},
				"south": {"uv": [6, 4.5, 6.33333, 5], "texture": "#particle"},
				"west": {"uv": [8.33333, 4, 10.33333, 6], "texture": "#particle"},
				"up": {"uv": [0, 13, 6.33333, 13.5], "rotation": 90, "texture": "#particle"},
				"down": {"uv": [0, 6.5, 6.33333, 7], "rotation": 270, "texture": "#particle"}
			}
		},
		{
			"from": [9, 13.5, -1.75],
			"to": [9, 15.5, 1.25],
			"rotation": {"angle": 0, "axis": "x", "origin": [10.5, 13.5, 7.25]},
			"faces": {
				"north": {"uv": [0, 4.5, 0.33333, 7], "texture": "#particle"},
				"east": {"uv": [10.33333, 4, 8.33333, 6], "texture": "#particle"},
				"south": {"uv": [6, 4.5, 6.33333, 5], "texture": "#particle"},
				"west": {"uv": [8.33333, 4, 10.33333, 6], "texture": "#particle"},
				"up": {"uv": [0, 13, 6.33333, 13.5], "rotation": 90, "texture": "#particle"},
				"down": {"uv": [0, 6.5, 6.33333, 7], "rotation": 270, "texture": "#particle"}
			}
		}
	],
	"display": {
		"thirdperson_righthand": {
			"rotation": [14, 1, -2],
			"translation": [-0.5, -2.5, -3.25],
			"scale": [0.8, 0.8, 0.8]
		},
		"thirdperson_lefthand": {
			"rotation": [14, 1, -2],
			"translation": [-0.5, -2.5, -3.25],
			"scale": [0.8, 0.8, 0.8]
		},
		"firstperson_righthand": {
			"rotation": [2.5, -0.5, 2],
			"translation": [-1.25, -2.5, -0.5]
		},
		"firstperson_lefthand": {
			"rotation": [2.5, -0.5, 2],
			"translation": [-1.25, -2.5, -0.5]
		},
		"ground": {
			"rotation": [0, 0, -90],
			"translation": [-4, -2, -1],
			"scale": [0.8, 0.8, 0.8]
		},
		"gui": {
			"rotation": [-35, 145, 5],
			"translation": [-0.75, -2.25, 0],
			"scale": [0.7, 0.7, 0.7]
		},
		"head": {
			"rotation": [90, 20, 90],
			"translation": [2.25, -2, 7.5]
		},
		"fixed": {
			"rotation": [0, 90, 0],
			"translation": [-1.75, -4.5, -1]
		}
	},
    "overrides": [
      { "predicate": { "pulling": 1 }, "model": "item/bowpull/sten_pr_pulling_0" },
      { "predicate": { "pulling": 1, "pull": 0.65 }, "model": "item/bowpull/sten_pr_pulling_1" },
      { "predicate": { "pulling": 1, "pull": 0.9 }, "model": "item/bowpull/sten_pr_pulling_2" }
    ]
}