{
	"credit": "Made with Blockbench",
	"texture_size": [32, 32],
	"textures": {
		"0": "item/bow/wand_3",
		"particle": "item/bow/wand_3"
	},
	"elements": [
		{
			"from": [7.5, 7, 7.5],
			"to": [8.5, 17, 8.5],
			"faces": {
				"north": {"uv": [0, 3.5, 0.5, 8.5], "texture": "#0"},
				"east": {"uv": [0.5, 3.5, 1, 8.5], "texture": "#0"},
				"south": {"uv": [1, 3.5, 1.5, 8.5], "texture": "#0"},
				"west": {"uv": [1.5, 3.5, 2, 8.5], "texture": "#0"},
				"up": {"uv": [3.5, 5, 3, 4.5], "texture": "#0"},
				"down": {"uv": [4, 4.5, 3.5, 5], "texture": "#0"}
			}
		},
		{
			"from": [7, 0, 7],
			"to": [9, 2, 9],
			"faces": {
				"north": {"uv": [2, 3.5, 3, 4.5], "texture": "#0"},
				"east": {"uv": [3, 3.5, 4, 4.5], "texture": "#0"},
				"south": {"uv": [4, 0, 5, 1], "texture": "#0"},
				"west": {"uv": [4, 1, 5, 2], "texture": "#0"},
				"up": {"uv": [5, 3, 4, 2], "texture": "#0"},
				"down": {"uv": [5, 3, 4, 4], "texture": "#0"}
			}
		},
		{
			"from": [7.25, 1, 7.25],
			"to": [8.75, 7.5, 8.75],
			"faces": {
				"north": {"uv": [0, 0, 1, 3.5], "texture": "#0"},
				"east": {"uv": [1, 0, 2, 3.5], "texture": "#0"},
				"south": {"uv": [2, 0, 3, 3.5], "texture": "#0"},
				"west": {"uv": [3, 0, 4, 3.5], "texture": "#0"},
				"up": {"uv": [5, 5, 4, 4], "texture": "#0"},
				"down": {"uv": [3, 4.5, 2, 5.5], "texture": "#0"}
			}
		}
	],
	"display": {
		"thirdperson_righthand": {
			"translation": [0, 3.25, 0.25],
			"scale": [0.75, 0.75, 0.75]
		},
		"thirdperson_lefthand": {
			"translation": [0, 3.25, 0.25],
			"scale": [0.75, 0.75, 0.75]
		},
		"firstperson_righthand": {
			"rotation": [-18.25, 0, 0],
			"translation": [0, 3.5, -1]
		},
		"firstperson_lefthand": {
			"rotation": [-18.25, 0, 0],
			"translation": [0, 3.5, -1]
		},
		"ground": {
			"rotation": [0, 0, 90],
			"translation": [0, -2.5, 0],
			"scale": [0.75, 0.75, 0.75]
		},
		"gui": {
			"rotation": [27.65, 42.77, -54.59]
		}
	},
    "overrides": [
      { "predicate": { "pulling": 1 }, "model": "item/bowpull/wand_3_pulling_0" },
      { "predicate": { "pulling": 1, "pull": 0.65 }, "model": "item/bowpull/wand_3_pulling_1" },
      { "predicate": { "pulling": 1, "pull": 0.9 }, "model": "item/bowpull/wand_3_pulling_2" }
    ]
}