{
  "model": {
    "type": "minecraft:range_dispatch",
    "entries": [
      {
        "model": {
          "type": "minecraft:model",
          "model": "item/brush/brush_walik_1"
        },
        "threshold": 0.25
      },
      {
        "model": {
          "type": "minecraft:model",
          "model": "item/brush/brush_walik"
        },
        "threshold": 0.5
      },
      {
        "model": {
          "type": "minecraft:model",
          "model": "item/brush/brush_walik_1"
        },
        "threshold": 0.75
      }
    ],
    "fallback": {
      "type": "minecraft:model",
      "model": "item/brush/brush_walik"
    },
    "period": 10.0,
    "property": "minecraft:use_cycle",
    "scale": 0.1
  }
}