{
	"credit": "Made with Blockbench",
	"texture_size": [64, 64],
	"textures": {
		"0": "./tv_old_medium",
		"particle": "./tv_old_medium"
	},
	"elements": [
		{
			"from": [0, 0, 1],
			"to": [16, 15, 7],
			"rotation": {"angle": 0, "axis": "y", "origin": [9, 8, 9]},
			"faces": {
				"north": {"uv": [0, 0, 4, 3.75], "texture": "#0"},
				"east": {"uv": [5.5, 0, 4, 3.75], "texture": "#0"},
				"south": {"uv": [5.25, 0, 5.5, 3.75], "texture": "#0"},
				"west": {"uv": [4, 0, 5.5, 3.75], "texture": "#0"},
				"up": {"uv": [0, 5.25, 4, 3.75], "texture": "#0"},
				"down": {"uv": [4, 3.75, 8, 5.25], "rotation": 180, "texture": "#0"}
			}
		},
		{
			"from": [1, 0, 7],
			"to": [15, 14, 15],
			"rotation": {"angle": 0, "axis": "y", "origin": [9, 8, 9]},
			"faces": {
				"east": {"uv": [7.5, 0.25, 5.5, 3.75], "texture": "#0"},
				"south": {"uv": [7.5, 0.25, 11, 3.75], "texture": "#0"},
				"west": {"uv": [5.5, 0.25, 7.5, 3.75], "texture": "#0"},
				"up": {"uv": [0.25, 5.25, 3.75, 7.25], "texture": "#0"},
				"down": {"uv": [4.25, 5.25, 7.75, 7.25], "rotation": 180, "texture": "#0"}
			}
		}
	],
	"display": {
		"thirdperson_righthand": {
			"rotation": [75, 0, -1.5],
			"translation": [-6, 4.5, 3.25]
		},
		"thirdperson_lefthand": {
			"rotation": [75, 0, -1.5],
			"translation": [-6, 4.5, 3.25]
		},
		"firstperson_righthand": {
			"rotation": [0, 4, 0],
			"translation": [7.5, -2.75, -3.25]
		},
		"firstperson_lefthand": {
			"rotation": [0, 4, 0],
			"translation": [7.5, -2.75, -3.25]
		},
		"ground": {
			"translation": [0, 5.5, 0]
		},
		"gui": {
			"rotation": [35, 135, 0],
			"translation": [0.25, 0.5, 0],
			"scale": [0.65, 0.65, 0.65]
		},
		"head": {
			"translation": [0, 6, 0],
			"scale": [1.66, 1.66, 1.66]
		},
		"fixed": {
			"rotation": [-90, 0, 0],
			"translation": [0, 0, -14],
			"scale": [2, 2, 2]
		}
	}
}