{
	"credit": "Made with Blockbench",
	"texture_size": [64, 64],
	"textures": {
		"0": "./tv_old_small",
		"particle": "./tv_old_small"
	},
	"elements": [
		{
			"from": [2, 0, 2],
			"to": [14, 10, 12],
			"rotation": {"angle": 0, "axis": "y", "origin": [9, 8, 9]},
			"faces": {
				"north": {"uv": [0, 0, 3, 2.5], "texture": "#0"},
				"east": {"uv": [5.5, 0, 3, 2.5], "texture": "#0"},
				"south": {"uv": [5.5, 0, 8.5, 2.5], "texture": "#0"},
				"west": {"uv": [3, 0, 5.5, 2.5], "texture": "#0"},
				"up": {"uv": [0, 2.5, 3, 5], "texture": "#0"},
				"down": {"uv": [3, 2.5, 6, 5], "rotation": 180, "texture": "#0"}
			}
		},
		{
			"from": [2, 10, 7],
			"to": [14, 16, 7],
			"rotation": {"angle": 0, "axis": "y", "origin": [9, 8, 9]},
			"faces": {
				"north": {"uv": [0, 5, 3, 6.5], "texture": "#0"},
				"east": {"uv": [5.5, 0, 3, 2.5], "texture": "#0"},
				"south": {"uv": [3, 5, 0, 6.5], "texture": "#0"},
				"west": {"uv": [3, 0, 5.5, 2.5], "texture": "#0"},
				"up": {"uv": [0, 2.5, 3, 5], "texture": "#0"},
				"down": {"uv": [3, 2.5, 6, 5], "rotation": 180, "texture": "#0"}
			}
		},
		{
			"from": [3, 2, 12],
			"to": [13, 9, 14],
			"rotation": {"angle": 0, "axis": "y", "origin": [9, 8, 9]},
			"faces": {
				"east": {"uv": [9, 0.25, 8.5, 2], "texture": "#0"},
				"south": {"uv": [5.75, 0.25, 8.25, 2], "texture": "#0"},
				"west": {"uv": [8.5, 0.25, 9, 2], "texture": "#0"},
				"up": {"uv": [5.75, 2.5, 8.25, 3], "texture": "#0"},
				"down": {"uv": [5.75, 3, 8.25, 3.5], "rotation": 180, "texture": "#0"}
			}
		}
	],
	"display": {
		"thirdperson_righthand": {
			"rotation": [75, 0, -1.5],
			"translation": [-6, 4.5, 3.25]
		},
		"thirdperson_lefthand": {
			"rotation": [75, 0, -1.5],
			"translation": [-6, 4.5, 3.25]
		},
		"firstperson_righthand": {
			"rotation": [0, 4, 0],
			"translation": [7.5, -2.75, -3.25]
		},
		"firstperson_lefthand": {
			"rotation": [0, 4, 0],
			"translation": [7.5, -2.75, -3.25]
		},
		"ground": {
			"translation": [0, 5.5, 0]
		},
		"gui": {
			"rotation": [35, 135, 0],
			"translation": [0.25, 0.5, 0],
			"scale": [0.65, 0.65, 0.65]
		},
		"head": {
			"translation": [0, 6, 0],
			"scale": [1.66, 1.66, 1.66]
		},
		"fixed": {
			"rotation": [-90, 0, 0],
			"translation": [0, 0, -14],
			"scale": [2, 2, 2]
		}
	}
}