{
	"credit": "Made with Blockbench",
	"texture_size": [64, 64],
	"textures": {
		"1": "./box"
	},
	"elements": [
		{
			"from": [4, 0, 0],
			"to": [13, 7, 12],
			"faces": {
				"north": {"uv": [0, 6, 2.25, 7.75], "texture": "#1"},
				"east": {"uv": [4.5, 0, 7.5, 1.75], "texture": "#1"},
				"south": {"uv": [2.25, 6, 4.5, 7.75], "texture": "#1"},
				"west": {"uv": [4.5, 1.75, 7.5, 3.5], "texture": "#1"},
				"up": {"uv": [2.25, 3, 0, 0], "texture": "#1"},
				"down": {"uv": [4.5, 0, 2.25, 3], "texture": "#1"}
			}
		},
		{
			"from": [4, 7, 0],
			"to": [13, 0, 12],
			"faces": {
				"north": {"uv": [4.5, 7, 6.75, 8.75], "texture": "#1"},
				"east": {"uv": [4.5, 3.5, 7.5, 5.25], "texture": "#1"},
				"south": {"uv": [6.75, 7, 9, 8.75], "texture": "#1"},
				"west": {"uv": [4.5, 5.25, 7.5, 7], "texture": "#1"},
				"up": {"uv": [2.25, 6, 0, 3], "texture": "#1"},
				"down": {"uv": [3, 7.75, 0, 11.75], "texture": "#1"}
			}
		},
		{
			"from": [13, 7, 0],
			"to": [13, 11.5, 12],
			"rotation": {"angle": -45, "axis": "z", "origin": [13, 7, 0]},
			"faces": {
				"north": {"uv": [0, 0, 0, 1.25], "texture": "#1"},
				"east": {"uv": [7.5, 0, 10.5, 1.25], "texture": "#1"},
				"south": {"uv": [0, 0, 0, 1.25], "texture": "#1"},
				"west": {"uv": [7.5, 1.25, 10.5, 2.5], "texture": "#1"},
				"up": {"uv": [0, 3, 0, 0], "texture": "#1"},
				"down": {"uv": [0, 0, 0, 3], "texture": "#1"}
			}
		}
	],
	"display": {
		"thirdperson_righthand": {
			"rotation": [75, 45, 0],
			"translation": [0, 2.5, 0],
			"scale": [0.375, 0.375, 0.375]
		},
		"thirdperson_lefthand": {
			"rotation": [75, 45, 0],
			"translation": [0, 2.5, 0],
			"scale": [0.375, 0.375, 0.375]
		},
		"firstperson_righthand": {
			"rotation": [-5.54, 26.98, 12.08],
			"translation": [0, 7.75, 0]
		},
		"firstperson_lefthand": {
			"rotation": [11, -139, 12.08],
			"translation": [-1.25, 7.75, -2.25]
		},
		"ground": {
			"translation": [0, 1.25, 0],
			"scale": [0.55859, 0.55859, 0.55859]
		},
		"gui": {
			"rotation": [-152, 53.25, -180],
			"translation": [2.5, 2, 0],
			"scale": [0.88281, 0.88281, 0.88281]
		},
		"head": {
			"rotation": [-90, 90, 0],
			"translation": [4.25, 3.75, -9.5],
			"scale": [2.09, 2.09, 2.09]
		},
		"fixed": {
			"rotation": [-90, -18.25, 0],
			"translation": [0.25, 5.5, -19.5],
			"scale": [2.67188, 2.67188, 2.67188]
		}
	}
}